information_policy,device,threads,seed,reference_method,comparison_method,all_case_denominator,both_completed_scored,other_or_missing_count,median_time_ratio_completed_pairs_only,descriptive_only_no_IID_CI_or_grand_winner,median_matched_macro_f1_difference_completed_pairs_only,median_matched_membership_micro_f1_difference_completed_pairs_only,median_at_least_two_correct_recall_difference_completed_pairs_only,median_small_group_mean_matched_f1_difference_completed_pairs_only,median_onmi_difference_completed_pairs_only,median_pred_node_coverage_difference_completed_pairs_only
graph_only_native_K,cpu,1,73,bigclam_native,ego_karateclub,24,12,12,0.016051231767961888,True,0.10541678503414553,0.10680766491030602,-0.475,0.0,0.12635003858758148,0.04200000000000004
graph_only_native_K,cpu,1,73,bigclam_native,ego_karateclub_loopless_fix,24,12,12,0.028711626108370934,True,-0.8200164697804504,-0.5756660356469808,-0.2475,-0.12766572437090895,-0.7070322995027638,0.04200000000000004
graph_only_native_K,cpu,1,73,bigclam_native,ego_sknetwork_fixed,24,12,12,0.18676802175438056,True,-0.8188341368417317,-0.5619554659067396,-0.21499999999999997,-0.08610693100390754,-0.7068980949368902,0.04200000000000004
graph_only_native_K,cpu,1,73,bigclam_native,highway_native,24,12,12,0.00939254572115501,True,-0.27775611903718256,-0.4215722903887409,-0.4475,-0.19648499591390872,-0.3457938141735458,0.04200000000000004
graph_only_native_K,cpu,1,73,bigclam_native,highway_python,24,12,12,0.019975692175999746,True,-0.2819412930984534,-0.33415132848734574,-0.26499999999999996,-0.2712545355482599,-0.46392020106631515,0.04200000000000004
graph_only_native_K,cpu,1,73,bigclam_native,slpa_cdlib,24,12,12,0.03549367605337051,True,-0.016225068431835327,-0.018645696222625865,-0.00875,0.0,0.044042440203807265,0.04200000000000004
graph_only_native_K,cpu,1,73,ego_karateclub,ego_karateclub_loopless_fix,24,24,0,2.077233332834088,True,-0.6737280123096093,-0.5271478113538005,0.222,0.11965930485850501,-0.503299382420448,0.0
graph_only_native_K,cpu,1,73,ego_karateclub,ego_sknetwork_fixed,24,24,0,7.6960499698325275,True,-0.6725624803279493,-0.5267347866554004,0.23099999999999998,0.11887970141347781,-0.5007031267501635,0.0
graph_only_native_K,cpu,1,73,ego_karateclub,highway_native,24,24,0,0.4592872450748571,True,-0.23098520156341326,-0.34190258077674474,0.010499999999999999,-0.022870473410514392,-0.27260808353735977,0.0
graph_only_native_K,cpu,1,73,ego_karateclub,highway_python,24,24,0,1.1124424034662797,True,-0.27050738545232966,-0.3238449747567071,0.054000000000000006,-0.03133043564002076,-0.30714053335850433,0.0
graph_only_native_K,cpu,1,73,ego_karateclub,slpa_cdlib,24,24,0,2.6197112109465897,True,-0.007334309584942522,0.0976530788621599,0.403,0.5330041985326441,0.1193774381840208,0.0
graph_only_native_K,cpu,1,73,ego_karateclub_loopless_fix,ego_sknetwork_fixed,24,24,0,3.5064355580568716,True,1.8670224661577247e-05,0.00030712966365834676,0.008999999999999994,0.0,0.0002421398291908329,0.0
graph_only_native_K,cpu,1,73,ego_karateclub_loopless_fix,highway_native,24,24,0,0.21420911598712317,True,0.36162429689954695,0.0872976658881692,-0.2185,-0.31979938209675857,0.11348571760805103,0.0
graph_only_native_K,cpu,1,73,ego_karateclub_loopless_fix,highway_python,24,24,0,0.5149460514017239,True,0.36687242270822906,0.20200569233124466,-0.09175,-0.3282593443262649,0.038868670033615896,0.0
graph_only_native_K,cpu,1,73,ego_karateclub_loopless_fix,slpa_cdlib,24,24,0,1.2368792419632482,True,0.5344424162243062,0.6389272551038879,0.16499999999999998,0.35942921255544924,0.6120880628994985,0.0
graph_only_native_K,cpu,1,73,ego_sknetwork_fixed,highway_native,24,24,0,0.05623816654592469,True,0.36162429689954695,0.08764628233696961,-0.22749999999999998,-0.30918481622958643,0.11250861300634835,0.0
graph_only_native_K,cpu,1,73,ego_sknetwork_fixed,highway_python,24,24,0,0.16521691004027922,True,0.3668745538146562,0.19485372525012074,-0.09825,-0.3176447784590928,0.03897584542282927,0.0
graph_only_native_K,cpu,1,73,ego_sknetwork_fixed,slpa_cdlib,24,24,0,0.4323231598943786,True,0.534001246452162,0.6394270583595004,0.13599999999999995,0.3512420573801623,0.6096434790031664,0.0
graph_only_native_K,cpu,1,73,highway_native,highway_python,24,24,0,2.4521818523501273,True,-0.04289554774478832,0.02529075086768623,0.029,-0.02575138671569409,-0.026406388349298402,0.0
graph_only_native_K,cpu,1,73,highway_native,slpa_cdlib,24,24,0,5.938004350831486,True,0.2024911678409176,0.5234721249075551,0.39325,0.7167753759995544,0.4347947506143849,0.0
graph_only_native_K,cpu,1,73,highway_python,slpa_cdlib,24,24,0,2.3505999086639195,True,0.25600932615896943,0.4410786249772524,0.2607499999999999,0.719257898371507,0.5129848891185103,0.0
oracle_K,cpu,1,73,bigclam_oracleK,nocd_graph_oracleK,24,24,0,4.703417021603871,True,-0.2350127678635312,-0.19481947986006054,-0.1895,-0.33819088298078037,-0.2645371515573509,0.0
