F1,attempt_count,case_id,certificate_status,covered,diffusion_sum_seconds,failure_class,gap,generation_seed,hull_best_F1,implementation_version,imports_seconds,input_load_seconds,j_act,j_star,last_checkpoint_stage,max_sampled_process_group_rss_bytes,method_hot_wall_seconds,method_status,n,numba_compile_or_cache_seconds,offline_evaluation_seconds,output_size,output_volume,parent_process_wall_seconds,pipeline_internal_seconds,prepared_cut_assembly_seconds,prepared_cut_native_subprocess_seconds,prepared_cut_objective_validation_seconds,prepared_topology_seconds,progress_io_seconds,query_id,raw_directory,raw_method_serialization_seconds,region_outside_truth_volume_ratio,region_volume,rho_hat,runtime_censored,seed,source_verification_seconds,status,target_size,target_size_outlier,target_volume,time_l_max_resident_set_size_bytes,touched_over_output_volume,touched_volume,toy_pipeline_warmup_seconds,worker_to_result_seconds
1.0,1,lfr_scale_n10000_s202610061,EXACT_HULL_WITH_OUTWARD_ROUNDED_LB_INTERVAL,True,0.03548774868249893,,0.016732913888634793,202610061,0.5232558139534884,M6_prepared_exact_cut_v001,0.1512003750540316,0.007097874768078327,4,11,result_written,166363136,15.899589166045189,completed,10000,0.06556970765814185,0.001998334191739559,180,3561,17.287592333741486,15.898827999830246,0.6769130732864141,10.274398425593972,2.0965103432536125,0.035467749927192926,0.011813335586339235,lfr_scale_n10000_s202610061_q00,results/m6_prepared/queries/lfr_scale_n10000_s202610061_q00/attempt_000,0.023058874998241663,12.627351867452962,48527.0,1.0,False,2096,0.037692209240049124,completed,180,False,3561,175865856,13.627351867452962,48527.0,0.009339415933936834,16.251356417313218
1.0,1,lfr_scale_n10000_s202610061,EXACT_HULL_WITH_OUTWARD_ROUNDED_LB_INTERVAL,True,0.043882583267986774,,2.2335071347967528e-07,202610061,1.0,M6_prepared_exact_cut_v001,0.15088587487116456,0.0037391246296465397,2,8,result_written,178077696,26.854882375337183,completed,10000,0.06506295688450336,0.001986874733120203,180,3561,27.50103566655889,26.854104958940297,1.193207788746804,18.608005293179303,3.0219017062336206,0.07203679112717509,0.013289666268974543,lfr_scale_n10000_s202610061_q01,results/m6_prepared/queries/lfr_scale_n10000_s202610061_q01/attempt_000,0.03433300042524934,23.926144341477112,88762.0,0.9827586206896551,False,9944,0.037678792141377926,completed,180,False,3561,207749120,24.926144341477112,88762.0,0.008950708899646997,27.208649583160877
1.0,1,lfr_scale_n10000_s202610061,EXACT_HULL_WITH_OUTWARD_ROUNDED_LB_INTERVAL,True,0.040257830172777176,,0.016210022168378524,202610061,0.3219645293315143,M6_prepared_exact_cut_v001,0.15242541581392288,0.004916540812700987,3,11,result_written,161333248,15.491217915900052,completed,10000,0.06592966616153717,0.0015641250647604465,118,2373,16.27153970906511,15.490537583827972,0.7074633799493313,10.153092661872506,1.9820702159777284,0.05252508306875825,0.012334126979112625,lfr_scale_n10000_s202610061_q02,results/m6_prepared/queries/lfr_scale_n10000_s202610061_q02/attempt_000,0.024615165777504444,27.156763590391908,66816.0,1.0,False,3890,0.038518209010362625,completed,118,False,2373,176472064,28.156763590391908,66816.0,0.008897374849766493,15.850787207949907
1.0,1,lfr_scale_n10000_s202610061,EXACT_HULL_WITH_OUTWARD_ROUNDED_LB_INTERVAL,True,0.058093125000596046,,0.039840634133260666,202610061,0.10870566559189314,M6_prepared_exact_cut_v001,0.1470339996740222,0.005465833004564047,2,10,result_written,204816384,21.148971165996045,completed,10000,0.06510908342897892,0.002015708014369011,118,2373,22.368370958138257,21.148415874689817,0.9320122501812875,15.265119126997888,2.06209325324744,0.11027808301150799,0.015231501776725054,lfr_scale_n10000_s202610061_q03,results/m6_prepared/queries/lfr_scale_n10000_s202610061_q03/attempt_000,0.030747832730412483,50.93931731984829,123252.0,1.0,False,8128,0.03849133290350437,completed,118,False,2373,214089728,51.93931731984829,123252.0,0.009185915812849998,21.510846083052456
1.0,1,lfr_scale_n10000_s202610061,EXACT_HULL_WITH_OUTWARD_ROUNDED_LB_INTERVAL,True,0.041320249903947115,,0.004144262179423264,202610061,0.36149732620320857,M6_prepared_exact_cut_v001,0.15250762505456805,0.003739417064934969,2,9,result_written,169132032,23.546852916944772,completed,10000,0.0626463326625526,0.0018141251057386398,169,3433,24.44068849971518,23.54606929095462,1.0843711304478347,15.856891996227205,2.8491846309043467,0.05597858363762498,0.012686457950621843,lfr_scale_n10000_s202610061_q04,results/m6_prepared/queries/lfr_scale_n10000_s202610061_q04/attempt_000,0.035462833009660244,19.316050101951646,69745.0,0.9947368421052631,False,8949,0.03958287509158254,completed,169,False,3433,182681600,20.316050101951646,69745.0,0.008812999818474054,23.90473874984309
1.0,1,lfr_scale_n10000_s202610061,EXACT_HULL_WITH_OUTWARD_ROUNDED_LB_INTERVAL,True,0.042318043764680624,,0.025529012005512997,202610061,0.2634450506625097,M6_prepared_exact_cut_v001,0.1522701671347022,0.004738540854305029,2,10,result_written,183549952,23.05808487534523,completed,10000,0.06419362500309944,0.0019332077354192734,169,3433,24.444303709082305,23.05731587484479,1.1110803321935236,15.515074291732162,2.7712942510843277,0.06029679113999009,0.012326000723987818,lfr_scale_n10000_s202610061_q05,results/m6_prepared/queries/lfr_scale_n10000_s202610061_q05/attempt_000,0.0367184579372406,20.297116224876202,73113.0,1.0,False,7365,0.038453790824860334,completed,169,False,3433,192774144,21.297116224876202,73113.0,0.008934041950851679,23.432440083939582
0.03571428571428571,1,lfr_scale_n10000_s202610061,EXACT_HULL_WITH_OUTWARD_ROUNDED_LB_INTERVAL,False,0.00032591773197054863,H1,1.1102230246251565e-16,202610061,0.03571428571428571,M6_prepared_exact_cut_v001,0.1484934170730412,0.007360874675214291,2,2,result_written,1507328,0.02109466725960374,completed,10000,0.06648924993351102,0.0011609997600317001,4,32,1.0231821252964437,0.021012499928474426,8.541624993085861e-05,0.016709917690604925,0.0006658313795924187,5.245814099907875e-05,0.0038476232439279556,lfr_scale_n10000_s202610061_q06,results/m6_prepared/queries/lfr_scale_n10000_s202610061_q06/attempt_000,0.00046950019896030426,0.003480682213713888,43.0,0.005952380952380952,False,1341,0.038464415818452835,completed,164,False,2873,131399680,7.6875,246.0,0.009117291774600744,0.3410574998706579
1.0,1,lfr_scale_n10000_s202610061,EXACT_HULL_WITH_OUTWARD_ROUNDED_LB_INTERVAL,True,0.03985999757423997,,0.005354272512818503,202610061,0.3961352657004831,M6_prepared_exact_cut_v001,0.15046983305364847,0.009866875130683184,2,9,result_written,165330944,22.54072295781225,completed,10000,0.06504000024870038,0.0016591660678386688,164,2873,23.440980582963675,22.54003104241565,0.9850377375259995,15.122805422637612,2.734961785841733,0.050756999757140875,0.011311706155538559,lfr_scale_n10000_s202610061_q07,results/m6_prepared/queries/lfr_scale_n10000_s202610061_q07/attempt_000,0.0324364579282701,21.197354681517577,63773.0,1.0,False,8866,0.03867704188451171,completed,164,False,2873,194920448,22.197354681517577,63773.0,0.009223666973412037,22.906943208072335
0.0547945205479452,1,lfr_scale_n10000_s202610061,EXACT_HULL_WITH_OUTWARD_ROUNDED_LB_INTERVAL,False,0.0005304990336298943,H1,1.1102230246251565e-16,202610061,0.0547945205479452,M6_prepared_exact_cut_v001,0.15196116734296083,0.003920749761164188,2,3,result_written,1343488,0.028517500031739473,completed,10000,0.06476145843043923,0.0010696668177843094,4,39,1.0225775418803096,0.028438459150493145,0.00015062326565384865,0.022329583764076233,0.001085666473954916,0.00011929171159863472,0.004215918481349945,lfr_scale_n10000_s202610061_q08,results/m6_prepared/queries/lfr_scale_n10000_s202610061_q08/attempt_000,0.00043566711246967316,0.01662156938538848,171.0,0.005681818181818182,False,2865,0.0379527909681201,completed,142,False,2587,130957312,13.820512820512821,539.0,0.008702791295945644,0.34571066685020924
0.041379310344827586,1,lfr_scale_n10000_s202610061,EXACT_HULL_WITH_OUTWARD_ROUNDED_LB_INTERVAL,False,0.00040391506627202034,H1,1.1102230246251565e-16,202610061,0.041379310344827586,M6_prepared_exact_cut_v001,0.14512629201635718,0.005007625091820955,2,3,result_written,1507328,0.022211000323295593,completed,10000,0.06359741743654013,0.0011591669172048569,3,27,1.0232004998251796,0.022111833095550537,0.00011162692680954933,0.016776748467236757,0.0008153337985277176,7.308414205908775e-05,0.004176585469394922,lfr_scale_n10000_s202610061_q09,results/m6_prepared/queries/lfr_scale_n10000_s202610061_q09/attempt_000,0.0005811671726405621,0.007344414379590259,77.0,0.005405405405405406,False,86,0.038272458128631115,completed,142,False,2587,131661824,14.62962962962963,395.0,0.008585542440414429,0.3324734577909112
1.0,1,lfr_scale_n10000_s202610061,EXACT_HULL_WITH_OUTWARD_ROUNDED_LB_INTERVAL,True,0.057967083528637886,,0.03306518156207627,202610061,0.14285714285714285,M6_prepared_exact_cut_v001,0.14483916712924838,0.004616457968950272,2,10,result_written,197607424,20.722576207946986,completed,10000,0.06748854229226708,0.0023395419120788574,115,2154,21.4097095830366,20.721904458012432,0.9293701606802642,14.790530876722187,2.099299213849008,0.10976408328860998,0.014409709256142378,lfr_scale_n10000_s202610061_q10,results/m6_prepared/queries/lfr_scale_n10000_s202610061_q10/attempt_000,0.030345709063112736,56.488393686165274,123830.0,1.0,False,8122,0.0383045831695199,completed,115,False,2154,192036864,57.488393686165274,123830.0,0.009009709116071463,21.074142333120108
0.03333333333333333,1,lfr_scale_n10000_s202610061,EXACT_HULL_WITH_OUTWARD_ROUNDED_LB_INTERVAL,False,0.0004077926278114319,H1,1.1102230246251565e-16,202610061,0.03333333333333333,M6_prepared_exact_cut_v001,0.22950554080307484,0.005363999865949154,2,2,result_written,1441792,0.02535754209384322,completed,10000,0.08152545895427465,0.0009942497126758099,5,50,1.021654583979398,0.025279541965574026,0.00012754229828715324,0.020439125131815672,0.00097987474873662,6.562471389770508e-05,0.003518499433994293,lfr_scale_n10000_s202610061_q11,results/m6_prepared/queries/lfr_scale_n10000_s202610061_q11/attempt_000,0.0004875408485531807,0.012999071494893221,69.0,0.007462686567164179,False,4920,0.03926012525334954,completed,115,False,2154,131416064,9.58,479.0,0.009170709177851677,0.45406254241243005
0.024844720496894408,1,lfr_scale_n10000_s202610062,EXACT_HULL_WITH_OUTWARD_ROUNDED_LB_INTERVAL,False,0.0042500002309679985,H1,1.1102230246251565e-16,202610062,0.024844720496894408,M6_prepared_exact_cut_v001,0.14452233305200934,0.00713120773434639,2,2,result_written,1441792,0.02955074980854988,completed,10000,0.06351391598582268,0.0014120410196483135,3,26,1.0167823336087167,0.029461707919836044,0.00012154458090662956,0.02057366631925106,0.0009136232547461987,6.858306005597115e-05,0.0035771671682596207,lfr_scale_n10000_s202610062_q00,results/m6_prepared/queries/lfr_scale_n10000_s202610062_q00/attempt_000,0.00047770794481039047,0.007662835249042145,76.0,0.008695652173913044,False,2036,0.03810441680252552,completed,158,False,3132,131891200,11.0,286.0,0.008812915999442339,0.340376874897629
1.0,1,lfr_scale_n10000_s202610062,EXACT_HULL_WITH_OUTWARD_ROUNDED_LB_INTERVAL,True,0.05363862495869398,,0.006016698401489329,202610062,0.21467391304347827,M6_prepared_exact_cut_v001,0.1453660000115633,0.005060874857008457,2,8,result_written,212500480,33.14191387500614,completed,10000,0.06526287505403161,0.00203737523406744,158,3132,34.611791249830276,33.14118424989283,1.4000762132927775,23.200525875668973,3.6503115873783827,0.08923825016245246,0.0136130815371871,lfr_scale_n10000_s202610062_q01,results/m6_prepared/queries/lfr_scale_n10000_s202610062_q01/attempt_000,0.04450079193338752,31.468710089399746,101692.0,1.0,False,9991,0.04192895907908678,completed,158,False,3132,227885056,32.46871008939974,101692.0,0.009495791979134083,33.507003457751125
0.02702702702702703,1,lfr_scale_n10000_s202610062,EXACT_HULL_WITH_OUTWARD_ROUNDED_LB_INTERVAL,False,0.000327541958540678,H1,1.1102230246251565e-16,202610062,0.02702702702702703,M6_prepared_exact_cut_v001,0.15198775008320808,0.004663083236664534,2,2,result_written,1441792,0.02481437474489212,completed,10000,0.06372408336028457,0.0011064168065786362,4,35,1.0199805838055909,0.024735416285693645,0.00012532994151115417,0.019333707634359598,0.0009061684831976891,6.241677328944206e-05,0.004380793310701847,lfr_scale_n10000_s202610062_q02,results/m6_prepared/queries/lfr_scale_n10000_s202610062_q02/attempt_000,0.0004924158565700054,0.006371963361210673,63.0,0.007352941176470588,False,3270,0.04195924988016486,completed,144,False,2511,131710976,8.914285714285715,312.0,0.008813709020614624,0.3476513330824673
1.0,1,lfr_scale_n10000_s202610062,EXACT_HULL_WITH_OUTWARD_ROUNDED_LB_INTERVAL,True,0.04970408650115132,,0.01910095400944517,202610062,0.19658703071672354,M6_prepared_exact_cut_v001,0.14480079105123878,0.004363249987363815,2,10,result_written,187875328,28.909912709146738,completed,10000,0.0634155422449112,0.0019019171595573425,144,2511,29.52870550006628,28.90927950013429,1.334570919163525,20.155941875185817,3.1992206247523427,0.08067766577005386,0.013780456967651844,lfr_scale_n10000_s202610062_q03,results/m6_prepared/queries/lfr_scale_n10000_s202610062_q03/attempt_000,0.039400709327310324,36.31023496614895,93686.0,1.0,False,7684,0.04247179161757231,completed,144,False,2511,216055808,37.31023496614895,93686.0,0.009111375082284212,29.26512404065579
1.0,1,lfr_scale_n10000_s202610062,EXACT_HULL_WITH_OUTWARD_ROUNDED_LB_INTERVAL,True,0.034602126106619835,,0.0013347918691488658,202610062,1.0,M6_prepared_exact_cut_v001,0.1535320831462741,0.003915541339665651,2,9,result_written,156483584,18.43978629121557,completed,10000,0.06631229259073734,0.0015881662257015705,168,3001,19.335964625235647,18.439072499983013,0.8000232968479395,12.142687786836177,2.323022256605327,0.04060704167932272,0.012432040646672249,lfr_scale_n10000_s202610062_q04,results/m6_prepared/queries/lfr_scale_n10000_s202610062_q04/attempt_000,0.027074499987065792,16.09430189936688,51300.0,0.9514563106796117,False,8578,0.03840999957174063,completed,168,False,3001,170196992,17.09430189936688,51300.0,0.008760666940361261,18.792032041121274
0.045714285714285714,1,lfr_scale_n10000_s202610062,EXACT_HULL_WITH_OUTWARD_ROUNDED_LB_INTERVAL,False,0.0004588342271745205,H1,1.1102230246251565e-16,202610062,0.045714285714285714,M6_prepared_exact_cut_v001,0.15155649976804852,0.005533291958272457,2,2,result_written,1441792,0.03370408387854695,completed,10000,0.06416554050520062,0.001214916817843914,7,77,1.0232469588518143,0.03361449996009469,0.0002392912283539772,0.026900209486484528,0.0014784596860408783,0.000124999787658453,0.003883165307343006,lfr_scale_n10000_s202610062_q05,results/m6_prepared/queries/lfr_scale_n10000_s202610062_q05/attempt_000,0.00044462503865361214,0.015661446184605132,157.0,0.00684931506849315,False,6748,0.03872720804065466,completed,168,False,3001,130973696,7.025974025974026,541.0,0.009079624898731709,0.35777420783415437
1.0,1,lfr_scale_n10000_s202610062,EXACT_HULL_WITH_OUTWARD_ROUNDED_LB_INTERVAL,True,0.03521229466423392,,0.017887226781840126,202610062,0.42752562225475843,M6_prepared_exact_cut_v001,0.14616112457588315,0.0053038750775158405,2,11,result_written,155107328,16.53976595774293,completed,10000,0.06638350104913116,0.0017579169943928719,146,2851,17.30322187487036,16.539088875055313,0.7406560815870762,10.738263424485922,2.1373906624503434,0.03909920807927847,0.012948041316121817,lfr_scale_n10000_s202610062_q06,results/m6_prepared/queries/lfr_scale_n10000_s202610062_q06/attempt_000,0.026833709329366684,16.207646439845668,49059.0,1.0,False,1469,0.03848804207518697,completed,146,False,2851,178372608,17.207646439845668,49059.0,0.009155042003840208,16.895698999986053
1.0,1,lfr_scale_n10000_s202610062,EXACT_HULL_WITH_OUTWARD_ROUNDED_LB_INTERVAL,True,0.042934334836900234,,0.012427837907399486,202610062,0.3022774327122153,M6_prepared_exact_cut_v001,0.1553387502208352,0.0044327909126877785,2,9,result_written,168853504,23.606604541186243,completed,10000,0.06573383323848248,0.001711999997496605,146,2851,24.45911741675809,23.605905042029917,1.099287509918213,15.880330205895007,2.867273176088929,0.05693720793351531,0.012602918315678835,lfr_scale_n10000_s202610062_q07,results/m6_prepared/queries/lfr_scale_n10000_s202610062_q07/attempt_000,0.033887541852891445,23.448614521220623,69703.0,1.0,False,8970,0.039221791084855795,completed,146,False,2851,195231744,24.448614521220623,69703.0,0.009125083219259977,23.971425083000213
0.03592814371257485,1,lfr_scale_n10000_s202610062,EXACT_HULL_WITH_OUTWARD_ROUNDED_LB_INTERVAL,False,0.0004889583215117455,H1,1.1102230246251565e-16,202610062,0.03592814371257485,M6_prepared_exact_cut_v001,0.14892654214054346,0.003951792139559984,2,3,result_written,1507328,0.026556541677564383,completed,10000,0.06512704212218523,0.00115537503734231,4,43,1.0210319166071713,0.026484583038836718,0.0001267930492758751,0.020463206339627504,0.000992167741060257,8.204160258173943e-05,0.004476832691580057,lfr_scale_n10000_s202610062_q08,results/m6_prepared/queries/lfr_scale_n10000_s202610062_q08/attempt_000,0.00044445786625146866,0.010228435049437436,78.0,0.006493506493506494,False,2500,0.03858587518334389,completed,163,False,2933,132448256,12.86046511627907,553.0,0.008632750250399113,0.34512941632419825
0.024242424242424242,1,lfr_scale_n10000_s202610062,EXACT_HULL_WITH_OUTWARD_ROUNDED_LB_INTERVAL,False,0.0004352913238108158,H1,1.1102230246251565e-16,202610062,0.024242424242424242,M6_prepared_exact_cut_v001,0.14630808401852846,0.004745542071759701,3,3,result_written,1507328,0.012260167393833399,completed,10000,0.06397399911656976,0.0012806248851120472,2,22,1.0230605830438435,0.012160125188529491,4.045991227030754e-05,0.008106664754450321,0.0003704153932631016,6.450014188885689e-05,0.003916540648788214,lfr_scale_n10000_s202610062_q09,results/m6_prepared/queries/lfr_scale_n10000_s202610062_q09/attempt_000,0.0004471670836210251,0.0,66.0,0.0,False,238,0.03825424984097481,completed,163,False,2933,131334144,21.363636363636363,470.0,0.008770375046879053,0.32904133293777704
1.0,1,lfr_scale_n10000_s202610062,EXACT_HULL_WITH_OUTWARD_ROUNDED_LB_INTERVAL,True,0.033490374218672514,,0.0004459841741006332,202610062,1.0,M6_prepared_exact_cut_v001,0.14723908295854926,0.00499254185706377,2,9,result_written,152518656,17.083740000147372,completed,10000,0.06627183360978961,0.0016672909259796143,125,2484,18.36400662502274,17.08314233319834,0.7150313383899629,10.970720406621695,2.3035901212133467,0.035143166314810514,0.014253916684538126,lfr_scale_n10000_s202610062_q10,results/m6_prepared/queries/lfr_scale_n10000_s202610062_q10/attempt_000,0.027787291910499334,17.193236714975846,45192.0,0.8780487804878049,False,8320,0.0425352081656456,completed,125,False,2484,178536448,18.193236714975846,45192.0,0.008690833114087582,17.43238945910707
0.046875,1,lfr_scale_n10000_s202610062,EXACT_HULL_WITH_OUTWARD_ROUNDED_LB_INTERVAL,False,0.0003497921861708164,H1,1.1102230246251565e-16,202610062,0.046875,M6_prepared_exact_cut_v001,0.15067070815712214,0.0035115419887006283,2,2,result_written,1507328,0.02469095913693309,completed,10000,0.0654882499948144,0.0010745842009782791,3,30,1.0233687087893486,0.024623542092740536,0.00012558186426758766,0.019996168557554483,0.0009677899070084095,8.483324199914932e-05,0.0035141264088451862,lfr_scale_n10000_s202610062_q11,results/m6_prepared/queries/lfr_scale_n10000_s202610062_q11/attempt_000,0.0005067498423159122,0.029790660225442835,104.0,0.007352941176470588,False,4536,0.038918625097721815,completed,125,False,2484,131268608,14.033333333333333,421.0,0.009159457869827747,0.34812583262100816
0.03007518796992481,1,lfr_scale_n10000_s202610063,EXACT_HULL_WITH_OUTWARD_ROUNDED_LB_INTERVAL,False,0.003623167984187603,H1,1.1102230246251565e-16,202610063,0.03007518796992481,M6_prepared_exact_cut_v001,0.14869512477889657,0.006292499601840973,2,2,result_written,2293760,0.019970290828496218,completed,10000,0.06499954126775265,0.0012825829908251762,4,35,1.0157232503406703,0.01989395823329687,6.97895884513855e-05,0.012140293139964342,0.0004967073909938335,5.908403545618057e-05,0.007811001036316156,lfr_scale_n10000_s202610063_q00,results/m6_prepared/queries/lfr_scale_n10000_s202610063_q00/attempt_000,0.0004527079872786999,0.006838294448913918,58.0,0.005319148936170213,False,1970,0.038775583263486624,completed,129,False,2486,131235840,10.428571428571429,365.0,0.009098416194319725,0.34189466666430235
1.0,1,lfr_scale_n10000_s202610063,EXACT_HULL_WITH_OUTWARD_ROUNDED_LB_INTERVAL,True,0.05549087515100837,,0.0015331069110141038,202610063,1.0,M6_prepared_exact_cut_v001,0.15414650039747357,0.00460041593760252,2,8,result_written,211746816,30.087177166715264,completed,10000,0.06504987506195903,0.0017544999718666077,129,2486,31.60382245806977,30.086594458203763,1.400396583136171,21.68866395484656,2.9870583354495466,0.09331850009039044,0.013862167950719595,lfr_scale_n10000_s202610063_q01,results/m6_prepared/queries/lfr_scale_n10000_s202610063_q01/attempt_000,0.03993437485769391,41.40305711987128,105414.0,1.0,False,9996,0.04314979212358594,completed,129,False,2486,222478336,42.40305711987128,105414.0,0.008810834027826786,30.45467416709289
0.024242424242424242,1,lfr_scale_n10000_s202610063,EXACT_HULL_WITH_OUTWARD_ROUNDED_LB_INTERVAL,False,0.000324958935379982,H1,1.1102230246251565e-16,202610063,0.024242424242424242,M6_prepared_exact_cut_v001,0.14947341615334153,0.018029290717095137,2,2,result_written,1867776,0.01705604186281562,completed,10000,0.06391800008714199,0.0012472919188439846,3,27,1.0183784998953342,0.016970832832157612,6.5626110881567e-05,0.012968290131539106,0.0005756262689828873,6.354227662086487e-05,0.0038237464614212513,lfr_scale_n10000_s202610063_q02,results/m6_prepared/queries/lfr_scale_n10000_s202610063_q02/attempt_000,0.0004797503352165222,0.003787878787878788,44.0,0.006211180124223602,False,2604,0.041938625276088715,completed,162,False,2904,132300800,11.296296296296296,305.0,0.008899792097508907,0.35100312530994415
1.0,1,lfr_scale_n10000_s202610063,EXACT_HULL_WITH_OUTWARD_ROUNDED_LB_INTERVAL,True,0.05882066395133734,,0.03862283000007588,202610063,0.0552901023890785,M6_prepared_exact_cut_v001,0.14964208286255598,0.004431667272001505,2,10,result_written,203964416,19.098108666948974,completed,10000,0.11454516602680087,0.0022488338872790337,162,2904,20.375447375234216,19.09738645888865,0.8398727914318442,13.562626086641103,1.9705052487552166,0.11338933277875185,0.01583583327010274,lfr_scale_n10000_s202610063_q03,results/m6_prepared/queries/lfr_scale_n10000_s202610063_q03/attempt_000,0.029178792145103216,42.42734159779614,126113.0,1.0,False,8135,0.041331041138619184,completed,162,False,2904,214728704,43.42734159779614,126113.0,0.009267749730497599,19.498102332931012
1.0,1,lfr_scale_n10000_s202610063,EXACT_HULL_WITH_OUTWARD_ROUNDED_LB_INTERVAL,True,0.03612541779875755,,0.0005202636929921289,202610063,1.0,M6_prepared_exact_cut_v001,0.15659033320844173,0.005732749588787556,2,9,result_written,156188672,19.481472374871373,completed,10000,0.06460929103195667,0.0015997090376913548,141,2569,20.40606545796618,19.48085325025022,0.8419535118155181,12.843343323562294,2.465476665645838,0.039783624932169914,0.011043584439903498,lfr_scale_n10000_s202610063_q04,results/m6_prepared/queries/lfr_scale_n10000_s202610063_q04/attempt_000,0.030337917152792215,18.47216815881666,50024.0,0.7897727272727273,False,8543,0.04053291631862521,completed,141,False,2569,177537024,19.47216815881666,50024.0,0.009875625371932983,19.8575416659005
0.0547945205479452,1,lfr_scale_n10000_s202610063,EXACT_HULL_WITH_OUTWARD_ROUNDED_LB_INTERVAL,False,0.0005492079071700573,H1,1.1102230246251565e-16,202610063,0.0547945205479452,M6_prepared_exact_cut_v001,0.15180279221385717,0.005462083034217358,2,2,result_written,1441792,0.04267745791003108,completed,10000,0.06438170839101076,0.001155083067715168,5,54,1.0236081671901047,0.042582832742482424,0.00027795927599072456,0.034701036754995584,0.0020104190334677696,0.00012595811858773232,0.004100624937564135,lfr_scale_n10000_s202610063_q05,results/m6_prepared/queries/lfr_scale_n10000_s202610063_q05/attempt_000,0.0005194996483623981,0.017905799922148698,168.0,0.00909090909090909,False,7375,0.04018600005656481,completed,141,False,2569,132399104,14.222222222222221,768.0,0.009215665981173515,0.37009662482887506
0.020618556701030927,1,lfr_scale_n10000_s202610063,EXACT_HULL_WITH_OUTWARD_ROUNDED_LB_INTERVAL,False,0.00034291762858629227,H1,1.1102230246251565e-16,202610063,0.020618556701030927,M6_prepared_exact_cut_v001,0.1445685001090169,0.004214124754071236,2,2,result_written,2211840,0.024111292324960232,completed,10000,0.06512241624295712,0.0013671251945197582,3,23,1.024458666332066,0.024025749880820513,0.00011174939572811127,0.018703042063862085,0.00096129160374403,6.89174048602581e-05,0.004363043233752251,lfr_scale_n10000_s202610063_q06,results/m6_prepared/queries/lfr_scale_n10000_s202610063_q06/attempt_000,0.0005194167606532574,0.0018469656992084432,61.0,0.009900990099009901,False,1564,0.03848858317360282,completed,191,False,3790,132972544,12.565217391304348,289.0,0.00929333409294486,0.33585545839741826
1.0,1,lfr_scale_n10000_s202610063,EXACT_HULL_WITH_OUTWARD_ROUNDED_LB_INTERVAL,True,0.044709669426083565,,0.01886351611323095,202610063,0.3019762845849802,M6_prepared_exact_cut_v001,0.14877100009471178,0.0044878749176859856,2,9,result_written,180076544,26.742015457712114,completed,10000,0.06729904189705849,0.002075083088129759,191,3790,27.507638500072062,26.741134082898498,1.223539465572685,18.575511870905757,2.957758427131921,0.07181825023144484,0.013256499078124762,lfr_scale_n10000_s202610063_q07,results/m6_prepared/queries/lfr_scale_n10000_s202610063_q07/attempt_000,0.06183341704308987,21.276253298153033,84427.0,1.0,False,9201,0.038413249887526035,completed,191,False,3790,195805184,22.276253298153033,84427.0,0.008965999819338322,27.123128875158727
0.023809523809523808,1,lfr_scale_n10000_s202610063,EXACT_HULL_WITH_OUTWARD_ROUNDED_LB_INTERVAL,False,0.0003375415690243244,H1,1.1102230246251565e-16,202610063,0.023809523809523808,M6_prepared_exact_cut_v001,0.15028370916843414,0.0044785840436816216,2,2,result_written,1507328,0.007692709099501371,completed,10000,0.06578337494283915,0.001278790645301342,2,19,1.0238706669770181,0.007621959317475557,1.800013706088066e-05,0.004542625043541193,0.00018795765936374664,3.1291041523218155e-05,0.0036062514409422874,lfr_scale_n10000_s202610063_q08,results/m6_prepared/queries/lfr_scale_n10000_s202610063_q08/attempt_000,0.0002933330833911896,0.0,19.0,0.0,False,3078,0.03876012470573187,completed,166,False,3404,132399104,23.789473684210527,452.0,0.008866999763995409,0.3299703332595527
1.0,1,lfr_scale_n10000_s202610063,EXACT_HULL_WITH_OUTWARD_ROUNDED_LB_INTERVAL,True,0.06526508089154959,,0.11313894784511633,202610063,0.051076923076923075,M6_prepared_exact_cut_v001,0.1459224997088313,0.004980249796062708,3,12,result_written,207273984,17.53097516670823,completed,10000,0.06433237483724952,0.0024426253512501717,166,3404,18.3366305003874,17.53022970771417,0.7815176295116544,12.8140529547818,1.595448833424598,0.1283247503452003,0.01737783569842577,lfr_scale_n10000_s202610063_q09,results/m6_prepared/queries/lfr_scale_n10000_s202610063_q09/attempt_000,0.0282384161837399,40.13396004700353,140020.0,1.0,False,262,0.04023033333942294,completed,166,False,3404,207601664,41.13396004700353,140020.0,0.00846841698512435,17.876003792043775
1.0,1,lfr_scale_n10000_s202610063,EXACT_HULL_WITH_OUTWARD_ROUNDED_LB_INTERVAL,True,0.03485075198113918,,0.004323629911233029,202610063,0.684596577017115,M6_prepared_exact_cut_v001,0.14957974990829825,0.0026240418665111065,2,9,result_written,155238400,18.40640029218048,completed,10000,0.06583016598597169,0.0015069167129695415,140,2719,19.368357457686216,18.405784333124757,0.8591903802007437,12.134428617078811,2.318822216708213,0.04111766675487161,0.011148166842758656,lfr_scale_n10000_s202610063_q10,results/m6_prepared/queries/lfr_scale_n10000_s202610063_q10/attempt_000,0.027983542066067457,17.859874954027216,51280.0,1.0,False,8591,0.039303707890212536,completed,140,False,2719,173932544,18.859874954027216,51280.0,0.00874462490901351,18.75334395794198
1.0,1,lfr_scale_n10000_s202610063,EXACT_HULL_WITH_OUTWARD_ROUNDED_LB_INTERVAL,True,0.04522020695731044,,0.01970507550063283,202610063,0.34610630407911,M6_prepared_exact_cut_v001,0.15112495888024569,0.004002958070486784,2,11,result_written,170819584,18.08499054191634,completed,10000,0.0639444999396801,0.0017344579100608826,140,2719,19.38213033322245,18.084307708311826,0.8049191287718713,11.936164332088083,2.294296540785581,0.06568483356386423,0.013401875738054514,lfr_scale_n10000_s202610063_q11,results/m6_prepared/queries/lfr_scale_n10000_s202610063_q11/attempt_000,0.028568833135068417,27.619713129827144,77817.0,1.0,False,4587,0.03880066704005003,completed,140,False,2719,191545344,28.619713129827144,77817.0,0.00872387457638979,18.435754041187465
,1,lfr_scale_n100000_s202610061,,,,,,202610061,,M6_prepared_exact_cut_v001,,,,,certificate_started,1005862912,,,100000,,,,,600.6073567918502,,,,,,,lfr_scale_n100000_s202610061_q00,results/m6_prepared/queries/lfr_scale_n100000_s202610061_q00/attempt_000,,,,,True,26819,,timeout,,,,,,,,
1.0,1,lfr_scale_n100000_s202610061,EXACT_HULL_WITH_OUTWARD_ROUNDED_LB_INTERVAL,True,0.49746112572029233,,5.551115123125783e-17,202610061,1.0,M6_prepared_exact_cut_v001,0.24233258282765746,0.005904457997530699,2,9,result_written,252559360,68.23321758303791,completed,100000,0.08168629091233015,0.01051645865663886,187,3938,69.1634839172475,68.23212475003675,3.169965262990445,36.58414827985689,12.004853559657931,0.07592054223641753,0.05395842017605901,lfr_scale_n100000_s202610061_q01,results/m6_prepared/queries/lfr_scale_n100000_s202610061_q01/attempt_000,0.14439345803111792,25.30980192991366,103608.0,0.7948717948717948,False,99470,0.04098937474191189,completed,187,False,3938,371261440,59.66302691721686,234953.0,0.009026709012687206,68.82231375016272
0.037383177570093455,1,lfr_scale_n100000_s202610061,EXACT_HULL_WITH_OUTWARD_ROUNDED_LB_INTERVAL,False,0.000775583554059267,H1,1.1102230246251565e-16,202610061,0.037383177570093455,M6_prepared_exact_cut_v001,0.15107962489128113,0.004838624969124794,2,2,result_written,1441792,0.016328874975442886,completed,100000,0.06404270930215716,0.0067052086815238,2,17,1.0219881245866418,0.016228874679654837,6.354181095957756e-05,0.012088666670024395,0.0004664575681090355,5.366699770092964e-05,0.0037035406567156315,lfr_scale_n100000_s202610061_q02,results/m6_prepared/queries/lfr_scale_n100000_s202610061_q02/attempt_000,0.00043083401396870613,0.0,55.0,0.0,False,29135,0.039625583216547966,completed,105,False,1965,148357120,26.294117647058822,447.0,0.008819499984383583,0.3456029170192778
0.6461538461538462,1,lfr_scale_n100000_s202610061,EXACT_HULL_WITH_OUTWARD_ROUNDED_LB_INTERVAL,True,0.5635502091608942,H2,2.9112457879676423e-05,202610061,0.6461538461538462,M6_prepared_exact_cut_v001,0.14718162501230836,0.003973542246967554,2,11,result_written,290308096,85.21389241702855,completed,100000,0.06487250002101064,0.009254666045308113,220,4293,86.57066879188642,85.21275916742161,4.582938493229449,48.87902584206313,13.10786574613303,0.08764533279463649,0.06770070921629667,lfr_scale_n100000_s202610061_q03,results/m6_prepared/queries/lfr_scale_n100000_s202610061_q03/attempt_000,0.1854934156872332,57.83256997455471,115606.0,1.0,False,79830,0.039057958871126175,completed,105,False,1965,364068864,66.10691823899371,283797.0,0.008707457687705755,85.7259327499196
0.4784688995215311,1,lfr_scale_n100000_s202610061,EXACT_HULL_WITH_OUTWARD_ROUNDED_LB_INTERVAL,True,0.5968547905795276,H2,0.00018977518969987006,202610061,0.4784688995215311,M6_prepared_exact_cut_v001,0.1544710830785334,0.012626125011593103,2,10,result_written,221855744,33.413425291888416,completed,100000,0.06610658299177885,0.0072634159587323666,318,5569,34.623595166020095,33.411794083192945,1.5842922171577811,19.171487748622894,5.035043449141085,0.04649149999022484,0.07748887222260237,lfr_scale_n100000_s202610061_q04,results/m6_prepared/queries/lfr_scale_n100000_s202610061_q04/attempt_000,0.09497595811262727,32.612144420131294,61443.0,1.0,False,83240,0.039682500064373016,completed,100,False,1828,260472832,59.42000359130903,330910.0,0.008732582908123732,33.872625541873276
1.0,1,lfr_scale_n100000_s202610061,EXACT_HULL_WITH_OUTWARD_ROUNDED_LB_INTERVAL,True,0.7240946660749614,,0.0012138700516967638,202610061,1.0,M6_prepared_exact_cut_v001,0.15126362536102533,0.004338540602475405,2,11,result_written,248053760,46.81118316669017,completed,100000,0.06570854177698493,0.009256292134523392,100,1828,47.84024849999696,46.81015150016174,2.4127492564730346,26.188589837867767,7.297646366525441,0.05879200017079711,0.09754554275423288,lfr_scale_n100000_s202610061_q05,results/m6_prepared/queries/lfr_scale_n100000_s202610061_q05/attempt_000,0.1324507910758257,41.665754923413566,77993.0,1.0,False,70812,0.03904333338141441,completed,100,False,1828,325435392,268.04704595185996,489990.0,0.0094819157384336,47.272982666734606
0.020833333333333332,1,lfr_scale_n100000_s202610061,EXACT_HULL_WITH_OUTWARD_ROUNDED_LB_INTERVAL,False,0.0006398335099220276,H1,1.1102230246251565e-16,202610061,0.020833333333333332,M6_prepared_exact_cut_v001,0.15075508365407586,0.004646209068596363,2,2,result_written,1441792,0.01846620813012123,completed,100000,0.06495891651138663,0.006472125183790922,4,34,1.0222822092473507,0.01835845783352852,8.058175444602966e-05,0.01381149934604764,0.0006027501076459885,5.745887756347656e-05,0.003772956784814596,lfr_scale_n100000_s202610061_q06,results/m6_prepared/queries/lfr_scale_n100000_s202610061_q06/attempt_000,0.00042562512680888176,0.005154639175257732,55.0,0.006993006993006993,False,14030,0.03936604084447026,completed,188,False,3104,146046976,7.9411764705882355,270.0,0.008979124948382378,0.34800112480297685
,2,lfr_scale_n100000_s202610061,,,,,,202610061,,M6_prepared_exact_cut_v001,,,,,certificate_started,777404416,,,100000,,,,,600.5015692077577,,,,,,,lfr_scale_n100000_s202610061_q07,results/m6_prepared/queries/lfr_scale_n100000_s202610061_q07/attempt_001,,,,,True,83785,,timeout,,,,,,,,
,1,lfr_scale_n100000_s202610061,,,,,,202610061,,M6_prepared_exact_cut_v001,,,,,certificate_started,927744000,,,100000,,,,,600.4795848340727,,,,,,,lfr_scale_n100000_s202610061_q08,results/m6_prepared/queries/lfr_scale_n100000_s202610061_q08/attempt_000,,,,,True,31799,,timeout,,,,,,,,
0.022727272727272728,1,lfr_scale_n100000_s202610061,EXACT_HULL_WITH_OUTWARD_ROUNDED_LB_INTERVAL,False,0.0005835834890604019,H1,1.1102230246251565e-16,202610061,0.022727272727272728,M6_prepared_exact_cut_v001,0.2430728329345584,0.0050034173764288425,2,2,result_written,1376256,0.02197724999859929,completed,100000,0.08217950025573373,0.00681154103949666,3,25,1.0216911248862743,0.021858999971300364,0.00010237609967589378,0.017611959017813206,0.0007072496227920055,5.637528374791145e-05,0.0033255009911954403,lfr_scale_n100000_s202610061_q09,results/m6_prepared/queries/lfr_scale_n100000_s202610061_q09/attempt_000,0.00047008320689201355,0.00827540549486925,55.0,0.005649717514124294,False,3479,0.040007333271205425,completed,173,False,3021,145555456,9.2,230.0,0.00877066608518362,0.45912233274430037
0.45973645680819913,1,lfr_scale_n100000_s202610061,EXACT_HULL_WITH_OUTWARD_ROUNDED_LB_INTERVAL,True,0.5683996272273362,H2,0.0010869478351121509,202610061,0.19370758790869833,M6_prepared_exact_cut_v001,0.1479620416648686,0.005008166655898094,2,12,result_written,834748416,386.48073791665956,completed,100000,0.06496929097920656,0.014454459305852652,526,9705,388.69171612523496,386.4783752919175,19.81183321401477,237.03187307948247,54.72761888150126,0.250812416896224,0.06921216938644648,lfr_scale_n100000_s202610061_q10,results/m6_prepared/queries/lfr_scale_n100000_s202610061_q10/attempt_000,0.6061315420083702,96.03430251551781,297022.0,1.0,False,81877,0.039522208739072084,completed,157,False,3061,851951616,30.60504894384338,297022.0,0.008677917066961527,387.49390183296055
0.07272727272727272,1,lfr_scale_n100000_s202610061,EXACT_HULL_WITH_OUTWARD_ROUNDED_LB_INTERVAL,False,0.0014450838789343834,H1,1.1102230246251565e-16,202610061,0.07272727272727272,M6_prepared_exact_cut_v001,0.2263329578563571,0.005069041159003973,2,3,result_written,1982464,0.03149774996563792,completed,100000,0.07855525007471442,0.006763500161468983,8,98,1.0242873327806592,0.03136720787733793,0.0001773773692548275,0.023745333310216665,0.0013383729383349419,0.00013299984857439995,0.004099499434232712,lfr_scale_n100000_s202610061_q11,results/m6_prepared/queries/lfr_scale_n100000_s202610061_q11/attempt_000,0.0004566670395433903,0.020908199934661875,175.0,0.008771929824561403,False,49832,0.040926290675997734,completed,157,False,3061,152059904,7.428571428571429,728.0,0.00887583289295435,0.4570565829053521
0.028846153846153848,1,lfr_scale_n100000_s202610062,EXACT_HULL_WITH_OUTWARD_ROUNDED_LB_INTERVAL,False,0.039498125202953815,H1,1.1102230246251565e-16,202610062,0.028846153846153848,M6_prepared_exact_cut_v001,0.14648304227739573,0.00947195803746581,2,5,result_written,2572288,0.1256462917663157,completed,100000,0.06674887472763658,0.007183166686445475,9,64,1.0245336252264678,0.1254597078077495,0.0013652481138706207,0.06624091975390911,0.004711207002401352,0.00036341696977615356,0.006224581506103277,lfr_scale_n100000_s202610062_q00,results/m6_prepared/queries/lfr_scale_n100000_s202610062_q00/attempt_000,0.00077775027602911,0.07217043941411451,488.0,0.046296296296296294,False,20743,0.03932762471958995,completed,199,False,3755,160989184,37.65625,2410.0,0.00855374988168478,0.4550282498821616
1.0,1,lfr_scale_n100000_s202610062,EXACT_HULL_WITH_OUTWARD_ROUNDED_LB_INTERVAL,True,0.4919788329862058,,0.001061970974856996,202610062,1.0,M6_prepared_exact_cut_v001,0.15202937508001924,0.004696333315223455,2,10,result_written,500400128,247.74115925002843,completed,100000,0.0658166236244142,0.015927542001008987,199,3755,249.78060758300126,247.7401760420762,13.167336989194155,152.75280179735273,34.43170582083985,0.18936245795339346,0.053775626700371504,lfr_scale_n100000_s202610062_q01,results/m6_prepared/queries/lfr_scale_n100000_s202610062_q01/attempt_000,0.3974238750524819,57.1387483355526,218311.0,1.0,False,99124,0.03912879200652242,completed,199,False,3755,612712448,58.1387483355526,218311.0,0.010595791041851044,248.49101083399728
0.041666666666666664,1,lfr_scale_n100000_s202610062,EXACT_HULL_WITH_OUTWARD_ROUNDED_LB_INTERVAL,False,0.0006853742524981499,H1,1.1102230246251565e-16,202610062,0.041666666666666664,M6_prepared_exact_cut_v001,0.691891707945615,0.012855416163802147,2,2,result_written,120389632,0.02133504208177328,completed,100000,0.16332145873457193,0.006442000158131123,4,33,2.0401297081261873,0.021221375092864037,0.00010658521205186844,0.015832416713237762,0.0007828748784959316,7.77500681579113e-05,0.004311581142246723,lfr_scale_n100000_s202610062_q02,results/m6_prepared/queries/lfr_scale_n100000_s202610062_q02/attempt_000,0.0005065407603979111,0.006110601894286587,87.0,0.006896551724137931,False,20767,0.03994529228657484,completed,188,False,3273,144982016,5.787878787878788,191.0,0.008811583276838064,1.0044473325833678
1.0,1,lfr_scale_n100000_s202610062,EXACT_HULL_WITH_OUTWARD_ROUNDED_LB_INTERVAL,True,0.5424715843982995,,0.0007646956023040774,202610062,1.0,M6_prepared_exact_cut_v001,0.14956641709432006,0.0076306662522256374,2,11,result_written,375848960,77.69760170811787,completed,100000,0.06508370814844966,0.00891099963337183,188,3273,79.42343558324501,77.69664812507108,3.780916364863515,44.46066359989345,12.046907822135836,0.08567783329635859,0.06268387893214822,lfr_scale_n100000_s202610062_q03,results/m6_prepared/queries/lfr_scale_n100000_s202610062_q03/attempt_000,0.1657390408217907,33.29178124045218,112237.0,1.0,False,79682,0.04005945799872279,completed,188,False,3273,394559488,82.19523373052246,269025.0,0.009161834139376879,78.19768441701308
0.6477462437395659,1,lfr_scale_n100000_s202610062,EXACT_HULL_WITH_OUTWARD_ROUNDED_LB_INTERVAL,True,0.6935430392622948,H2,1.763553817912822e-05,202610062,0.6477462437395659,M6_prepared_exact_cut_v001,0.22191304108127952,0.005900749936699867,2,11,result_written,326582272,135.34952233405784,completed,100000,0.084090540651232,0.011615833267569542,405,7368,136.52199500007555,135.34754083305597,7.640105073340237,78.22104272246361,20.614685551263392,0.1336437501013279,0.0885329581797123,lfr_scale_n100000_s202610062_q04,results/m6_prepared/queries/lfr_scale_n100000_s202610062_q04/attempt_000,0.2821357501670718,44.7,158122.0,1.0,False,87129,0.0395880420692265,completed,194,False,3460,536297472,56.28230184581976,414688.0,0.00872641708701849,136.07060133339837
,1,lfr_scale_n100000_s202610062,,,,,,202610062,,M6_prepared_exact_cut_v001,,,,,certificate_started,593231872,,,100000,,,,,600.6978310421109,,,,,,,lfr_scale_n100000_s202610062_q05,results/m6_prepared/queries/lfr_scale_n100000_s202610062_q05/attempt_000,,,,,True,69455,,timeout,,,,,,,,
0.02127659574468085,1,lfr_scale_n100000_s202610062,EXACT_HULL_WITH_OUTWARD_ROUNDED_LB_INTERVAL,False,0.0007518758065998554,H1,1.1102230246251565e-16,202610062,0.02127659574468085,M6_prepared_exact_cut_v001,0.24704454187303782,0.003995541017502546,2,2,result_written,1441792,0.01764762494713068,completed,100000,0.08499995805323124,0.0069271656684577465,4,32,1.0208939998410642,0.017498124856501818,7.504178211092949e-05,0.012431375682353973,0.0005430812016129494,6.37909397482872e-05,0.0046305423602461815,lfr_scale_n100000_s202610062_q06,results/m6_prepared/queries/lfr_scale_n100000_s202610062_q06/attempt_000,0.00048170797526836395,0.004599022707674619,61.0,0.005649717514124294,False,14837,0.039534583222121,completed,184,False,3479,149143552,8.84375,283.0,0.009283707942813635,0.46247945819050074
1.0,1,lfr_scale_n100000_s202610062,EXACT_HULL_WITH_OUTWARD_ROUNDED_LB_INTERVAL,True,0.4192659999243915,,0.001254985448804924,202610062,1.0,M6_prepared_exact_cut_v001,0.14893379202112556,0.005938708316534758,2,11,result_written,358039552,179.9541412917897,completed,100000,0.06533379154279828,0.013932582922279835,184,3479,181.17607649974525,179.953200167045,10.423271575476974,106.5309700272046,26.6571358689107,0.1586791668087244,0.05003650160506368,lfr_scale_n100000_s202610062_q07,results/m6_prepared/queries/lfr_scale_n100000_s202610062_q07/attempt_000,0.34339591581374407,52.29864903707962,185426.0,1.0,False,89589,0.040156041737645864,completed,184,False,3479,523550720,53.29864903707962,185426.0,0.008857166860252619,180.64104570774361
0.04316546762589928,1,lfr_scale_n100000_s202610062,EXACT_HULL_WITH_OUTWARD_ROUNDED_LB_INTERVAL,False,0.0008044177666306496,H1,1.1102230246251565e-16,202610062,0.04316546762589928,M6_prepared_exact_cut_v001,0.224224291741848,0.004653667099773884,2,2,result_written,1507328,0.017527667339891195,completed,100000,0.07936979178339243,0.006350167095661163,4,35,1.0244625830091536,0.01740220794454217,6.470829248428345e-05,0.012473126407712698,0.0004934165626764297,5.899975076317787e-05,0.004641498439013958,lfr_scale_n100000_s202610062_q08,results/m6_prepared/queries/lfr_scale_n100000_s202610062_q08/attempt_000,0.0005885828286409378,0.009075907590759076,47.0,0.00847457627118644,False,30867,0.03979333397001028,completed,135,False,2424,146309120,9.628571428571428,337.0,0.009044624865055084,0.44303683331236243
1.0,1,lfr_scale_n100000_s202610062,EXACT_HULL_WITH_OUTWARD_ROUNDED_LB_INTERVAL,True,0.5765422084368765,,0.002648768414113989,202610062,0.26036644165863065,M6_prepared_exact_cut_v001,0.14953958289697766,0.006772541906684637,3,14,result_written,648183808,399.8356661251746,completed,100000,0.06342566618695855,0.014256416819989681,135,2424,402.29103733273223,399.83477320801467,19.960508877411485,245.0157237527892,57.13276317715645,0.2517385841347277,0.06897216476500034,lfr_scale_n100000_s202610062_q09,results/m6_prepared/queries/lfr_scale_n100000_s202610062_q09/attempt_000,0.643492582719773,123.76031353135313,302419.0,1.0,False,4430,0.0391654591076076,completed,135,False,2424,820297728,124.76031353135313,302419.0,0.008916667196899652,400.8312767497264
0.69,1,lfr_scale_n100000_s202610062,EXACT_HULL_WITH_OUTWARD_ROUNDED_LB_INTERVAL,True,0.4364059157669544,H2,0.0004277665307484968,202610062,0.6388888888888888,M6_prepared_exact_cut_v001,0.2643879586830735,0.00618508318439126,2,12,result_written,386990080,194.32189654186368,completed,100000,0.08643074985593557,0.014416125137358904,262,4963,195.88147125020623,194.32064983295277,10.954729749821126,111.95768911531195,29.685673213098198,0.16229800041764975,0.07951595820486546,lfr_scale_n100000_s202610062_q10,results/m6_prepared/queries/lfr_scale_n100000_s202610062_q10/attempt_000,0.33562837494537234,86.85351473922903,193717.0,1.0,False,71722,0.04092033300548792,completed,138,False,2205,562380800,39.03223856538384,193717.0,0.008747499901801348,195.15131337521598
0.055944055944055944,1,lfr_scale_n100000_s202610062,EXACT_HULL_WITH_OUTWARD_ROUNDED_LB_INTERVAL,False,0.000734373927116394,H1,1.1102230246251565e-16,202610062,0.055944055944055944,M6_prepared_exact_cut_v001,0.22300050035119057,0.004159875214099884,2,2,result_written,1441792,0.029261333402246237,completed,100000,0.07861958397552371,0.006379375234246254,5,44,1.0229141670279205,0.029134958051145077,0.00014625070616602898,0.023477251175791025,0.0011873329058289528,7.65831209719181e-05,0.003771040588617325,lfr_scale_n100000_s202610062_q11,results/m6_prepared/queries/lfr_scale_n100000_s202610062_q11/attempt_000,0.00043391622602939606,0.02040816326530612,81.0,0.009900990099009901,False,36727,0.03971320763230324,completed,138,False,2205,144654336,6.909090909090909,304.0,0.008827583864331245,0.44835391687229276
0.013422818791946308,1,lfr_scale_n100000_s202610063,EXACT_HULL_WITH_OUTWARD_ROUNDED_LB_INTERVAL,False,0.035523208789527416,H1,1.1102230246251565e-16,202610063,0.013422818791946308,M6_prepared_exact_cut_v001,0.14918991597369313,0.010343040805310011,2,2,result_written,1507328,0.048132790718227625,completed,100000,0.06566754076629877,0.008787665981799364,3,24,1.0233274158090353,0.04801116697490215,4.545925185084343e-05,0.008901998400688171,0.0003772084601223469,4.583410918712616e-05,0.003928667400032282,lfr_scale_n100000_s202610063_q00,results/m6_prepared/queries/lfr_scale_n100000_s202610063_q00/attempt_000,0.00035175029188394547,0.005943536404160475,36.0,0.008333333333333333,False,24139,0.03990420838817954,completed,146,False,2692,145997824,14.291666666666666,343.0,0.00891500012949109,0.38186720898374915
1.0,1,lfr_scale_n100000_s202610063,EXACT_HULL_WITH_OUTWARD_ROUNDED_LB_INTERVAL,True,0.5087816249579191,,0.0018010289358456055,202610063,1.0,M6_prepared_exact_cut_v001,0.14701991667971015,0.004774291068315506,2,10,result_written,483409920,283.02799258287996,completed,100000,0.06617908412590623,0.010152166243642569,146,2692,285.2689824998379,283.0272500407882,14.482736679259688,176.1171632441692,38.767960290424526,0.20424004225060344,0.056641374714672565,lfr_scale_n100000_s202610063_q01,results/m6_prepared/queries/lfr_scale_n100000_s202610063_q01/attempt_000,0.4508635001257062,88.3997028231798,240664.0,1.0,False,99346,0.03966433322057128,completed,146,False,2692,628785152,89.3997028231798,240664.0,0.008840459398925304,283.81969141727313
0.02185792349726776,1,lfr_scale_n100000_s202610063,EXACT_HULL_WITH_OUTWARD_ROUNDED_LB_INTERVAL,False,0.0011852900497615337,H1,1.1102230246251565e-16,202610063,0.02185792349726776,M6_prepared_exact_cut_v001,0.22080408316105604,0.006021291948854923,2,3,result_written,1507328,0.035354250110685825,completed,100000,0.08083599992096424,0.006495167035609484,3,29,1.0220142910256982,0.035224417224526405,0.00019783340394496918,0.02764749899506569,0.001417791936546564,0.00010908301919698715,0.004300082568079233,lfr_scale_n100000_s202610063_q02,results/m6_prepared/queries/lfr_scale_n100000_s202610063_q02/attempt_000,0.0006747911684215069,0.011596548004314994,150.0,0.0055248618784530384,False,30566,0.03969775000587106,completed,180,False,3708,148668416,17.20689655172414,499.0,0.008794500026851892,0.45799020770937204
0.7758620689655172,1,lfr_scale_n100000_s202610063,EXACT_HULL_WITH_OUTWARD_ROUNDED_LB_INTERVAL,True,0.6191667900420725,H2,0.0023079359979359393,202610063,0.26529108327192336,M6_prepared_exact_cut_v001,0.14841395802795887,0.006201166659593582,2,12,result_written,994492416,465.0412836247124,completed,100000,0.06554387416690588,0.016731542069464922,284,5798,467.884378249757,465.0398734998889,22.76098120911047,287.7143311020918,64.727977049537,0.2865074169822037,0.0786071689799428,lfr_scale_n100000_s202610063_q03,results/m6_prepared/queries/lfr_scale_n100000_s202610063_q03/attempt_000,0.7504313746467233,89.13646170442287,334226.0,1.0,False,84112,0.03938083304092288,completed,180,False,3708,996442112,57.64505001724733,334226.0,0.009332375135272741,466.1409641248174
1.0,1,lfr_scale_n100000_s202610063,EXACT_HULL_WITH_OUTWARD_ROUNDED_LB_INTERVAL,True,0.6531139556318521,,0.0003911294027192924,202610063,1.0,M6_prepared_exact_cut_v001,0.25021900003775954,0.004212624859064817,2,11,result_written,315129856,134.60172308282927,completed,100000,0.080613833386451,0.012138208840042353,134,2379,136.7703003329225,134.6009160829708,8.369084287434816,78.1538111306727,20.318742586299777,0.1277788751758635,0.08599045779556036,lfr_scale_n100000_s202610063_q04,results/m6_prepared/queries/lfr_scale_n100000_s202610063_q04/attempt_000,0.2699971660040319,61.83900798654897,149494.0,1.0,False,85825,0.040399583987891674,completed,134,False,2379,476200960,165.19714165615804,393004.0,0.009053958114236593,135.33211937500164
1.0,1,lfr_scale_n100000_s202610063,EXACT_HULL_WITH_OUTWARD_ROUNDED_LB_INTERVAL,True,0.4591467082500458,,0.00013434244456411726,202610063,1.0,M6_prepared_exact_cut_v001,0.22404195927083492,0.005006833933293819,2,12,result_written,518897664,188.81565812509507,completed,100000,0.07995016686618328,0.014540458098053932,134,2379,190.7902588751167,188.8148927912116,10.718220768962055,109.6262353444472,28.735446624457836,0.160929000005126,0.04981004446744919,lfr_scale_n100000_s202610063_q05,results/m6_prepared/queries/lfr_scale_n100000_s202610063_q05/attempt_000,0.33444120921194553,80.8457335014712,194711.0,1.0,False,72429,0.04072908405214548,completed,134,False,2379,597442560,81.8457335014712,194711.0,0.008766000159084797,189.59656258299947
0.023952095808383235,1,lfr_scale_n100000_s202610063,EXACT_HULL_WITH_OUTWARD_ROUNDED_LB_INTERVAL,False,0.0007561654783785343,H1,1.1102230246251565e-16,202610063,0.023952095808383235,M6_prepared_exact_cut_v001,0.26344620902091265,0.006254625041037798,2,2,result_written,1441792,0.01458966638892889,completed,100000,0.08717045746743679,0.0077313752844929695,3,22,1.0136759579181671,0.014467792119830847,5.4541975259780884e-05,0.010033040773123503,0.00041808513924479485,5.625002086162567e-05,0.0038825850933790207,lfr_scale_n100000_s202610063_q06,results/m6_prepared/queries/lfr_scale_n100000_s202610063_q06/attempt_000,0.0003542499616742134,0.008807588075880758,41.0,0.006802721088435374,False,16672,0.04185683419927955,completed,164,False,2952,144588800,16.59090909090909,365.0,0.009129458107054234,0.4825359168462455
1.0,1,lfr_scale_n100000_s202610063,EXACT_HULL_WITH_OUTWARD_ROUNDED_LB_INTERVAL,True,0.7788142487406731,,0.0014309785561488764,202610063,1.0,M6_prepared_exact_cut_v001,0.1608404158614576,0.00400833273306489,2,11,result_written,387006464,163.5655989171937,completed,100000,0.06976166693493724,0.012985332868993282,164,2952,165.03746387502179,163.56458558281884,8.998562049120665,95.17019107704982,24.728509286418557,0.1493489588610828,0.09805125277489424,lfr_scale_n100000_s202610063_q07,results/m6_prepared/queries/lfr_scale_n100000_s202610063_q07/attempt_000,0.3159596659243107,55.81165311653117,167708.0,1.0,False,87910,0.040852250065654516,completed,164,False,2952,506658816,155.06233062330622,457744.0,0.009521833155304193,164.25662062503397
0.014084507042253521,1,lfr_scale_n100000_s202610063,EXACT_HULL_WITH_OUTWARD_ROUNDED_LB_INTERVAL,False,0.0007189586758613586,H1,1.1102230246251565e-16,202610063,0.014084507042253521,M6_prepared_exact_cut_v001,0.22112191608175635,0.005456542130559683,2,2,result_written,1441792,0.012676875106990337,completed,100000,0.07988779060542583,0.006844209041446447,2,17,1.02320716669783,0.012566458899527788,4.0457118302583694e-05,0.008510374464094639,0.0003682919777929783,4.262523725628853e-05,0.006085247732698917,lfr_scale_n100000_s202610063_q08,results/m6_prepared/queries/lfr_scale_n100000_s202610063_q08/attempt_000,0.0003665830008685589,0.010942463819272856,40.0,0.006289308176100629,False,27567,0.03934650029987097,completed,140,False,2833,146800640,25.235294117647058,429.0,0.009254916105419397,0.43712354078888893
0.028169014084507043,1,lfr_scale_n100000_s202610063,EXACT_HULL_WITH_OUTWARD_ROUNDED_LB_INTERVAL,False,0.0009252065792679787,H1,1.1102230246251565e-16,202610063,0.028169014084507043,M6_prepared_exact_cut_v001,0.15119362529367208,0.006713166832923889,3,3,result_written,2965504,0.008883500006049871,completed,100000,0.06549649918451905,0.00671645812690258,2,21,1.0196884581819177,0.008756583090871572,1.8292106688022614e-05,0.004671958275139332,0.00016433373093605042,3.5624951124191284e-05,0.0041230847127735615,lfr_scale_n100000_s202610063_q09,results/m6_prepared/queries/lfr_scale_n100000_s202610063_q09/attempt_000,0.0003361250273883343,0.0,21.0,0.0,False,2558,0.03903345810249448,completed,140,False,2833,150552576,19.571428571428573,411.0,0.008939040824770927,0.3363140830770135
1.0,1,lfr_scale_n100000_s202610063,EXACT_HULL_WITH_OUTWARD_ROUNDED_LB_INTERVAL,True,0.5888102087192237,,0.0001580702234958986,202610063,1.0,M6_prepared_exact_cut_v001,0.15088345808908343,0.004829165991395712,2,10,result_written,220119040,36.35403075022623,completed,100000,0.06490804068744183,0.008007540833204985,140,2743,37.672578958794475,36.352999416179955,1.828148073516786,20.547663580160588,5.714604638982564,0.05044995807111263,0.06853158958256245,lfr_scale_n100000_s202610063_q10,results/m6_prepared/queries/lfr_scale_n100000_s202610063_q10/attempt_000,0.0933954999782145,23.611738971928546,67510.0,1.0,False,82497,0.04340591700747609,completed,140,False,2743,260227072,116.58658403208166,319797.0,0.0088812499307096,36.78103816602379
0.7253886010362695,1,lfr_scale_n100000_s202610063,EXACT_HULL_WITH_OUTWARD_ROUNDED_LB_INTERVAL,True,0.5001442083157599,H2,0.00012236693536515908,202610063,0.7253886010362695,M6_prepared_exact_cut_v001,0.2278033746406436,0.0052694580517709255,2,13,result_written,633815040,299.72122441697866,completed,100000,0.07965054223313928,0.013063792139291763,246,4378,302.39770091697574,299.7199982921593,15.707435294054449,181.449118421413,43.056207014713436,0.2072854172438383,0.05913412244990468,lfr_scale_n100000_s202610063_q11,results/m6_prepared/queries/lfr_scale_n100000_s202610063_q11/attempt_000,0.5113627077080309,88.3908129784907,245199.0,1.0,False,46732,0.041278999764472246,completed,140,False,2743,693436416,56.00708085883965,245199.0,0.0089155831374228,300.6862484170124
0.05504587155963303,1,lfr_scale_n1000000_s202610061,EXACT_HULL_WITH_OUTWARD_ROUNDED_LB_INTERVAL,False,0.0947022489272058,H1,1.1102230246251565e-16,202610061,0.05504587155963303,M6_prepared_exact_cut_v001,0.24285875027999282,0.028628665953874588,2,2,result_written,1474560,0.11551670916378498,completed,1000000,0.08144375029951334,0.07113141706213355,3,26,1.024383541662246,0.11492920899763703,7.041497156023979e-05,0.015281917061656713,0.0005253748968243599,4.8333313316106796e-05,0.004053126554936171,lfr_scale_n1000000_s202610061_q00,results/m6_prepared/queries/lfr_scale_n1000000_s202610061_q00/attempt_000,0.0005100001581013203,0.005982512655315232,39.0,0.006211180124223602,False,286582,0.03995258407667279,completed,106,False,2173,253067264,17.192307692307693,447.0,0.008810125291347504,0.6461031245999038
1.0,1,lfr_scale_n1000000_s202610061,EXACT_HULL_WITH_OUTWARD_ROUNDED_LB_INTERVAL,True,0.9069635015912354,,5.551115123125783e-17,202610061,1.0,M6_prepared_exact_cut_v001,0.15424762526527047,0.015323083382099867,2,6,result_written,471973888,2.8870461247861385,completed,1000000,0.06667091697454453,0.0683576250448823,106,2173,4.090251917019486,2.8851030841469765,0.07521374896168709,1.1277060420252383,0.30808308720588684,0.008898125030100346,0.017392208334058523,lfr_scale_n1000000_s202610061_q01,results/m6_prepared/queries/lfr_scale_n1000000_s202610061_q01/attempt_000,0.009367624763399363,4.805338242061666,12615.0,0.07339449541284404,False,999283,0.04031899990513921,completed,106,False,2173,521355264,22.643810400368153,49205.0,0.008844334166496992,3.30313608283177
,1,lfr_scale_n1000000_s202610061,,,,,,202610061,,M6_prepared_exact_cut_v001,,,,,certificate_started,1676460032,,,1000000,,,,,600.6254537501372,,,,,,,lfr_scale_n1000000_s202610061_q02,results/m6_prepared/queries/lfr_scale_n1000000_s202610061_q02/attempt_000,,,,,True,353740,,timeout,,,,,,,,
0.3956043956043956,1,lfr_scale_n1000000_s202610061,EXACT_HULL_WITH_OUTWARD_ROUNDED_LB_INTERVAL,True,9.560227166395634,H2,5.551115123125783e-17,202610061,0.3956043956043956,M6_prepared_exact_cut_v001,0.24252304201945662,0.008221332915127277,2,12,result_written,1168850944,281.2652345416136,completed,1000000,0.08186995843425393,0.14292779192328453,438,8669,283.929315332789,281.26130337500945,16.060143612790853,146.26726149581373,45.09017551410943,0.21121137496083975,0.25327500188723207,lfr_scale_n1000000_s202610061_q03,results/m6_prepared/queries/lfr_scale_n1000000_s202610061_q03/attempt_000,0.6572619997896254,113.96030672079387,254867.0,1.0,False,840640,0.04047029186040163,completed,108,False,2217,1232617472,143.3745530049602,1242914.0,0.0088598751462996,282.5090810828842
0.6818181818181818,1,lfr_scale_n1000000_s202610061,EXACT_HULL_WITH_OUTWARD_ROUNDED_LB_INTERVAL,True,2.744792831130326,H2,5.551115123125783e-17,202610061,0.6818181818181818,M6_prepared_exact_cut_v001,0.2232183339074254,0.007282999809831381,2,10,result_written,566968320,40.48973508318886,completed,1000000,0.08292087633162737,0.07423295872285962,232,4575,41.81824779091403,40.48643508320674,1.913118785712868,21.893054408952594,5.886132668238133,0.0596086666919291,0.06994462758302689,lfr_scale_n1000000_s202610061_q04,results/m6_prepared/queries/lfr_scale_n1000000_s202610061_q04/attempt_000,0.10019450029358268,33.35413899955733,77606.0,1.0,False,873139,0.040000165812671185,completed,120,False,2259,654262272,67.70535519125683,309752.0,0.0089246672578156,41.09877754095942
0.09448818897637795,1,lfr_scale_n1000000_s202610061,EXACT_HULL_WITH_OUTWARD_ROUNDED_LB_INTERVAL,False,0.0035957088693976402,H1,1.1102230246251565e-16,202610061,0.09448818897637795,M6_prepared_exact_cut_v001,0.1510210419073701,0.007903000339865685,2,2,result_written,2293760,0.04101362498477101,completed,1000000,0.06558312429115176,0.06982474960386753,7,73,1.0231246249750257,0.04041337501257658,0.00021237554028630257,0.030743832234293222,0.0013904175721108913,0.00012179184705018997,0.0037624998949468136,lfr_scale_n1000000_s202610061_q05,results/m6_prepared/queries/lfr_scale_n1000000_s202610061_q05/attempt_000,0.0004775421693921089,0.013280212483399735,149.0,0.005917159763313609,False,674261,0.03997108293697238,completed,120,False,2259,249397248,7.835616438356165,572.0,0.009020084049552679,0.43828354123979807
0.7172774869109948,1,lfr_scale_n1000000_s202610061,EXACT_HULL_WITH_OUTWARD_ROUNDED_LB_INTERVAL,True,4.8412566226907074,H2,5.551115123125783e-17,202610061,0.7172774869109948,M6_prepared_exact_cut_v001,0.1560415830463171,0.006821040995419025,3,13,result_written,629702656,76.32010120898485,completed,1000000,0.06542066717520356,0.0742875412106514,245,4665,77.50775950029492,76.31626641610637,4.380177251063287,36.116316210944206,12.855054885614663,0.09009616635739803,0.11630208417773247,lfr_scale_n1000000_s202610061_q06,results/m6_prepared/queries/lfr_scale_n1000000_s202610061_q06/attempt_000,0.2159505421295762,46.98410295230886,126774.0,1.0,False,157095,0.04027650039643049,completed,137,False,2642,772112384,127.04523043944266,592666.0,0.009208041708916426,76.94229191588238
1.0,1,lfr_scale_n1000000_s202610061,EXACT_HULL_WITH_OUTWARD_ROUNDED_LB_INTERVAL,True,1.644236247986555,,5.551115123125783e-17,202610061,1.0,M6_prepared_exact_cut_v001,0.22302237525582314,0.02509583393111825,2,9,result_written,526614528,13.867102124728262,completed,1000000,0.079540875274688,0.06493612471967936,137,2642,15.296952624805272,13.86404575034976,0.5373201346956193,6.2987108756788075,2.244201579131186,0.031479917000979185,0.04525612527504563,lfr_scale_n1000000_s202610061_q07,results/m6_prepared/queries/lfr_scale_n1000000_s202610061_q07/attempt_000,0.04262737510725856,16.174867524602575,45376.0,0.36885245901639346,False,901810,0.0406424580141902,completed,137,False,2642,571572224,63.28652535957608,167203.0,0.009028249885886908,14.407197792083025
0.024242424242424242,1,lfr_scale_n1000000_s202610061,EXACT_HULL_WITH_OUTWARD_ROUNDED_LB_INTERVAL,False,0.003364292439073324,H1,1.1102230246251565e-16,202610061,0.024242424242424242,M6_prepared_exact_cut_v001,0.1558856670744717,0.0078117079101502895,2,2,result_written,1556480,0.02934691682457924,completed,1000000,0.06621487531810999,0.06318499986082315,4,35,1.0222353753633797,0.028672500047832727,9.691668674349785e-05,0.020736541599035263,0.0008249594829976559,6.508314982056618e-05,0.004405835177749395,lfr_scale_n1000000_s202610061_q08,results/m6_prepared/queries/lfr_scale_n1000000_s202610061_q08/attempt_000,0.0005151666700839996,0.005542085209560097,53.0,0.008130081300813009,False,288036,0.04191691568121314,completed,161,False,2887,261226496,11.114285714285714,389.0,0.009387374855577946,0.43012412497773767
0.024242424242424242,1,lfr_scale_n1000000_s202610061,EXACT_HULL_WITH_OUTWARD_ROUNDED_LB_INTERVAL,False,0.002937666140496731,H1,1.1102230246251565e-16,202610061,0.024242424242424242,M6_prepared_exact_cut_v001,0.14922616677358747,0.008008624892681837,2,2,result_written,1441792,0.02229116717353463,completed,1000000,0.06434579193592072,0.06919837463647127,4,35,1.0224113329313695,0.02166316704824567,7.27502629160881e-05,0.015134374611079693,0.0005099591799080372,4.4667162001132965e-05,0.004275165498256683,lfr_scale_n1000000_s202610061_q09,results/m6_prepared/queries/lfr_scale_n1000000_s202610061_q09/attempt_000,0.0004374580457806587,0.005888465535157603,35.0,0.009009009009009009,False,31238,0.042674832977354527,completed,161,False,2887,258539520,6.8,238.0,0.008913917001336813,0.4167965413071215
0.4499054820415879,1,lfr_scale_n1000000_s202610061,EXACT_HULL_WITH_OUTWARD_ROUNDED_LB_INTERVAL,True,9.305474126711488,H2,5.551115123125783e-17,202610061,0.4499054820415879,M6_prepared_exact_cut_v001,0.14996504178270698,0.007657458074390888,2,12,result_written,1157726208,269.1189773748629,completed,1000000,0.06466341577470303,0.08442091662436724,410,8042,271.94935475010425,269.1153496252373,15.721390350256115,139.19132961332798,43.13515754137188,0.20505724987015128,0.22963958512991667,lfr_scale_n1000000_s202610061_q10,results/m6_prepared/queries/lfr_scale_n1000000_s202610061_q10/attempt_000,0.6748792501166463,104.41605839416059,245514.0,1.0,False,825720,0.042282165959477425,completed,119,False,2329,1206763520,150.51952250683908,1210478.0,0.009283625055104494,270.261713874992
0.03278688524590164,1,lfr_scale_n1000000_s202610061,EXACT_HULL_WITH_OUTWARD_ROUNDED_LB_INTERVAL,False,0.00434108404442668,H1,1.1102230246251565e-16,202610061,0.03278688524590164,M6_prepared_exact_cut_v001,0.24245754210278392,0.013686417136341333,2,3,result_written,1441792,0.04327720915898681,completed,1000000,0.08426083158701658,0.05981670832261443,3,35,1.023876499850303,0.04255416616797447,0.00011012284085154533,0.022604501340538263,0.000861666165292263,7.966719567775726e-05,0.014517753850668669,lfr_scale_n1000000_s202610061_q11,results/m6_prepared/queries/lfr_scale_n1000000_s202610061_q11/attempt_000,0.00042112497612833977,0.014169171318162302,98.0,0.006622516556291391,False,495090,0.040387042332440615,completed,119,False,2329,273301504,21.085714285714285,738.0,0.008835832588374615,0.5557732079178095
0.022099447513812154,1,lfr_scale_n1000000_s202610062,EXACT_HULL_WITH_OUTWARD_ROUNDED_LB_INTERVAL,False,0.1052306666970253,H1,1.1102230246251565e-16,202610062,0.022099447513812154,M6_prepared_exact_cut_v001,0.14742616610601544,0.028988500125706196,3,3,result_written,2244608,0.13171325018629432,completed,1000000,0.06613395782187581,0.07581408321857452,2,20,1.024015000090003,0.13099812483415008,0.00010499916970729828,0.020154708065092564,0.0009160405024886131,9.162537753582001e-05,0.004448623396456242,lfr_scale_n1000000_s202610062_q00,results/m6_prepared/queries/lfr_scale_n1000000_s202610062_q00/attempt_000,0.0004571671597659588,0.01224381155177003,122.0,0.008,False,236781,0.03889837488532066,completed,179,False,3757,262520832,23.65,473.0,0.008774457965046167,0.5509177502244711
0.5295857988165681,1,lfr_scale_n1000000_s202610062,EXACT_HULL_WITH_OUTWARD_ROUNDED_LB_INTERVAL,True,7.304966331925243,H2,5.551115123125783e-17,202610062,0.5295857988165681,M6_prepared_exact_cut_v001,0.15225799987092614,0.007763333152979612,2,10,result_written,860880896,181.60173995885998,completed,1000000,0.06653833296149969,0.08754216600209475,497,9708,183.53121741721407,181.59777754172683,10.278813955839723,96.61255169520155,28.36159280128777,0.17309458274394274,0.19170966604724526,lfr_scale_n1000000_s202610062_q01,results/m6_prepared/queries/lfr_scale_n1000000_s202610062_q01/attempt_000,0.46416141698136926,52.615650785200955,201434.0,1.0,False,998863,0.039472957607358694,completed,179,False,3757,914833408,99.58765966213433,966797.0,0.00897341687232256,182.52472083410248
0.03614457831325301,1,lfr_scale_n1000000_s202610062,EXACT_HULL_WITH_OUTWARD_ROUNDED_LB_INTERVAL,False,0.003037666901946068,H1,1.1102230246251565e-16,202610062,0.03614457831325301,M6_prepared_exact_cut_v001,0.24376091687008739,0.008727542124688625,2,2,result_written,1540096,0.018122832756489515,completed,1000000,0.0826588748022914,0.06117449980229139,4,29,1.0239920001477003,0.01749933371320367,5.037570372223854e-05,0.010786708444356918,0.00036512454971671104,6.99581578373909e-05,0.004748666658997536,lfr_scale_n1000000_s202610062_q02,results/m6_prepared/queries/lfr_scale_n1000000_s202610062_q02/attempt_000,0.00040966691449284554,0.009405441719852201,50.0,0.009708737864077669,False,207764,0.04039141722023487,completed,162,False,2977,259801088,10.344827586206897,300.0,0.009498749859631062,0.5221564159728587
0.5664335664335665,1,lfr_scale_n1000000_s202610062,EXACT_HULL_WITH_OUTWARD_ROUNDED_LB_INTERVAL,True,7.023190083913505,H2,5.551115123125783e-17,202610062,0.5664335664335665,M6_prepared_exact_cut_v001,0.1487109581939876,0.008769708219915628,2,12,result_written,804454400,173.2039345409721,completed,1000000,0.06641633296385407,0.08673024969175458,410,7760,175.21347324969247,173.1996625829488,9.931955545209348,86.97556901769713,28.755383936688304,0.16807479178532958,0.19338521035388112,lfr_scale_n1000000_s202610062_q03,results/m6_prepared/queries/lfr_scale_n1000000_s202610062_q03/attempt_000,0.4631649162620306,66.8380920389654,201954.0,1.0,False,795076,0.039028292056173086,completed,162,False,2977,905641984,127.88569587628866,992393.0,0.00892891688272357,174.09197412477806
0.3800217155266015,1,lfr_scale_n1000000_s202610062,EXACT_HULL_WITH_OUTWARD_ROUNDED_LB_INTERVAL,True,12.19579050410539,H2,1.5595521575484383e-05,202610062,0.47489823609226595,M6_prepared_exact_cut_v001,0.2516288752667606,0.008070291951298714,2,12,result_written,1070940160,557.5707677910104,completed,1000000,0.08611487504094839,0.09407479083165526,746,14240,561.0561460410245,557.5658572921529,30.67212151410058,297.6027144473046,88.02389613166451,0.3218211247585714,0.3875528769567609,lfr_scale_n1000000_s202610062_q04,results/m6_prepared/queries/lfr_scale_n1000000_s202610062_q04/attempt_000,1.248661832883954,106.53669849931786,394122.0,1.0,False,916520,0.04070404218509793,completed,175,False,3665,1467006976,141.15386235955057,2010031.0,0.009728583972901106,559.3805827088654
,1,lfr_scale_n1000000_s202610062,,,,,,202610062,,M6_prepared_exact_cut_v001,,,,,certificate_started,1158856704,,,1000000,,,,,600.7223944589496,,,,,,,lfr_scale_n1000000_s202610062_q05,results/m6_prepared/queries/lfr_scale_n1000000_s202610062_q05/attempt_000,,,,,True,724310,,timeout,,,,,,,,
0.672316384180791,1,lfr_scale_n1000000_s202610062,EXACT_HULL_WITH_OUTWARD_ROUNDED_LB_INTERVAL,True,9.997153459582478,H2,5.551115123125783e-17,202610062,0.672316384180791,M6_prepared_exact_cut_v001,0.24665483320131898,0.009127541910856962,3,14,result_written,990248960,300.80800333293155,completed,1000000,0.0843400415033102,0.08378470782190561,235,4213,303.36284887511283,300.80428295815364,17.222599474247545,153.3870271947235,49.73419143911451,0.21991320932283998,0.2586389146745205,lfr_scale_n1000000_s202610062_q06,results/m6_prepared/queries/lfr_scale_n1000000_s202610062_q06/attempt_000,0.7149610407650471,110.06776180698152,270450.0,1.0,False,191210,0.03990866709500551,completed,119,False,2435,1082884096,307.84381675765485,1296946.0,0.009120916947722435,302.06693945778534
0.5979899497487438,1,lfr_scale_n1000000_s202610062,EXACT_HULL_WITH_OUTWARD_ROUNDED_LB_INTERVAL,True,11.709317791741341,H2,5.551115123125783e-17,202610062,0.5979899497487438,M6_prepared_exact_cut_v001,0.2433340409770608,0.008849209174513817,2,12,result_written,1075838976,575.9357048752718,completed,1000000,0.08277137484401464,0.0720622087828815,279,5213,579.4149069576524,575.9321391666308,32.368453478906304,309.17734575783834,91.08408181741834,0.3247530423104763,0.37769079208374023,lfr_scale_n1000000_s202610062_q07,results/m6_prepared/queries/lfr_scale_n1000000_s202610062_q07/attempt_000,1.3035713341087103,157.60533880903492,386204.0,1.0,False,906803,0.04202341614291072,completed,119,False,2435,1460600832,366.3197774793785,1909625.0,0.008888709358870983,577.765719207935
0.05555555555555555,1,lfr_scale_n1000000_s202610062,EXACT_HULL_WITH_OUTWARD_ROUNDED_LB_INTERVAL,False,0.0029505412094295025,H1,1.1102230246251565e-16,202610062,0.05555555555555555,M6_prepared_exact_cut_v001,0.856721583288163,0.009073709137737751,2,2,result_written,87605248,0.039212957955896854,completed,1000000,0.08099525002762675,0.060890791937708855,4,32,2.0461470419541,0.038631416857242584,7.804343476891518e-05,0.015109498053789139,0.0004947073757648468,7.683364674448967e-05,0.022655499167740345,lfr_scale_n1000000_s202610062_q08,results/m6_prepared/queries/lfr_scale_n1000000_s202610062_q08/attempt_000,0.0004177079536020756,0.005482456140350877,62.0,0.00847457627118644,False,277197,0.040453499648720026,completed,140,False,2736,258392064,10.96875,351.0,0.00906512513756752,1.1540409168228507
0.013986013986013986,1,lfr_scale_n1000000_s202610062,EXACT_HULL_WITH_OUTWARD_ROUNDED_LB_INTERVAL,False,0.00274850195273757,H1,1.1102230246251565e-16,202610062,0.013986013986013986,M6_prepared_exact_cut_v001,0.15067983325570822,0.0064325411804020405,2,2,result_written,1441792,0.017480875365436077,completed,1000000,0.06525279302150011,0.06557883275672793,3,23,1.0271128751337528,0.01677604205906391,3.6417506635189056e-05,0.01082016620784998,0.0003486238420009613,3.583403304219246e-05,0.003593037836253643,lfr_scale_n1000000_s202610062_q09,results/m6_prepared/queries/lfr_scale_n1000000_s202610062_q09/attempt_000,0.0003559589385986328,0.005847953216374269,23.0,0.007751937984496124,False,20964,0.03908016672357917,completed,140,False,2736,249102336,13.956521739130435,321.0,0.008717917371541262,0.40755770821124315
,1,lfr_scale_n1000000_s202610062,,,,,,202610062,,M6_prepared_exact_cut_v001,,,,,certificate_started,1066401792,,,1000000,,,,,600.1338504580781,,,,,,,lfr_scale_n1000000_s202610062_q10,results/m6_prepared/queries/lfr_scale_n1000000_s202610062_q10/attempt_000,,,,,True,823676,,timeout,,,,,,,,
0.022222222222222223,1,lfr_scale_n1000000_s202610062,EXACT_HULL_WITH_OUTWARD_ROUNDED_LB_INTERVAL,False,0.0032467078417539597,H1,1.1102230246251565e-16,202610062,0.022222222222222223,M6_prepared_exact_cut_v001,0.21809079078957438,0.008156500291079283,2,2,result_written,1392640,0.03558587469160557,completed,1000000,0.08037887420505285,0.06486774981021881,4,45,1.0212158751673996,0.034903124906122684,0.00014808354899287224,0.02649487368762493,0.0012747514992952347,9.99579206109047e-05,0.003886960446834564,lfr_scale_n1000000_s202610062_q11,results/m6_prepared/queries/lfr_scale_n1000000_s202610062_q11/attempt_000,0.0004259999841451645,0.017280453257790367,130.0,0.008264462809917356,False,567689,0.039558291900902987,completed,176,False,3530,263634944,12.666666666666666,570.0,0.009207958821207285,0.5096398340538144
0.5911602209944752,1,lfr_scale_n1000000_s202610063,EXACT_HULL_WITH_OUTWARD_ROUNDED_LB_INTERVAL,True,5.279208539519459,H2,5.551115123125783e-17,202610063,0.5911602209944752,M6_prepared_exact_cut_v001,0.14864308293908834,0.029677374754101038,3,13,result_written,674938880,80.94919354189187,completed,1000000,0.06567841675132513,0.0749939582310617,255,5106,82.47386987507343,80.94546095887199,4.534079334232956,38.55113148316741,13.509857220109552,0.09310199972242117,0.11972053768113256,lfr_scale_n1000000_s202610063_q00,results/m6_prepared/queries/lfr_scale_n1000000_s202610063_q00/attempt_000,0.21758974995464087,56.227598566308245,127732.0,1.0,False,231408,0.03900754218921065,completed,107,False,2232,811663360,121.27007442224834,619205.0,0.009120374917984009,81.58486687485129
1.0,1,lfr_scale_n1000000_s202610063,EXACT_HULL_WITH_OUTWARD_ROUNDED_LB_INTERVAL,True,1.9411271214485168,,5.551115123125783e-17,202610063,1.0,M6_prepared_exact_cut_v001,0.22644679201766849,0.00799541687592864,2,8,result_written,538673152,16.797709708102047,completed,1000000,0.0788969174027443,0.06617266684770584,107,2232,18.31633266666904,16.795199333224446,0.6708312588743865,7.386111692059785,2.808804379310459,0.033502624835819006,0.04618145618587732,lfr_scale_n1000000_s202610063_q01,results/m6_prepared/queries/lfr_scale_n1000000_s202610063_q01/attempt_000,0.056048750411719084,20.637096774193548,48294.0,0.33035714285714285,False,998470,0.039470458868891,completed,107,False,2232,577306624,99.80958781362007,222775.0,0.00903695821762085,17.338699791114777
0.03260869565217391,1,lfr_scale_n1000000_s202610063,EXACT_HULL_WITH_OUTWARD_ROUNDED_LB_INTERVAL,False,0.003034873865544796,H1,1.1102230246251565e-16,202610063,0.03260869565217391,M6_prepared_exact_cut_v001,0.1525622089393437,0.008605708833783865,2,2,result_written,1441792,0.02352149970829487,completed,1000000,0.0665106251835823,0.062034707982093096,3,23,1.0219184579327703,0.02290562493726611,7.50841572880745e-05,0.016047748737037182,0.0006070425733923912,7.095793262124062e-05,0.0036650849506258965,lfr_scale_n1000000_s202610063_q02,results/m6_prepared/queries/lfr_scale_n1000000_s202610063_q02/attempt_000,0.0005025840364396572,0.004938913439043411,64.0,0.00625,False,285526,0.03982545807957649,completed,181,False,3847,260685824,17.782608695652176,409.0,0.009250584058463573,0.41650879196822643
0.4304399524375743,1,lfr_scale_n1000000_s202610063,EXACT_HULL_WITH_OUTWARD_ROUNDED_LB_INTERVAL,True,4.945802750065923,H2,9.470893821583726e-06,202610063,0.523121387283237,M6_prepared_exact_cut_v001,0.15117416717112064,0.008424541912972927,2,11,result_written,620904448,79.11658041737974,completed,1000000,0.06597670773044229,0.06857825024053454,660,13217,80.47326599992812,79.11158870812505,4.353766797110438,41.31844443688169,11.959076896775514,0.09332733415067196,0.11690191645175219,lfr_scale_n1000000_s202610063_q03,results/m6_prepared/queries/lfr_scale_n1000000_s202610063_q03/attempt_000,0.2098169159144163,31.007278398752273,123132.0,1.0,False,853509,0.03953658323734999,completed,181,False,3847,744030208,44.56843459181357,589061.0,0.00877904100343585,79.74973091622815
1.0,1,lfr_scale_n1000000_s202610063,EXACT_HULL_WITH_OUTWARD_ROUNDED_LB_INTERVAL,True,1.7235959176905453,,5.551115123125783e-17,202610063,1.0,M6_prepared_exact_cut_v001,0.21848670905455947,0.007536041084676981,2,9,result_written,524107776,16.275630542077124,completed,1000000,0.07815191708505154,0.06636229204013944,122,2541,17.33602812513709,16.272898416034877,0.6394735407084227,7.6317541231401265,2.6214865776710212,0.035584334284067154,0.04508941667154431,lfr_scale_n1000000_s202610063_q04,results/m6_prepared/queries/lfr_scale_n1000000_s202610063_q04/attempt_000,0.04792966693639755,18.956316410861866,50709.0,0.4358974358974359,False,918553,0.040060542058199644,completed,122,False,2541,581287936,71.46280991735537,181587.0,0.008756959345191717,16.79992345906794
,1,lfr_scale_n1000000_s202610063,,,,,,202610063,,M6_prepared_exact_cut_v001,,,,,certificate_started,1043972096,,,1000000,,,,,600.8497485001571,,,,,,,lfr_scale_n1000000_s202610063_q05,results/m6_prepared/queries/lfr_scale_n1000000_s202610063_q05/attempt_000,,,,,True,746387,,timeout,,,,,,,,
0.04790419161676647,1,lfr_scale_n1000000_s202610063,EXACT_HULL_WITH_OUTWARD_ROUNDED_LB_INTERVAL,False,0.0031068329699337482,H1,1.1102230246251565e-16,202610063,0.04790419161676647,M6_prepared_exact_cut_v001,0.2229237500578165,0.007171707693487406,2,2,result_written,1441792,0.022795874625444412,completed,1000000,0.08023462491109967,0.07121362490579486,4,34,1.0125528750941157,0.022195667028427124,7.083127275109291e-05,0.01536254258826375,0.0005295835435390472,4.379218444228172e-05,0.004667247645556927,lfr_scale_n1000000_s202610063_q06,results/m6_prepared/queries/lfr_scale_n1000000_s202610063_q06/attempt_000,0.0005220840685069561,0.0,34.0,0.0,False,146796,0.03985037514939904,completed,163,False,2861,261963776,8.0,272.0,0.00878833420574665,0.5077796247787774
1.0,1,lfr_scale_n1000000_s202610063,EXACT_HULL_WITH_OUTWARD_ROUNDED_LB_INTERVAL,True,11.205057333223522,,2.0071055574222285e-06,202610063,1.0,M6_prepared_exact_cut_v001,0.14692741679027677,0.0085020842961967,2,12,result_written,935313408,450.88012120872736,completed,1000000,0.06575570814311504,0.09588033426553011,163,2861,453.9562438749708,450.87701225001365,24.561169412452728,240.18994074407965,71.43581404397264,0.278805417008698,0.34248287696391344,lfr_scale_n1000000_s202610063_q07,results/m6_prepared/queries/lfr_scale_n1000000_s202610063_q07/attempt_000,1.128922041039914,118.82768262845158,342827.0,1.0,False,894314,0.04001645790413022,completed,163,False,2861,1219280896,598.5927997203775,1712574.0,0.009403542149811983,452.43198537500575
0.055944055944055944,1,lfr_scale_n1000000_s202610063,EXACT_HULL_WITH_OUTWARD_ROUNDED_LB_INTERVAL,False,0.002896081656217575,H1,1.1102230246251565e-16,202610063,0.055944055944055944,M6_prepared_exact_cut_v001,0.26224370766431093,0.007550916168838739,2,2,result_written,2621440,0.039171500131487846,completed,1000000,0.08638175018131733,0.05939883412793279,5,45,1.0254787909798324,0.0385795421898365,0.0001464984379708767,0.018915836699306965,0.0006859139539301395,5.395803600549698e-05,0.01615170855075121,lfr_scale_n1000000_s202610063_q08,results/m6_prepared/queries/lfr_scale_n1000000_s202610063_q08/attempt_000,0.00040733302012085915,0.0037735849056603774,45.0,0.006896551724137931,False,273208,0.04081895807757974,completed,138,False,2650,258359296,7.888888888888889,355.0,0.008606791030615568,0.5602631252259016
1.0,1,lfr_scale_n1000000_s202610063,EXACT_HULL_WITH_OUTWARD_ROUNDED_LB_INTERVAL,True,4.2889240412041545,,5.551115123125783e-17,202610063,1.0,M6_prepared_exact_cut_v001,0.15093529084697366,0.024499583058059216,3,13,result_written,693633024,59.449555249884725,completed,1000000,0.06444158311933279,0.06976795895025134,138,2650,61.313548791687936,59.44666099967435,2.8104523732326925,28.230279834009707,9.865915702655911,0.07945004105567932,0.1093877861276269,lfr_scale_n1000000_s202610063_q09,results/m6_prepared/queries/lfr_scale_n1000000_s202610063_q09/attempt_000,0.17586091673001647,40.424528301886795,109775.0,1.0,False,14546,0.039325166027992964,completed,138,False,2650,723369984,197.8501886792453,524303.0,0.00860608322545886,60.05043766601011
,1,lfr_scale_n1000000_s202610063,,,,,,202610063,,M6_prepared_exact_cut_v001,,,,,worker_error,1055113216,,,1000000,,,,,29.625672250054777,,,,,,,lfr_scale_n1000000_s202610063_q10,results/m6_prepared/queries/lfr_scale_n1000000_s202610063_q10/attempt_000,,,,,False,813841,,error,,,,1053999104,,,,
0.6455445544554456,1,lfr_scale_n1000000_s202610063,EXACT_HULL_WITH_OUTWARD_ROUNDED_LB_INTERVAL,True,6.796850167680532,H2,5.551115123125783e-17,202610063,0.6455445544554456,M6_prepared_exact_cut_v001,0.22193120885640383,0.008762124925851822,2,13,result_written,761266176,165.35967525001615,completed,1000000,0.08492258423939347,0.0867048753425479,342,6478,166.9330192077905,165.3557894169353,10.02111261477694,81.02507820632309,28.165947237052023,0.16080879140645266,0.18471458461135626,lfr_scale_n1000000_s202610063_q11,results/m6_prepared/queries/lfr_scale_n1000000_s202610063_q11/attempt_000,0.415117375086993,63.857811977249916,193860.0,1.0,False,481071,0.040576374623924494,completed,163,False,2989,983547904,145.82448286508182,944651.0,0.009517041966319084,166.29442233312875
