case_id,script,variant,seed,n,K,block_size,p,q,out_size,precision,recall,F1,out_equal_truth,truth_in_region,failure_class,region_size,region_volume,region_outside_truth_volume,out_volume,out_cut,out_Z,symmetric_difference_size,accepted_MM_steps,m_act,j_act,j_star,J,region_mass,stop_reason,stopped_before_activation,MM_seconds
same12_00,checks_g2,spec-v1,18,400,4,100,0.5,0.05,1,1.0,0.01,0.019801980198019802,False,False,H1,1,55,0,55,55,1.002171681276159,99,0,3080.3025,,0,3,330.0,patience,True,0.0006054169498383999
same12_00,checks_g2,A,18,400,4,100,0.5,0.05,100,1.0,1.0,1.0,True,True,success,162,10390,3951,6439,1487,0.48518113058704093,0,1,3080.3025,0,2,3,24642.42002464242,budget,False,0.030563915614038706
same12_00,checks_g2,B,18,400,4,100,0.5,0.05,100,1.0,1.0,1.0,True,True,success,162,10398,3959,6439,1487,0.48518113058704093,0,1,3080.3025,5,6,7,21120.0,budget,False,0.030074917245656252
same12_01,checks_g2,spec-v1,92,400,4,100,0.5,0.05,1,1.0,0.01,0.019801980198019802,False,False,H1,1,60,0,60,60,1.0023119605425401,99,0,3180.312,,0,3,360.0,patience,True,0.0002009999006986618
same12_01,checks_g2,A,92,400,4,100,0.5,0.05,100,1.0,1.0,1.0,True,True,success,177,11479,4996,6483,1531,0.4859634371921784,0,1,3180.312,0,2,3,25442.4960254425,budget,False,0.03320374991744757
same12_01,checks_g2,B,92,400,4,100,0.5,0.05,100,1.0,1.0,1.0,True,True,success,123,7920,1437,6483,1531,0.4859634371921784,0,1,3180.312,5,6,7,23040.0,budget,False,0.02724737534299493
same12_02,checks_g2,spec-v1,40,400,4,100,0.5,0.05,1,1.0,0.01,0.019801980198019802,False,False,H1,1,70,0,70,70,1.0027513560254697,99,0,3570.3500000000004,,0,3,420.0,patience,True,0.00020454218611121178
same12_02,checks_g2,A,40,400,4,100,0.5,0.05,65,1.0,0.65,0.7878787878787878,False,False,H1,83,5270,1165,4105,1927,0.6307749057563614,35,1,3570.3500000000004,0,1,2,14281.400014281402,budget,False,0.013585833832621574
same12_02,checks_g2,B,40,400,4,100,0.5,0.05,69,1.0,0.69,0.8165680473372781,False,False,H1,87,5514,1165,4349,1911,0.6103491782869125,31,1,3570.3500000000004,5,5,6,13440.0,budget,False,0.014634167309850454
same12_03,checks_g2,spec-v1,28,400,4,100,0.3,0.02,1,1.0,0.01,0.019801980198019802,False,False,H1,1,35,0,35,35,1.0024714023443015,99,0,910.0875000000001,,0,3,210.0,patience,True,0.00021229078993201256
same12_03,checks_g2,A,28,400,4,100,0.3,0.02,27,1.0,0.27,0.4251968503937008,False,False,H1,34,1224,182,959,697,0.7945151729304242,73,1,910.0875000000001,0,2,3,7280.700007280701,budget,False,0.0028019999153912067
same12_03,checks_g2,B,28,400,4,100,0.3,0.02,100,1.0,1.0,1.0,True,True,success,160,5660,2138,3522,600,0.41905143860998084,0,1,910.0875000000001,4,6,7,13440.0,budget,False,0.01980862533673644
same12_04,checks_g2,spec-v1,59,400,4,100,0.3,0.02,1,1.0,0.01,0.019801980198019802,False,False,H1,1,39,0,39,39,1.0027083333333333,99,0,1092.1053,,0,3,234.0,patience,True,0.00021354202181100845
same12_04,checks_g2,A,59,400,4,100,0.3,0.02,67,1.0,0.67,0.8023952095808383,False,False,H1,73,2637,202,2435,967,0.5662224788957335,33,1,1092.1053,0,2,3,8736.842408736842,budget,False,0.009330832865089178
same12_04,checks_g2,B,59,400,4,100,0.3,0.02,56,1.0,0.56,0.717948717948718,False,False,H1,62,2240,202,2038,978,0.6214100152655109,44,1,1092.1053,4,5,6,7488.0,budget,False,0.007047541905194521
same12_05,checks_g2,spec-v1,17,400,4,100,0.3,0.02,1,1.0,0.01,0.019801980198019802,False,False,H1,1,38,0,38,38,1.0026491912994981,99,0,1064.1026,,0,3,228.0,patience,True,0.00014195777475833893
same12_05,checks_g2,A,17,400,4,100,0.3,0.02,71,1.0,0.71,0.8304093567251462,False,False,H1,76,2791,171,2620,972,0.5536471349565528,29,1,1064.1026,0,2,3,8512.82080851282,budget,False,0.009904874954372644
same12_05,checks_g2,B,17,400,4,100,0.3,0.02,50,1.0,0.5,0.6666666666666666,False,False,H1,55,2010,171,1839,973,0.6572988135541303,50,1,1064.1026,4,5,6,7296.0,budget,False,0.005939583759754896
same12_06,checks_g2,spec-v1,13,400,5,80,0.6,0.05,1,1.0,0.0125,0.024691358024691357,False,False,H1,1,71,0,71,71,1.0028205943111395,79,0,3692.3621,,0,3,426.0,patience,True,0.00016845809295773506
same12_06,checks_g2,A,13,400,5,80,0.6,0.05,71,1.0,0.8875,0.9403973509933775,False,False,H1,80,4986,527,4459,1463,0.5052417390332534,9,1,3692.3621,0,1,2,14769.44841476945,budget,False,0.013980832882225513
same12_06,checks_g2,B,13,400,5,80,0.6,0.05,68,1.0,0.85,0.918918918918919,False,False,H1,78,4877,594,4283,1517,0.5243403599439452,12,1,3692.3621,5,5,6,13632.0,budget,False,0.01304216729477048
same12_07,checks_g2,spec-v1,25,400,5,80,0.6,0.05,1,1.0,0.0125,0.024691358024691357,False,False,H1,1,65,0,65,65,1.002578955721314,79,0,3575.351,,0,3,390.0,patience,True,0.00019254162907600403
same12_07,checks_g2,A,25,400,5,80,0.6,0.05,51,1.0,0.6375,0.7786259541984732,False,False,H1,71,4445,1264,3181,1629,0.6383132376057832,29,1,3575.351,0,1,2,14301.404014301406,budget,False,0.008994749747216702
same12_07,checks_g2,B,25,400,5,80,0.6,0.05,80,1.0,1.0,1.0,True,True,success,152,9523,4495,5028,1288,0.45565761745335465,0,1,3575.351,5,6,7,24960.0,budget,False,0.02734433300793171
same12_08,checks_g2,spec-v1,65,400,5,80,0.6,0.05,1,1.0,0.0125,0.024691358024691357,False,False,H1,1,62,0,62,62,1.0024323264025108,79,0,3038.2976,,0,3,372.0,patience,True,0.00015874998643994331
same12_08,checks_g2,A,65,400,5,80,0.6,0.05,80,1.0,1.0,1.0,True,True,success,143,9109,4119,4990,1244,0.445061641525499,0,1,3038.2976,0,2,3,24306.380824306383,budget,False,0.026044999714940786
same12_08,checks_g2,B,65,400,5,80,0.6,0.05,80,1.0,1.0,1.0,True,True,success,143,9109,4119,4990,1244,0.445061641525499,0,1,3038.2976,5,6,7,23808.0,budget,False,0.026801916770637035
same12_09,checks_g2,spec-v1,131,1000,4,250,0.1,0.01,1,1.0,0.004,0.00796812749003984,False,False,H1,1,24,0,24,24,1.0007347538574578,249,0,624.0600000000001,,0,3,144.0,patience,True,0.0010175411589443684
same12_09,checks_g2,A,131,1000,4,250,0.1,0.01,13,1.0,0.052,0.09885931558935361,False,False,H1,25,831,259,411,359,0.8860619785437572,237,2,624.0600000000001,0,1,4,2496.2400024962403,patience,False,0.002912874799221754
same12_09,checks_g2,B,131,1000,4,250,0.1,0.01,13,1.0,0.052,0.09885931558935361,False,False,H1,25,831,259,411,359,0.8860619785437572,237,2,624.0600000000001,4,4,7,2304.0,patience,False,0.0029053748585283756
same12_10,checks_g2,spec-v1,246,1000,4,250,0.1,0.01,1,1.0,0.004,0.00796812749003984,False,False,H1,1,26,0,26,26,1.0008179187114634,249,0,650.0624,,0,3,156.0,patience,True,0.0009969999082386494
same12_10,checks_g2,A,246,1000,4,250,0.1,0.01,157,1.0,0.628,0.7714987714987716,False,False,H1,172,5392,379,4924,2292,0.6203764439819981,93,2,650.0624,0,4,5,20801.996820802,budget,False,0.042963082902133465
same12_10,checks_g2,B,246,1000,4,250,0.1,0.01,140,1.0,0.56,0.717948717948718,False,False,H1,154,4823,379,4380,2242,0.6496599905883327,110,2,650.0624,4,7,8,19968.0,budget,False,0.028486541006714106
same12_11,checks_g2,spec-v1,108,1000,4,250,0.1,0.01,1,1.0,0.004,0.00796812749003984,False,False,H1,1,37,0,37,37,1.0011321216571814,249,0,740.0703000000001,,0,3,222.0,patience,True,0.0010110833682119846
same12_11,checks_g2,A,108,1000,4,250,0.1,0.01,231,1.0,0.924,0.9604989604989606,False,False,H1,239,7992,280,7712,2142,0.5137198334713412,19,1,740.0703000000001,0,4,5,23682.249623682255,budget,False,0.03994212532415986
same12_11,checks_g2,B,108,1000,4,250,0.1,0.01,250,1.0,1.0,1.0,True,True,success,337,11202,2843,8359,1901,0.48318724866789764,0,1,740.0703000000001,3,7,8,28416.0,budget,False,0.05442345794290304
same12_00,checks_g3b,pat2-theta0.5,18,400,4,100,0.5,0.05,100,1.0,1.0,1.0,True,True,success,162,10398,3959,6439,1487,0.48518113058704093,0,1,3080.3025,5,6,7,21120.0,budget,False,0.04550937516614795
same12_00,checks_g3b,pat2-theta1.0,18,400,4,100,0.5,0.05,100,1.0,1.0,1.0,True,True,success,178,11432,4993,6439,1487,0.48518113058704093,0,1,3080.3025,5,6,7,21120.0,budget,False,0.03281566593796015
same12_00,checks_g3b,pat2-thetainf,18,400,4,100,0.5,0.05,100,1.0,1.0,1.0,True,True,success,178,11432,4993,6439,1487,0.48518113058704093,0,1,3080.3025,5,6,7,21120.0,budget,False,0.03320408286526799
same12_00,checks_g3b,pat3-theta0.5,18,400,4,100,0.5,0.05,100,1.0,1.0,1.0,True,True,success,162,10398,3959,6439,1487,0.48518113058704093,0,1,3080.3025,5,6,7,21120.0,budget,False,0.030163665767759085
same12_00,checks_g3b,pat3-theta1.0,18,400,4,100,0.5,0.05,100,1.0,1.0,1.0,True,True,success,178,11432,4993,6439,1487,0.48518113058704093,0,1,3080.3025,5,6,7,21120.0,budget,False,0.0316665843129158
same12_00,checks_g3b,pat3-thetainf,18,400,4,100,0.5,0.05,100,1.0,1.0,1.0,True,True,success,178,11432,4993,6439,1487,0.48518113058704093,0,1,3080.3025,5,6,7,21120.0,budget,False,0.03224616730585694
same12_01,checks_g3b,pat2-theta0.5,92,400,4,100,0.5,0.05,100,1.0,1.0,1.0,True,True,success,123,7920,1437,6483,1531,0.4859634371921784,0,1,3180.312,5,6,7,23040.0,budget,False,0.026852124836295843
same12_01,checks_g3b,pat2-theta1.0,92,400,4,100,0.5,0.05,100,1.0,1.0,1.0,True,True,success,163,10571,4088,6483,1531,0.4859634371921784,0,1,3180.312,5,6,7,23040.0,budget,False,0.03362462529912591
same12_01,checks_g3b,pat2-thetainf,92,400,4,100,0.5,0.05,100,1.0,1.0,1.0,True,True,success,220,14293,7810,6483,1531,0.4859634371921784,0,1,3180.312,5,6,7,23040.0,budget,False,0.04228545818477869
same12_01,checks_g3b,pat3-theta0.5,92,400,4,100,0.5,0.05,100,1.0,1.0,1.0,True,True,success,123,7920,1437,6483,1531,0.4859634371921784,0,1,3180.312,5,6,7,23040.0,budget,False,0.02786895912140608
same12_01,checks_g3b,pat3-theta1.0,92,400,4,100,0.5,0.05,100,1.0,1.0,1.0,True,True,success,163,10571,4088,6483,1531,0.4859634371921784,0,1,3180.312,5,6,7,23040.0,budget,False,0.03379466664046049
same12_01,checks_g3b,pat3-thetainf,92,400,4,100,0.5,0.05,100,1.0,1.0,1.0,True,True,success,220,14293,7810,6483,1531,0.4859634371921784,0,1,3180.312,5,6,7,23040.0,budget,False,0.041872458066791296
same12_02,checks_g3b,pat2-theta0.5,40,400,4,100,0.5,0.05,69,1.0,0.69,0.8165680473372781,False,False,H1,87,5514,1165,4349,1911,0.6103491782869125,31,1,3570.3500000000004,5,5,6,13440.0,budget,False,0.014242582954466343
same12_02,checks_g3b,pat2-theta1.0,40,400,4,100,0.5,0.05,98,1.0,0.98,0.98989898989899,False,False,H1,116,7328,1165,6163,1461,0.4792971189378282,2,1,3570.3500000000004,5,5,6,13440.0,budget,False,0.026447459124028683
same12_02,checks_g3b,pat2-thetainf,40,400,4,100,0.5,0.05,100,1.0,1.0,1.0,True,True,success,118,7463,1165,6298,1416,0.4723767125265946,0,1,3570.3500000000004,5,5,6,13440.0,budget,False,0.02672820771113038
same12_02,checks_g3b,pat3-theta0.5,40,400,4,100,0.5,0.05,69,1.0,0.69,0.8165680473372781,False,False,H1,87,5514,1165,4349,1911,0.6103491782869125,31,1,3570.3500000000004,5,5,6,13440.0,budget,False,0.014590625185519457
same12_02,checks_g3b,pat3-theta1.0,40,400,4,100,0.5,0.05,98,1.0,0.98,0.98989898989899,False,False,H1,116,7328,1165,6163,1461,0.4792971189378282,2,1,3570.3500000000004,5,5,6,13440.0,budget,False,0.026327665895223618
same12_02,checks_g3b,pat3-thetainf,40,400,4,100,0.5,0.05,100,1.0,1.0,1.0,True,True,success,118,7463,1165,6298,1416,0.4723767125265946,0,1,3570.3500000000004,5,5,6,13440.0,budget,False,0.02681249985471368
same12_03,checks_g3b,pat2-theta0.5,28,400,4,100,0.3,0.02,100,1.0,1.0,1.0,True,True,success,160,5660,2138,3522,600,0.41905143860998084,0,1,910.0875000000001,4,6,7,13440.0,budget,False,0.02061633300036192
same12_03,checks_g3b,pat2-theta1.0,28,400,4,100,0.3,0.02,100,1.0,1.0,1.0,True,True,success,213,7565,4043,3522,600,0.41905143860998084,0,1,910.0875000000001,4,6,7,13440.0,budget,False,0.02662612497806549
same12_03,checks_g3b,pat2-thetainf,28,400,4,100,0.3,0.02,100,1.0,1.0,1.0,True,True,success,320,11368,7846,3522,600,0.41905143860998084,0,1,910.0875000000001,4,6,7,13440.0,budget,False,0.04231199994683266
same12_03,checks_g3b,pat3-theta0.5,28,400,4,100,0.3,0.02,100,1.0,1.0,1.0,True,True,success,160,5660,2138,3522,600,0.41905143860998084,0,1,910.0875000000001,4,6,7,13440.0,budget,False,0.02032812498509884
same12_03,checks_g3b,pat3-theta1.0,28,400,4,100,0.3,0.02,100,1.0,1.0,1.0,True,True,success,213,7565,4043,3522,600,0.41905143860998084,0,1,910.0875000000001,4,6,7,13440.0,budget,False,0.03951491694897413
same12_03,checks_g3b,pat3-thetainf,28,400,4,100,0.3,0.02,100,1.0,1.0,1.0,True,True,success,320,11368,7846,3522,600,0.41905143860998084,0,1,910.0875000000001,4,6,7,13440.0,budget,False,0.04159333370625973
same12_04,checks_g3b,pat2-theta0.5,59,400,4,100,0.3,0.02,56,1.0,0.56,0.717948717948718,False,False,H1,62,2240,202,2038,978,0.6214100152655109,44,1,1092.1053,4,5,6,7488.0,budget,False,0.006874999962747097
same12_04,checks_g3b,pat2-theta1.0,59,400,4,100,0.3,0.02,77,1.0,0.77,0.8700564971751412,False,False,H1,83,2996,202,2794,920,0.5233047999681858,23,1,1092.1053,4,5,6,7488.0,budget,False,0.011194415856152773
same12_04,checks_g3b,pat2-thetainf,59,400,4,100,0.3,0.02,100,1.0,1.0,1.0,True,True,success,113,4028,436,3592,628,0.4242774065825291,0,1,1092.1053,4,5,6,7488.0,budget,False,0.017870625015348196
same12_04,checks_g3b,pat3-theta0.5,59,400,4,100,0.3,0.02,56,1.0,0.56,0.717948717948718,False,False,H1,62,2240,202,2038,978,0.6214100152655109,44,1,1092.1053,4,5,6,7488.0,budget,False,0.006915625184774399
same12_04,checks_g3b,pat3-theta1.0,59,400,4,100,0.3,0.02,77,1.0,0.77,0.8700564971751412,False,False,H1,83,2996,202,2794,920,0.5233047999681858,23,1,1092.1053,4,5,6,7488.0,budget,False,0.011531416326761246
same12_04,checks_g3b,pat3-thetainf,59,400,4,100,0.3,0.02,100,1.0,1.0,1.0,True,True,success,113,4028,436,3592,628,0.4242774065825291,0,1,1092.1053,4,5,6,7488.0,budget,False,0.018124917056411505
same12_05,checks_g3b,pat2-theta0.5,17,400,4,100,0.3,0.02,50,1.0,0.5,0.6666666666666666,False,False,H1,55,2010,171,1839,973,0.6572988135541303,50,1,1064.1026,4,5,6,7296.0,budget,False,0.005969332996755838
same12_05,checks_g3b,pat2-theta1.0,17,400,4,100,0.3,0.02,68,1.0,0.68,0.8095238095238095,False,False,H1,73,2670,171,2499,991,0.5707778091716329,32,1,1064.1026,4,5,6,7296.0,budget,False,0.009285083040595055
same12_05,checks_g3b,pat2-thetainf,17,400,4,100,0.3,0.02,100,1.0,1.0,1.0,True,True,success,107,3919,254,3665,609,0.42167396857112205,0,1,1064.1026,4,5,6,7296.0,budget,False,0.017904208973050117
same12_05,checks_g3b,pat3-theta0.5,17,400,4,100,0.3,0.02,50,1.0,0.5,0.6666666666666666,False,False,H1,55,2010,171,1839,973,0.6572988135541303,50,1,1064.1026,4,5,6,7296.0,budget,False,0.006081124767661095
same12_05,checks_g3b,pat3-theta1.0,17,400,4,100,0.3,0.02,68,1.0,0.68,0.8095238095238095,False,False,H1,73,2670,171,2499,991,0.5707778091716329,32,1,1064.1026,4,5,6,7296.0,budget,False,0.009092959109693766
same12_05,checks_g3b,pat3-thetainf,17,400,4,100,0.3,0.02,100,1.0,1.0,1.0,True,True,success,107,3919,254,3665,609,0.42167396857112205,0,1,1064.1026,4,5,6,7296.0,budget,False,0.017497709020972252
same12_06,checks_g3b,pat2-theta0.5,13,400,5,80,0.6,0.05,68,1.0,0.85,0.918918918918919,False,False,H1,78,4877,594,4283,1517,0.5243403599439452,12,1,3692.3621,5,5,6,13632.0,budget,False,0.013213417027145624
same12_06,checks_g3b,pat2-theta1.0,13,400,5,80,0.6,0.05,80,1.0,1.0,1.0,True,True,success,97,6097,1073,5024,1270,0.4523734667272604,0,1,3692.3621,5,5,6,13632.0,budget,False,0.02055833302438259
same12_06,checks_g3b,pat2-thetainf,13,400,5,80,0.6,0.05,80,1.0,1.0,1.0,True,True,success,97,6097,1073,5024,1270,0.4523734667272604,0,1,3692.3621,5,5,6,13632.0,budget,False,0.020947415847331285
same12_06,checks_g3b,pat3-theta0.5,13,400,5,80,0.6,0.05,68,1.0,0.85,0.918918918918919,False,False,H1,78,4877,594,4283,1517,0.5243403599439452,12,1,3692.3621,5,5,6,13632.0,budget,False,0.013377250172197819
same12_06,checks_g3b,pat3-theta1.0,13,400,5,80,0.6,0.05,80,1.0,1.0,1.0,True,True,success,97,6097,1073,5024,1270,0.4523734667272604,0,1,3692.3621,5,5,6,13632.0,budget,False,0.02056720806285739
same12_06,checks_g3b,pat3-thetainf,13,400,5,80,0.6,0.05,80,1.0,1.0,1.0,True,True,success,97,6097,1073,5024,1270,0.4523734667272604,0,1,3692.3621,5,5,6,13632.0,budget,False,0.020801874808967113
same12_07,checks_g3b,pat2-theta0.5,25,400,5,80,0.6,0.05,80,1.0,1.0,1.0,True,True,success,152,9523,4495,5028,1288,0.45565761745335465,0,1,3575.351,5,6,7,24960.0,budget,False,0.028347750194370747
same12_07,checks_g3b,pat2-theta1.0,25,400,5,80,0.6,0.05,80,1.0,1.0,1.0,True,True,success,202,12689,7661,5028,1288,0.45565761745335465,0,1,3575.351,5,6,7,24960.0,budget,False,0.03884241729974747
same12_07,checks_g3b,pat2-thetainf,25,400,5,80,0.6,0.05,80,1.0,1.0,1.0,True,True,success,373,23547,18519,5028,1288,0.45565761745335465,0,1,3575.351,5,6,7,24960.0,budget,False,0.08096966613084078
same12_07,checks_g3b,pat3-theta0.5,25,400,5,80,0.6,0.05,80,1.0,1.0,1.0,True,True,success,152,9523,4495,5028,1288,0.45565761745335465,0,1,3575.351,5,6,7,24960.0,budget,False,0.02740145893767476
same12_07,checks_g3b,pat3-theta1.0,25,400,5,80,0.6,0.05,80,1.0,1.0,1.0,True,True,success,202,12689,7661,5028,1288,0.45565761745335465,0,1,3575.351,5,6,7,24960.0,budget,False,0.03854120755568147
same12_07,checks_g3b,pat3-thetainf,25,400,5,80,0.6,0.05,80,1.0,1.0,1.0,True,True,success,373,23547,18519,5028,1288,0.45565761745335465,0,1,3575.351,5,6,7,24960.0,budget,False,0.07995762536302209
same12_08,checks_g3b,pat2-theta0.5,65,400,5,80,0.6,0.05,80,1.0,1.0,1.0,True,True,success,143,9109,4119,4990,1244,0.445061641525499,0,1,3038.2976,5,6,7,23808.0,budget,False,0.02578024985268712
same12_08,checks_g3b,pat2-theta1.0,65,400,5,80,0.6,0.05,80,1.0,1.0,1.0,True,True,success,191,12185,7195,4990,1244,0.445061641525499,0,1,3038.2976,5,6,7,23808.0,budget,False,0.03250649990513921
same12_08,checks_g3b,pat2-thetainf,65,400,5,80,0.6,0.05,80,1.0,1.0,1.0,True,True,success,273,17407,12417,4990,1244,0.445061641525499,0,1,3038.2976,5,6,7,23808.0,budget,False,0.050131000112742186
same12_08,checks_g3b,pat3-theta0.5,65,400,5,80,0.6,0.05,80,1.0,1.0,1.0,True,True,success,143,9109,4119,4990,1244,0.445061641525499,0,1,3038.2976,5,6,7,23808.0,budget,False,0.026737709064036608
same12_08,checks_g3b,pat3-theta1.0,65,400,5,80,0.6,0.05,80,1.0,1.0,1.0,True,True,success,191,12185,7195,4990,1244,0.445061641525499,0,1,3038.2976,5,6,7,23808.0,budget,False,0.046531666070222855
same12_08,checks_g3b,pat3-thetainf,65,400,5,80,0.6,0.05,80,1.0,1.0,1.0,True,True,success,273,17407,12417,4990,1244,0.445061641525499,0,1,3038.2976,5,6,7,23808.0,budget,False,0.05111620808020234
same12_09,checks_g3b,pat2-theta0.5,131,1000,4,250,0.1,0.01,13,1.0,0.052,0.09885931558935361,False,False,H1,25,831,259,411,359,0.8860619785437572,237,2,624.0600000000001,4,4,7,2304.0,patience,False,0.003111375030130148
same12_09,checks_g3b,pat2-theta1.0,131,1000,4,250,0.1,0.01,13,1.0,0.052,0.09885931558935361,False,False,H1,25,831,259,411,359,0.8860619785437572,237,2,624.0600000000001,4,4,7,2304.0,patience,False,0.0029147090390324593
same12_09,checks_g3b,pat2-thetainf,131,1000,4,250,0.1,0.01,13,1.0,0.052,0.09885931558935361,False,False,H1,25,831,259,411,359,0.8860619785437572,237,2,624.0600000000001,4,4,7,2304.0,patience,False,0.002731707878410816
same12_09,checks_g3b,pat3-theta0.5,131,1000,4,250,0.1,0.01,83,0.963855421686747,0.32,0.4804804804804805,False,False,H1,93,3068,353,2771,1901,0.7708673785638722,173,2,624.0600000000001,4,7,8,18432.0,budget,False,0.016807499807327986
same12_09,checks_g3b,pat3-theta1.0,131,1000,4,250,0.1,0.01,111,0.9819819819819819,0.436,0.6038781163434903,False,False,H1,123,4087,425,3706,2280,0.7286768059791173,143,2,624.0600000000001,4,7,8,18432.0,budget,False,0.020479375030845404
same12_09,checks_g3b,pat3-thetainf,131,1000,4,250,0.1,0.01,219,1.0,0.876,0.9339019189765458,False,False,H1,347,11280,4017,7263,2337,0.544122750631946,31,3,624.0600000000001,4,7,8,18432.0,budget,False,0.09969775006175041
same12_10,checks_g3b,pat2-theta0.5,246,1000,4,250,0.1,0.01,140,1.0,0.56,0.717948717948718,False,False,H1,154,4823,379,4380,2242,0.6496599905883327,110,2,650.0624,4,7,8,19968.0,budget,False,0.028061999939382076
same12_10,checks_g3b,pat2-theta1.0,246,1000,4,250,0.1,0.01,193,1.0,0.772,0.871331828442438,False,False,H1,206,6424,379,6018,2278,0.5678477967381359,57,2,650.0624,4,7,8,19968.0,budget,False,0.04483975004404783
same12_10,checks_g3b,pat2-thetainf,246,1000,4,250,0.1,0.01,249,1.0,0.996,0.9979959919839679,False,True,H2,419,13014,5253,7734,1850,0.48250287518659063,1,2,650.0624,4,7,8,19968.0,budget,False,0.10607708292081952
same12_10,checks_g3b,pat3-theta0.5,246,1000,4,250,0.1,0.01,140,1.0,0.56,0.717948717948718,False,False,H1,154,4823,379,4380,2242,0.6496599905883327,110,2,650.0624,4,7,8,19968.0,budget,False,0.028047833126038313
same12_10,checks_g3b,pat3-theta1.0,246,1000,4,250,0.1,0.01,193,1.0,0.772,0.871331828442438,False,False,H1,206,6424,379,6018,2278,0.5678477967381359,57,2,650.0624,4,7,8,19968.0,budget,False,0.044565292075276375
same12_10,checks_g3b,pat3-thetainf,246,1000,4,250,0.1,0.01,249,1.0,0.996,0.9979959919839679,False,True,H2,419,13014,5253,7734,1850,0.48250287518659063,1,2,650.0624,4,7,8,19968.0,budget,False,0.09434416657313704
same12_11,checks_g3b,pat2-theta0.5,108,1000,4,250,0.1,0.01,250,1.0,1.0,1.0,True,True,success,337,11202,2843,8359,1901,0.48318724866789764,0,1,740.0703000000001,3,7,8,28416.0,budget,False,0.0525518748909235
same12_11,checks_g3b,pat2-theta1.0,108,1000,4,250,0.1,0.01,250,1.0,1.0,1.0,True,True,success,451,14920,6561,8359,1901,0.48318724866789764,0,1,740.0703000000001,3,7,8,28416.0,budget,False,0.06716912519186735
same12_11,checks_g3b,pat2-thetainf,108,1000,4,250,0.1,0.01,250,1.0,1.0,1.0,True,True,success,642,21273,12914,8359,1901,0.48318724866789764,0,1,740.0703000000001,3,7,8,28416.0,budget,False,0.11349275009706616
same12_11,checks_g3b,pat3-theta0.5,108,1000,4,250,0.1,0.01,250,1.0,1.0,1.0,True,True,success,337,11202,2843,8359,1901,0.48318724866789764,0,1,740.0703000000001,3,7,8,28416.0,budget,False,0.05177804082632065
same12_11,checks_g3b,pat3-theta1.0,108,1000,4,250,0.1,0.01,250,1.0,1.0,1.0,True,True,success,451,14920,6561,8359,1901,0.48318724866789764,0,1,740.0703000000001,3,7,8,28416.0,budget,False,0.06629012525081635
same12_11,checks_g3b,pat3-thetainf,108,1000,4,250,0.1,0.01,250,1.0,1.0,1.0,True,True,success,642,21273,12914,8359,1901,0.48318724866789764,0,1,740.0703000000001,3,7,8,28416.0,budget,False,0.11520629236474633
