job_id,case_id,status,cli_c,cli_min_k,cli_max_k,cli_k_trials,loaded_n,loaded_m,pipeline_seconds,observed_grid,grid_exactly_expected,cv_mle_observed,cv_mle_completed,all_11_k_have_3_complete_mle,all_cv_returned_at_10000_attempts,final_mle_count,final_mle_completed,final_vertex_update_attempts,final_below_maxiter,native_exit_banner_seen,scores_finite_and_negative,selected_k_from_stdout_source_rule,selected_k_from_tab,stdout_tab_argmax_equal,winner_runnerup_score_gap_stdout,winner_unambiguous_at_print_precision,tab_grid_exactly_expected,tab_exists,plt_exists,png_exists,gnuplot_missing_warning,emitted_cover_groups,prediction_groups,omitted_groups_from_stdout,cover_count_consistent_with_selected_k,result_sha256,stdout_sha256,tab_sha256,plt_sha256
lfr_n1000_o00_m20_s11__bigclam_native__s73,lfr_n1000_o00_m20_s11,COMPLETED,-1,5,100,10,1000,9861,12.818048499990255,"[5, 6, 8, 10, 13, 17, 22, 29, 39, 52, 100]",True,33,33,True,True,1,True,39000,True,True,True,22,22,True,689.6710039999998,True,True,True,True,False,True,22,22,0,True,ec889ca956d5c2294dcda239772cfaa413f38e12029577681bee6101cb8cd3d9,d3c5e999f034cf445aaefe8633fff821ed6f04fdc335a715f2eda40a6633717a,f2ac5cc05e4b78aaee3a34f455d03f2be8e97c54ddeeba247ce337169351a9f0,f3700a72e18179c1d8d967139d1b27c858dba7b16c4fe2f787916a08abed1e0d
lfr_n1000_o00_m20_s12__bigclam_native__s73,lfr_n1000_o00_m20_s12,COMPLETED,-1,5,100,10,1000,9666,12.709543999750167,"[5, 6, 8, 10, 13, 17, 22, 29, 39, 52, 100]",True,33,33,True,True,1,True,41000,True,True,True,22,22,True,443.71800099999746,True,True,True,True,False,True,22,22,0,True,e7bdc7aa0cfba5289b71c26403ca454abbf34d27ccf353aadf416e9cbeea52fc,3d3adecad6fb336ee03a2789bff6ed941af2f9b978f3f4771897c8964beaadc9,3c05c6f7aeafcb29e1747576ecbd4817e7d3c99fef3fdf051ad158989157d879,81f727cc0370c0072e85014ea2121c6643dff7341c84502a8d387ee57af5c257
lfr_n1000_o00_m50_s11__bigclam_native__s73,lfr_n1000_o00_m50_s11,COMPLETED,-1,5,100,10,1000,9861,17.015216667205095,"[5, 6, 8, 10, 13, 17, 22, 29, 39, 52, 100]",True,33,33,True,True,1,True,53000,True,True,True,17,17,True,606.3396180000054,True,True,True,True,False,True,17,17,0,True,866474daafc5ba4313e369a7dc70a354940b81f3c4f33408469213c01b2a21d2,be7f6883067fb4dceaa39cf8010c57631adfca59492d746c337e7accbcb3d2c0,25dcfca75e363b20597fde1c8732ebf1847aea5dac9dddc4b08f1ad1ad0cb5af,d8656f7fc479c93141cb2c925ab1dafdff4f77a8ec4aec20d0442573747f41d1
lfr_n1000_o00_m50_s12__bigclam_native__s73,lfr_n1000_o00_m50_s12,COMPLETED,-1,5,100,10,1000,9666,17.10464279074222,"[5, 6, 8, 10, 13, 17, 22, 29, 39, 52, 100]",True,33,33,True,True,1,True,47000,True,True,True,17,17,True,141.50990599999932,True,True,True,True,False,True,17,17,0,True,3f66e4d184dbb6abd3ad413f4f28797138e131ba9efcf656a26903945b07959d,b8a444ee3c4cc558fe5536db10491eb45cb2bd9c9ae1cb7bc364a2da4c131585,b3aec281a50cc788286d8cbffb343e79cce602ea9986119eadc3719c1ad78d4f,41cc15dd1d4c97e52dedc4cc187c5c44c4afce692210c41654baf03aff4875c7
lfr_n1000_o20_m20_s11__bigclam_native__s73,lfr_n1000_o20_m20_s11,COMPLETED,-1,5,100,10,1000,9861,12.99678708286956,"[5, 6, 8, 10, 13, 17, 22, 29, 39, 52, 100]",True,33,33,True,True,1,True,45000,True,True,True,29,29,True,176.14663100000325,True,True,True,True,False,True,29,29,0,True,1d170fda77340016de064f9c5b746b4561ec21ccdc8374cc9b0df9cdc49ee443,6098deb89615f45d69f25f006226a758817b2dd36d50462c19468aca7a607f36,43b4c1d81eb4ca020bc4401c2ed7c347e56fa8d4ea4d191adf5948fbb2211110,967a6fbd93595d11b6946fe7f0116d82f4b161d8f5cf622b24a357ffd34292a0
lfr_n1000_o20_m20_s12__bigclam_native__s73,lfr_n1000_o20_m20_s12,COMPLETED,-1,5,100,10,1000,9666,13.22575195832178,"[5, 6, 8, 10, 13, 17, 22, 29, 39, 52, 100]",True,33,33,True,True,1,True,55000,True,True,True,29,29,True,94.96828099999766,True,True,True,True,False,True,29,29,0,True,97c79bebb5ed70bd1809c6d0141a0c740fc6eb5814e63b49ac29a8bb658474b4,90b35d72253d835c4148dc25d979459769e663a947ef7667d55a69c53dc3aec5,54875143a2a16a30354b3913e247316e02e8dd724140fa2e7bc8a7be89d41762,7caf9919cfc85e9c606961ef88b154379464b9ee65c29de1be6435c1190229ff
lfr_n1000_o20_m50_s11__bigclam_native__s73,lfr_n1000_o20_m50_s11,COMPLETED,-1,5,100,10,1000,9861,18.248579083010554,"[5, 6, 8, 10, 13, 17, 22, 29, 39, 52, 100]",True,33,33,True,True,1,True,89000,True,True,True,29,29,True,345.17251199999737,True,True,True,True,False,True,29,29,0,True,ffed8a1fb8884fa2f4be5812cd668da1b790896378ed6096a6565af889e6c08f,753a1fabfde0a19681be7afe601891439d713b207a8302eb9d51b0da761f1d05,556578de1e7fc3f0bf363d54555c186a513a774a86da8baf77e6d4b3a4a6777c,5530bb6f087d85258d7fc6c529dc5672fc27a6ca81df49fade611d5e2a98e057
lfr_n1000_o20_m50_s12__bigclam_native__s73,lfr_n1000_o20_m50_s12,COMPLETED,-1,5,100,10,1000,9666,16.67486874992028,"[5, 6, 8, 10, 13, 17, 22, 29, 39, 52, 100]",True,33,33,True,True,1,True,47000,True,True,True,5,5,True,45.07389300000068,True,True,True,True,False,True,5,5,0,True,75f8dc7f102a28ce398f6d71f9a80ed91677836bb5c1b933fbc1d27b27f4cff6,65fc3af8ab5e450b6473e06a70fcc3f93ff406f00c9ef2862cd0b19a399baa63,6677c594e57900d8e2bb7521a7818d2332e85590f8f15046e7ef21d5444a83d4,7f99db6f12951279c11c7a0dfdf557cfd23a65b82e36cddbad73a05f70646865
lfr_n1000_o40_m20_s11__bigclam_native__s73,lfr_n1000_o40_m20_s11,COMPLETED,-1,5,100,10,1000,9861,13.680023625027388,"[5, 6, 8, 10, 13, 17, 22, 29, 39, 52, 100]",True,33,33,True,True,1,True,49000,True,True,True,29,29,True,115.70118899999943,True,True,True,True,False,True,29,29,0,True,6756008af0da43bd408963b8139c6994699e8fbfac08cf03bc7644b24a05243c,51442e73478f506ccc35e9a77268a6f28a0f56560b2037bca87331ca2680fdf5,02887a7e2660a6262400374cffeed77d1ed154fb37cfe4e086a2e208f6d53129,5fad796c7c3330be7281c0f30cbe3b4a88b664af128fa3c96840daefa58afc82
lfr_n1000_o40_m20_s12__bigclam_native__s73,lfr_n1000_o40_m20_s12,COMPLETED,-1,5,100,10,1000,9666,13.644591290969402,"[5, 6, 8, 10, 13, 17, 22, 29, 39, 52, 100]",True,33,33,True,True,1,True,47000,True,True,True,29,29,True,772.9743340000059,True,True,True,True,False,True,29,29,0,True,c0c8177893154956aee2eb48a564a96e669ac2943cf17842801a0d5d505c7c4a,070669d5e95c4073ff0b1f999a5c482539936cd784a9911b8505cad8b555e00d,33a36e82cadf5ef427a2fb7a639f8dd7af5805d62047c94bce69343874a3bac2,20cd34aa19b423c5c134a3fe557809f3aa6daf290ba4553d27d15cbd56fedbb4
lfr_n1000_o40_m50_s11__bigclam_native__s73,lfr_n1000_o40_m50_s11,COMPLETED,-1,5,100,10,1000,9861,17.383895667269826,"[5, 6, 8, 10, 13, 17, 22, 29, 39, 52, 100]",True,33,33,True,True,1,True,45000,True,True,True,5,5,True,452.65432500000315,True,True,True,True,False,True,5,5,0,True,ffa1a6bf756bfd4f7bd0ce4db6e3535ef21fd71fe6d086f23ec9eed5af1e571e,64442e589c4210c3e039ad71589d841e5b15c17bd8e643547f7669a4e1cccee5,5cfd65f2d8156ea7c88fa9b7a8a457461d5904000310192592b481016e5002f8,2dad557043cefa91354e646f0df78ad25aa646a84c672ae0174de284e62f5219
lfr_n1000_o40_m50_s12__bigclam_native__s73,lfr_n1000_o40_m50_s12,COMPLETED,-1,5,100,10,1000,9666,17.193383667152375,"[5, 6, 8, 10, 13, 17, 22, 29, 39, 52, 100]",True,33,33,True,True,1,True,39000,True,True,True,5,5,True,406.6814999999988,True,True,True,True,False,True,5,5,0,True,89cbae2a343832d8a24fae517296dae270c4975581dacd628ed9cf2bb5e9e0a3,bb97b4d786558332e9dfecd2f5756307061b30cffd47cbb232ec78264a9b49b1,6d13dfe2946bf26b4764317ee93ec5778bf81ec10a6807441f91a61835dfb9a1,312b693c1539b262487668421261661d0914360139bc40a9142588ae236c7568
