job_id,case_id,method,information_policy,device,threads,seed,status,pipeline_seconds,peak_tree_rss_bytes,prediction_kind,matched_macro_f1,matched_membership_micro_f1,overlap_f1,extra_membership_recall,predicted_groups,metric_status,evaluation_seconds,onmi,onmi_status,at_least_two_correct_recall,small_group_mean_matched_f1,small_group_size_cutoff,pred_node_coverage,overlap_node_precision,overlap_node_recall,overlap_node_f1,extra_membership_after_first_precision,extra_membership_after_first_recall,extra_membership_after_first_f1
lfr_n1000_o00_m50_s11__nocd_author_refcheck500__s73,lfr_n1000_o00_m50_s11,nocd_author_refcheck500,oracle_K,cpu,1,73,COMPLETED,5.6214198330417275,426229760,completed,0.9262297984027911,0.9319664492078286,0.0,,19,SCORED,0.01112920930609107,0.8046334939321493,SCORED,,0.8986664159427529,32.5,1.0,0.0,,0.0,0.0,,0.0
lfr_n5000_o00_m50_s12__nocd_author_refcheck500__s73,lfr_n5000_o00_m50_s12,nocd_author_refcheck500,oracle_K,cpu,1,73,COMPLETED,24.838255832903087,891863040,completed,0.4465162360579139,0.5363037424437954,0.0,,91,SCORED,0.041668249759823084,0.34145887797389013,SCORED,,0.14538117568209022,28.0,0.9998,0.0,,0.0,0.0,,0.0
lfr_n5000_o20_m20_s12__nocd_author_refcheck500__s73,lfr_n5000_o20_m20_s12,nocd_author_refcheck500,oracle_K,cpu,1,73,COMPLETED,26.33939545787871,767754240,completed,0.3919042818518749,0.45815415150512734,0.30247813411078717,0.314,100,SCORED,0.04748912528157234,0.2261011634149681,SCORED,0.314,0.12476260560494139,29.0,0.9948,0.18493761140819964,0.83,0.30247813411078717,0.04383026242322725,0.314,0.07692307692307693
lfr_n1000_o20_m20_s12__nocd_author_refcheck500__s73,lfr_n1000_o20_m20_s12,nocd_author_refcheck500,oracle_K,cpu,1,73,COMPLETED,5.874306584242731,431538176,completed,0.9414373767943421,0.9628712871287128,0.9052132701421801,0.905,23,SCORED,0.007660584058612585,0.9551439937450554,SCORED,0.905,0.7857259313605608,32.5,0.999,0.8603603603603603,0.955,0.9052132701421801,0.8044444444444444,0.905,0.851764705882353
lfr_n1000_o00_m50_s12__nocd_author_refcheck500__s73,lfr_n1000_o00_m50_s12,nocd_author_refcheck500,oracle_K,cpu,1,73,COMPLETED,5.382590958848596,421937152,completed,0.9149118252998417,0.9208103130755064,0.0,,18,SCORED,0.0067777917720377445,0.7765277344212307,SCORED,,0.8838285730197942,32.25,1.0,0.0,,0.0,0.0,,0.0
lfr_n1000_o40_m50_s11__nocd_author_refcheck500__s73,lfr_n1000_o40_m50_s11,nocd_author_refcheck500,oracle_K,cpu,1,73,COMPLETED,6.0094901248812675,473284608,completed,0.7572579582944567,0.7646867900032457,0.6246056782334385,0.555,26,SCORED,0.007184874732047319,0.5507686548717764,SCORED,0.555,0.6159419475552779,32.25,0.989,0.5390199637023594,0.7425,0.6246056782334385,0.3208092485549133,0.555,0.4065934065934066
lfr_n1000_o40_m20_s11__nocd_author_refcheck500__s73,lfr_n1000_o40_m20_s11,nocd_author_refcheck500,oracle_K,cpu,1,73,COMPLETED,6.089988292194903,438337536,completed,0.8975185003684369,0.9516072059342988,0.9396135265700483,0.915,26,SCORED,0.006802082993090153,0.9427101514626453,SCORED,0.915,0.6309155241043786,32.25,1.0,0.9088785046728972,0.9725,0.9396135265700483,0.8491879350348028,0.915,0.8808664259927798
lfr_n5000_o20_m50_s11__nocd_author_refcheck500__s73,lfr_n5000_o20_m50_s11,nocd_author_refcheck500,oracle_K,cpu,1,73,COMPLETED,26.14835545886308,748404736,completed,0.32089317163049574,0.40850114483649386,0.2136121361213612,0.129,100,SCORED,0.04476787522435188,0.10327943037463472,SCORED,0.129,0.0800634061931045,27.0,0.9652,0.1343476018566271,0.521,0.2136121361213612,0.020782986950217495,0.129,0.03579852920771472
lfr_n1000_o20_m50_s11__nocd_author_refcheck500__s73,lfr_n1000_o20_m50_s11,nocd_author_refcheck500,oracle_K,cpu,1,73,COMPLETED,5.656473207753152,433946624,completed,0.7723619397904994,0.7954040029651593,0.4992,0.61,24,SCORED,0.007502666674554348,0.6108222752656077,SCORED,0.61,0.5786493477282951,30.75,0.992,0.36705882352941177,0.78,0.4992,0.24110671936758893,0.61,0.34560906515580736
lfr_n5000_o40_m50_s12__nocd_author_refcheck500__s73,lfr_n5000_o40_m50_s12,nocd_author_refcheck500,oracle_K,cpu,1,73,COMPLETED,28.03012058418244,811057152,completed,0.22083328603487823,0.29480775932164016,0.31013992716120375,0.0605,103,SCORED,0.0444451249204576,0.013670876657700752,SCORED,0.0605,0.07277277986172218,29.0,0.8528,0.25147653092943734,0.4045,0.31013992716120375,0.02032247228753779,0.0605,0.03042494342469198
lfr_n5000_o40_m20_s12__nocd_author_refcheck500__s73,lfr_n5000_o40_m20_s12,nocd_author_refcheck500,oracle_K,cpu,1,73,COMPLETED,28.332868667319417,806584320,completed,0.3112099238423021,0.4030734595996672,0.5266825019794141,0.2525,109,SCORED,0.04769604234024882,0.13049200199780775,SCORED,0.2525,0.08535634276586922,29.0,0.9906,0.3853997682502897,0.8315,0.5266825019794141,0.05955188679245283,0.2525,0.09637404580152671
lfr_n1000_o20_m20_s11__nocd_author_refcheck500__s73,lfr_n1000_o20_m20_s11,nocd_author_refcheck500,oracle_K,cpu,1,73,COMPLETED,6.191077250055969,438222848,completed,0.9461871387018107,0.9599669830788279,0.9216152019002375,0.915,24,SCORED,0.0073048328049480915,0.9553514308691664,SCORED,0.915,1.0,30.75,1.0,0.8778280542986425,0.97,0.9216152019002375,0.820627802690583,0.915,0.8652482269503546
lfr_n5000_o40_m50_s11__nocd_author_refcheck500__s73,lfr_n5000_o40_m50_s11,nocd_author_refcheck500,oracle_K,cpu,1,73,COMPLETED,28.511965041980147,814006272,completed,0.2179319883597255,0.2921701984149289,0.30270682424704537,0.062,105,SCORED,0.045246291905641556,0.004156246128721097,SCORED,0.062,0.07261784396774167,27.0,0.8396,0.24460874922982132,0.397,0.30270682424704537,0.018807826482633096,0.062,0.028860700570231584
lfr_n1000_o40_m50_s12__nocd_author_refcheck500__s73,lfr_n1000_o40_m50_s12,nocd_author_refcheck500,oracle_K,cpu,1,73,COMPLETED,6.125112040899694,471007232,completed,0.704341378367036,0.7081761006289308,0.6268958543983822,0.48,26,SCORED,0.007962457835674286,0.4635370923177096,SCORED,0.48,0.612447741902877,32.25,0.994,0.5263157894736842,0.775,0.6268958543983822,0.24427480916030533,0.48,0.32377740303541314
lfr_n5000_o20_m50_s12__nocd_author_refcheck500__s73,lfr_n5000_o20_m50_s12,nocd_author_refcheck500,oracle_K,cpu,1,73,COMPLETED,25.75500095775351,737280000,completed,0.3075223338341211,0.4015142410767937,0.2345132743362832,0.134,106,SCORED,0.04421795904636383,0.11953255370056096,SCORED,0.134,0.12926081431024067,29.0,0.9688,0.15056818181818182,0.53,0.2345132743362832,0.023111417730251813,0.134,0.03942335981170932
lfr_n1000_o00_m20_s12__nocd_author_refcheck500__s73,lfr_n1000_o00_m20_s12,nocd_author_refcheck500,oracle_K,cpu,1,73,COMPLETED,5.353277792222798,421969920,completed,0.9297573435504469,0.9635108481262328,0.0,,18,SCORED,0.007166583091020584,0.9570987360533344,SCORED,,0.7471264367816092,32.25,1.0,0.0,,0.0,0.0,,0.0
lfr_n1000_o00_m20_s11__nocd_author_refcheck500__s73,lfr_n1000_o00_m20_s11,nocd_author_refcheck500,oracle_K,cpu,1,73,COMPLETED,5.5338087091222405,457408512,completed,0.9303931766174328,0.9588638589618022,0.0,,19,SCORED,0.006263249553740025,0.9471230036419714,SCORED,,0.7354940711462451,32.5,1.0,0.0,,0.0,0.0,,0.0
lfr_n5000_o00_m20_s12__nocd_author_refcheck500__s73,lfr_n5000_o00_m20_s12,nocd_author_refcheck500,oracle_K,cpu,1,73,COMPLETED,24.98943524993956,893812736,completed,0.48898061026654427,0.5488573947243507,0.0,,91,SCORED,0.04057274991646409,0.39808573393790525,SCORED,,0.13993870307342177,28.0,1.0,0.0,,0.0,0.0,,0.0
lfr_n5000_o20_m20_s11__nocd_author_refcheck500__s73,lfr_n5000_o20_m20_s11,nocd_author_refcheck500,oracle_K,cpu,1,73,COMPLETED,26.595013207755983,753860608,completed,0.37751075155189157,0.46477246477246476,0.34286833855799376,0.308,98,SCORED,0.04571887478232384,0.24648686103846534,SCORED,0.308,0.12187700431006053,27.0,0.9984,0.2132066276803119,0.875,0.34286833855799376,0.048703352308665404,0.308,0.08410704533042053
lfr_n1000_o40_m20_s12__nocd_author_refcheck500__s73,lfr_n1000_o40_m20_s12,nocd_author_refcheck500,oracle_K,cpu,1,73,COMPLETED,6.30228554084897,440303616,completed,0.9456794696553005,0.9647639182522904,0.9619631901840491,0.9475,26,SCORED,0.007719832938164473,0.9577563927486763,SCORED,0.9475,0.808582449373192,32.25,1.0,0.944578313253012,0.98,0.9619631901840491,0.865296803652968,0.9475,0.9045346062052506
lfr_n1000_o20_m50_s12__nocd_author_refcheck500__s73,lfr_n1000_o20_m50_s12,nocd_author_refcheck500,oracle_K,cpu,1,73,COMPLETED,5.843655915930867,432766976,completed,0.8011858556170458,0.8213751868460388,0.528052805280528,0.63,23,SCORED,0.006337624974548817,0.6325962476445156,SCORED,0.63,0.5959545419690347,32.5,0.997,0.39408866995073893,0.8,0.528052805280528,0.2630480167014614,0.63,0.3711340206185567
lfr_n5000_o40_m20_s11__nocd_author_refcheck500__s73,lfr_n5000_o40_m20_s11,nocd_author_refcheck500,oracle_K,cpu,1,73,COMPLETED,28.442678207997233,802062336,completed,0.32532692878223457,0.4051360496917443,0.5102943419246607,0.284,126,SCORED,0.04738058289512992,0.11726002358669191,SCORED,0.284,0.09824343164117283,27.0,0.9858,0.3671274961597542,0.8365,0.5102943419246607,0.05889672335130651,0.284,0.0975609756097561
lfr_n5000_o00_m20_s11__nocd_author_refcheck500__s73,lfr_n5000_o00_m20_s11,nocd_author_refcheck500,oracle_K,cpu,1,73,COMPLETED,24.503970792051405,720896000,completed,0.4647716574926278,0.5412749605434708,0.0,,94,SCORED,0.04182354221120477,0.4110445459169496,SCORED,,0.13645187684276402,27.0,1.0,0.0,,0.0,0.0,,0.0
lfr_n5000_o00_m50_s11__nocd_author_refcheck500__s73,lfr_n5000_o00_m50_s11,nocd_author_refcheck500,oracle_K,cpu,1,73,COMPLETED,24.097742249723524,725614592,completed,0.41393311888863715,0.4913848944163752,0.0,,95,SCORED,0.04179241694509983,0.32306893558907723,SCORED,,0.13963463092627856,27.0,0.999,0.0,,0.0,0.0,,0.0
