F1,Z,Z_exact,case_id,completion_claim,components,cut,hull_F1,observed_not_completion_seconds,phi,precision,query_index,raw_path,raw_sha256,recall,seed,status,task,touched_over_output,touched_volume,volume,wrapper_seconds
1.0,0.22698670081913533,1750363/7711302,lfr_n1000_o00_m20_s11,True,1,81,0.20168067226890757,0.6640271251089871,0.2071611253196931,1.0,0,results/m4/dev_main_v12_002/raw/lfr_n1000_o00_m20_s11_q00_main.json.gz,92ef35b87e9b597be9f5704e82d7c80e036926d39b10f2212ea41bb47c0cbc53,1.0,550,COMPLETED,lfr_n1000_o00_m20_s11_q00_main,21.161125319693095,8274,391,0.6640271251089871
1.0,0.22698670081913533,1750363/7711302,lfr_n1000_o00_m20_s11,True,1,81,1.0,0.34656883403658867,0.2071611253196931,1.0,1,results/m4/dev_main_v12_002/raw/lfr_n1000_o00_m20_s11_q01_main.json.gz,0141b87a54a631d66a943d8ac409fad3909b54398640f5b675e4845cf311c617,1.0,381,COMPLETED,lfr_n1000_o00_m20_s11_q01_main,7.5038363171355495,2934,391,0.34656883403658867
1.0,0.24107032012059945,54371/225540,lfr_n1000_o00_m20_s12,True,1,166,1.0,0.4729446666315198,0.1976190476190476,1.0,0,results/m4/dev_main_v12_002/raw/lfr_n1000_o00_m20_s12_q00_main.json.gz,79b056abf91bd95bd0a3b660c6a9f3f2339362e52ce830964639d84209ab5606,1.0,609,COMPLETED,lfr_n1000_o00_m20_s12_q00_main,4.908333333333333,4123,840,0.4729446666315198
1.0,0.24107032012059945,54371/225540,lfr_n1000_o00_m20_s12,True,1,166,1.0,0.41246987506747246,0.1976190476190476,1.0,1,results/m4/dev_main_v12_002/raw/lfr_n1000_o00_m20_s12_q01_main.json.gz,dcc0d36f8c8983f529516339e4fa65039883e1a3b9c932a7a55f3bc17b7964d3,1.0,416,COMPLETED,lfr_n1000_o00_m20_s12_q01_main,3.4630952380952382,2909,840,0.41246987506747246
1.0,0.5228045340436144,1263067/2415945,lfr_n1000_o00_m50_s11,True,1,244,1.0,0.36907995818182826,0.49795918367346936,1.0,0,results/m4/dev_main_v12_002/raw/lfr_n1000_o00_m50_s11_q00_main.json.gz,ca8d9fdedb7864b206035074aa53b343437b6d0d7cae8b2f0e99cb319120fc6c,1.0,599,COMPLETED,lfr_n1000_o00_m50_s11_q00_main,6.289795918367347,3082,490,0.36907995818182826
1.0,0.5228045340436144,1263067/2415945,lfr_n1000_o00_m50_s11,True,1,244,1.0,0.5794138750061393,0.49795918367346936,1.0,1,results/m4/dev_main_v12_002/raw/lfr_n1000_o00_m50_s11_q01_main.json.gz,5adef262f9c22d71ddc5916fb02b869b6a6c8c91939770df6e545b641fdcd722,1.0,394,COMPLETED,lfr_n1000_o00_m50_s11_q01_main,12.83265306122449,6288,490,0.5794138750061393
1.0,0.5438934609505883,325951/599292,lfr_n1000_o00_m50_s12,True,1,419,1.0,0.6270211250521243,0.5005973715651135,1.0,0,results/m4/dev_main_v12_002/raw/lfr_n1000_o00_m50_s12_q00_main.json.gz,87eff0278d65aa9c62662804977eddd340fca8b5bca54f068a5196942a35f60d,1.0,523,COMPLETED,lfr_n1000_o00_m50_s12_q00_main,7.655913978494624,6408,837,0.6270211250521243
1.0,0.5438934609505883,325951/599292,lfr_n1000_o00_m50_s12,True,1,419,1.0,0.5028406670317054,0.5005973715651135,1.0,1,results/m4/dev_main_v12_002/raw/lfr_n1000_o00_m50_s12_q01_main.json.gz,e1ebaa334e57002f738e949c8f994dec1493d3bb1049ccbe8c857a4531e9f493,1.0,333,COMPLETED,lfr_n1000_o00_m50_s12_q01_main,6.158900836320191,5155,837,0.5028406670317054
1.0,0.4960019709855934,20810593/41956674,sbm_k4_r0_rep0,True,1,1584,1.0,0.28551187505945563,0.24316856002456247,1.0,0,results/m4/dev_main_v12_002/raw/sbm_k4_r0_rep0_q00_main.json.gz,8a36e4b266d22cea37203115b957e2ee35502fe5075e89ae82f91d4caa339648,1.0,13,COMPLETED,sbm_k4_r0_rep0_q00_main,1.1532084740558797,7512,6514,0.28551187505945563
1.0,0.4960019709855934,20810593/41956674,sbm_k4_r0_rep0,True,1,1584,0.6802721088435374,0.26039879210293293,0.24316856002456247,1.0,1,results/m4/dev_main_v12_002/raw/sbm_k4_r0_rep0_q01_main.json.gz,57f6c061e283dd69ef34383b114d0172325e389bbd25f0dc3723ca13737689d7,1.0,97,COMPLETED,sbm_k4_r0_rep0_q01_main,2.9829597789376727,19431,6514,0.26039879210293293
1.0,0.4868836118836119,432785/888888,sbm_k4_r0_rep1,True,1,1542,1.0,0.2870351248420775,0.23534798534798534,1.0,0,results/m4/dev_main_v12_002/raw/sbm_k4_r0_rep1_q00_main.json.gz,f7143e403f5723d754d56f2e4defb69e13d58e942e90dfc640b5e4339b007cf8,1.0,55,COMPLETED,sbm_k4_r0_rep1_q00_main,2.382173382173382,15608,6552,0.2870351248420775
1.0,0.4868836118836119,432785/888888,sbm_k4_r0_rep1,True,1,1542,0.45248868778280543,0.2144496669061482,0.23534798534798534,1.0,1,results/m4/dev_main_v12_002/raw/sbm_k4_r0_rep1_q01_main.json.gz,ccbc680776385f23f83f9e528a587013772faf87225ca3dc3a7de574040f10cb,1.0,67,COMPLETED,sbm_k4_r0_rep1_q01_main,3.419261294261294,22403,6552,0.2144496669061482
1.0,0.48679123061799606,19870764/40819889,sbm_k4_r0_rep2,True,1,1526,1.0,0.34254141710698605,0.24076995897759546,1.0,0,results/m4/dev_main_v12_002/raw/sbm_k4_r0_rep2_q00_main.json.gz,e275e2c55f2716e33c5bcf390baaa9db83511a7f6ffa64312afa06bdb6bfc1a9,1.0,14,COMPLETED,sbm_k4_r0_rep2_q00_main,1.1506784474597664,7293,6338,0.34254141710698605
1.0,0.48679123061799606,19870764/40819889,sbm_k4_r0_rep2,True,1,1526,1.0,0.2517542503774166,0.24076995897759546,1.0,1,results/m4/dev_main_v12_002/raw/sbm_k4_r0_rep2_q01_main.json.gz,7e0d6b985afe5fc2b7c42c9bd7e1417e98c12e0cfc9354b10b688b3235f9ef18,1.0,88,COMPLETED,sbm_k4_r0_rep2_q01_main,2.5763647838434838,16329,6338,0.2517542503774166
1.0,0.4191931368412593,41729/99546,sbm_k4_r1_rep0,True,1,596,1.0,0.1908959997817874,0.1688385269121813,1.0,0,results/m4/dev_main_v12_002/raw/sbm_k4_r1_rep0_q00_main.json.gz,5b78fe137ae93f3838eb5471a264b5a2615facb598b13a1afcc719af22355e90,1.0,27,COMPLETED,sbm_k4_r1_rep0_q00_main,2.546175637393768,8988,3530,0.1908959997817874
1.0,0.4191931368412593,41729/99546,sbm_k4_r1_rep0,True,1,596,0.5102040816326531,0.21883841697126627,0.1688385269121813,1.0,1,results/m4/dev_main_v12_002/raw/sbm_k4_r1_rep0_q01_main.json.gz,6758c9fc3544af9ff5f7c1aef2060e1d065c5f5623b28e78e5e7db016f296e02,1.0,49,COMPLETED,sbm_k4_r1_rep0_q01_main,3.631728045325779,12820,3530,0.21883841697126627
1.0,0.4210581697979021,5421977/12877026,sbm_k4_r1_rep1,True,1,608,1.0,0.20578404096886516,0.16860787576261785,1.0,0,results/m4/dev_main_v12_002/raw/sbm_k4_r1_rep1_q00_main.json.gz,709227ce69ba3c463352db6e415e2c7c8862f8ad3a9b091e2326cfe9161612c6,1.0,85,COMPLETED,sbm_k4_r1_rep1_q00_main,2.2878535773710484,8250,3606,0.20578404096886516
1.0,0.4210581697979021,5421977/12877026,sbm_k4_r1_rep1,True,1,608,1.0,0.25448699994012713,0.16860787576261785,1.0,1,results/m4/dev_main_v12_002/raw/sbm_k4_r1_rep1_q01_main.json.gz,95f37a508758ada4bd764aaa3dd482cb4b3a154dfe458c8a6d662474f73f4b49,1.0,2,COMPLETED,sbm_k4_r1_rep1_q01_main,1.6209095951192456,5845,3606,0.25448699994012713
1.0,0.4176294591876948,5387699/12900668,sbm_k4_r1_rep2,True,1,602,0.45146726862302483,0.1682867077179253,0.1675946547884187,1.0,0,results/m4/dev_main_v12_002/raw/sbm_k4_r1_rep2_q00_main.json.gz,a08c238478f6e7d6b7f07000d4483c845b02c8582518bf97e9d9a21cbea4583d,1.0,70,COMPLETED,sbm_k4_r1_rep2_q00_main,3.462416481069042,12437,3592,0.1682867077179253
1.0,0.4176294591876948,5387699/12900668,sbm_k4_r1_rep2,True,1,602,1.0,0.19102470763027668,0.1675946547884187,1.0,1,results/m4/dev_main_v12_002/raw/sbm_k4_r1_rep2_q01_main.json.gz,958b52e099ba0ba3a0d7f25313cedd3d0dcae9479582bab174025c4ab0b33b3f,1.0,43,COMPLETED,sbm_k4_r1_rep2_q01_main,1.0773942093541202,3870,3592,0.19102470763027668
1.0,0.44040482005165554,10073065/22872286,sbm_k4_r2_rep0,True,1,912,1.0,0.23521258402615786,0.1908748430305567,1.0,0,results/m4/dev_main_v12_002/raw/sbm_k4_r2_rep0_q00_main.json.gz,6e295f2fe43d39cd8a90db42cab38404f3ba06e8a7bf1ca27c53e13d111c5faf,1.0,51,COMPLETED,sbm_k4_r2_rep0_q00_main,1.1111343658434492,5309,4778,0.23521258402615786
1.0,0.44040482005165554,10073065/22872286,sbm_k4_r2_rep0,True,1,912,1.0,0.28062945837154984,0.1908748430305567,1.0,1,results/m4/dev_main_v12_002/raw/sbm_k4_r2_rep0_q01_main.json.gz,cc8e6ee92d2d02ccfbffe48acab3ca602c029c6c94df479be8d74511d9425019,1.0,75,COMPLETED,sbm_k4_r2_rep0_q01_main,1.1912934282126413,5692,4778,0.28062945837154984
1.0,0.45524621704949575,5773387/12681900,sbm_k4_r2_rep1,True,1,971,0.4134366925064599,0.20859991712495685,0.20672769853097722,1.0,0,results/m4/dev_main_v12_002/raw/sbm_k4_r2_rep1_q00_main.json.gz,d5176b73b923bdf85d7a1c5a042bc6a7ddc213426591313980601e33993947fc,1.0,25,COMPLETED,sbm_k4_r2_rep1_q00_main,3.8635299127102405,18147,4697,0.20859991712495685
1.0,0.45524621704949575,5773387/12681900,sbm_k4_r2_rep1,True,1,971,1.0,0.28671474987640977,0.20672769853097722,1.0,1,results/m4/dev_main_v12_002/raw/sbm_k4_r2_rep1_q01_main.json.gz,d1573ce4bc9c20e673459380a3efa74190448d4b3792f4c3238717e0aa5fcf17,1.0,74,COMPLETED,sbm_k4_r2_rep1_q01_main,1.17096018735363,5500,4697,0.28671474987640977
1.0,0.4409753982288893,65084/147591,sbm_k4_r2_rep2,True,1,912,1.0,0.23804612504318357,0.1935483870967742,1.0,0,results/m4/dev_main_v12_002/raw/sbm_k4_r2_rep2_q00_main.json.gz,7c76cadd454a9d8966eec7ddca7104249c6331cb2a7c20f468edbca7218d946c,1.0,38,COMPLETED,sbm_k4_r2_rep2_q00_main,1.1383701188455009,5364,4712,0.23804612504318357
1.0,0.4409753982288893,65084/147591,sbm_k4_r2_rep2,True,1,912,1.0,0.25564691703766584,0.1935483870967742,1.0,1,results/m4/dev_main_v12_002/raw/sbm_k4_r2_rep2_q01_main.json.gz,9c2ae77ba0be814f02d1609726d4593c2ea868613ae3978a8a4c7315e90e10fb,1.0,9,COMPLETED,sbm_k4_r2_rep2_q01_main,1.2005517826825127,5657,4712,0.25564691703766584
1.0,0.4691396784251302,120167265/256143896,sbm_k4_r3_rep0,True,1,1771,1.0,1.1888657910749316,0.22307595415039677,1.0,0,results/m4/dev_main_v12_002/raw/sbm_k4_r3_rep0_q00_main.json.gz,8702469e24de5bc19ac2684884c328e26b68623f4551d8e398c5ad11a0c4c777,1.0,214,COMPLETED,sbm_k4_r3_rep0_q00_main,1.8559012470084393,14734,7939,1.1888657910749316
1.0,0.4691396784251302,120167265/256143896,sbm_k4_r3_rep0,True,1,1771,1.0,1.0591747919097543,0.22307595415039677,1.0,1,results/m4/dev_main_v12_002/raw/sbm_k4_r3_rep0_q01_main.json.gz,d152a772b7cb63c4796840594f493eb559ce9475bae3c31c8ed70faddd8abfd0,1.0,148,COMPLETED,sbm_k4_r3_rep0_q01_main,1.6091447285552336,12775,7939,1.0591747919097543
1.0,0.46940336756016154,4092037/8717528,sbm_k4_r3_rep1,True,1,1769,1.0,0.6229464579373598,0.22509225092250923,1.0,0,results/m4/dev_main_v12_002/raw/sbm_k4_r3_rep1_q00_main.json.gz,42d45094183e93f2388fb13c2af65b13d189db7a773d1e4f98d2b3ec8d8b15fc,1.0,178,COMPLETED,sbm_k4_r3_rep1_q00_main,2.88484540017814,22672,7859,0.6229464579373598
1.0,0.46940336756016154,4092037/8717528,sbm_k4_r3_rep1,True,1,1769,1.0,0.9565160828642547,0.22509225092250923,1.0,1,results/m4/dev_main_v12_002/raw/sbm_k4_r3_rep1_q01_main.json.gz,b8179b836fb1ea0422df01017883bf630a28ba3c4fff37e311cca3bc75a0667a,1.0,109,COMPLETED,sbm_k4_r3_rep1_q01_main,1.1870466980531875,9329,7859,0.9565160828642547
1.0,0.4719079783274395,3515789/7450158,sbm_k4_r3_rep2,True,1,1820,1.0,1.3769099158234894,0.22254830031792613,1.0,0,results/m4/dev_main_v12_002/raw/sbm_k4_r3_rep2_q00_main.json.gz,112055d94d659dbb77a0e28323633ce855668b44be9011188ec4aac026d97885,1.0,77,COMPLETED,sbm_k4_r3_rep2_q00_main,2.2213255074590363,18166,8178,1.3769099158234894
1.0,0.4719079783274395,3515789/7450158,sbm_k4_r3_rep2,True,1,1820,1.0,1.3732666252180934,0.22254830031792613,1.0,1,results/m4/dev_main_v12_002/raw/sbm_k4_r3_rep2_q01_main.json.gz,1760bc7590c4a219813468cc5c55a48489b484f8395c8579b7ab49ec7c21c038,1.0,34,COMPLETED,sbm_k4_r3_rep2_q01_main,1.7987282954267547,14710,8178,1.3732666252180934
1.0,0.5366906476218919,27603331/51432480,sbm_k8_r0_rep0,True,1,3463,0.2881844380403458,0.3513062088750303,0.41152703505644683,1.0,0,results/m4/dev_main_v12_002/raw/sbm_k8_r0_rep0_q00_main.json.gz,c43f41a7994088fd94b34860bf139ccb6f34de72b64df397dddfaa739576bb01,1.0,3,COMPLETED,sbm_k8_r0_rep0_q00_main,5.948900772430184,50060,8415,0.3513062088750303
1.0,0.5366906476218919,27603331/51432480,sbm_k8_r0_rep0,True,1,3463,1.0,0.49305333383381367,0.41152703505644683,1.0,1,results/m4/dev_main_v12_002/raw/sbm_k8_r0_rep0_q01_main.json.gz,bd6200f45ca9835eae30336930cd18334796996f9f3c94cd43652f2b7b051a10,1.0,90,COMPLETED,sbm_k8_r0_rep0_q01_main,1.3294117647058823,11187,8415,0.49305333383381367
1.0,0.5431351729033689,2527901/4654276,sbm_k8_r0_rep1,True,1,3505,0.2347417840375587,0.5074036251753569,0.4187074423605304,1.0,0,results/m4/dev_main_v12_002/raw/sbm_k8_r0_rep1_q00_main.json.gz,280b4db422fc051acd670ccb0c77af2faa32dc978d63c8d733d317b847908388,1.0,42,COMPLETED,sbm_k8_r0_rep1_q00_main,7.5578783896786526,63267,8371,0.5074036251753569
1.0,0.5431351729033689,2527901/4654276,sbm_k8_r0_rep1,True,1,3505,1.0,0.6330142500810325,0.4187074423605304,1.0,1,results/m4/dev_main_v12_002/raw/sbm_k8_r0_rep1_q01_main.json.gz,1479013b1112dc6ea26ae7922da334deadfddd59dd02be508bffac18d54202ee,1.0,61,COMPLETED,sbm_k8_r0_rep1_q01_main,1.299366861784733,10877,8371,0.6330142500810325
1.0,0.5291951077122627,2370421/4479295,sbm_k8_r0_rep2,True,1,3424,1.0,0.26275454135611653,0.4037735849056604,1.0,0,results/m4/dev_main_v12_002/raw/sbm_k8_r0_rep2_q00_main.json.gz,359c3729d9b49c6e3385804d533ef39937789bc5820b2b4498ae9ce637a284c3,1.0,82,COMPLETED,sbm_k8_r0_rep2_q00_main,3.387735849056604,28728,8480,0.26275454135611653
1.0,0.5291951077122627,2370421/4479295,sbm_k8_r0_rep2,True,1,3424,1.0,0.8518950832076371,0.4037735849056604,1.0,1,results/m4/dev_main_v12_002/raw/sbm_k8_r0_rep2_q01_main.json.gz,2fd4bfa8832b699dc6435e79bb7195ca5326677f8c21904133dd5a92ecd08b96,1.0,26,COMPLETED,sbm_k8_r0_rep2_q01_main,1.4357311320754718,12175,8480,0.8518950832076371
1.0,0.45513596031441655,17416777/38267196,sbm_k8_r1_rep0,True,1,1448,0.5571030640668524,0.5524148340336978,0.3271577044735653,1.0,0,results/m4/dev_main_v12_002/raw/sbm_k8_r1_rep0_q00_main.json.gz,fa753769f80771689f8d2517473262ae004473ff1f8f2d6862620a1621055bd8,1.0,38,COMPLETED,sbm_k8_r1_rep0_q00_main,4.730682331676458,20938,4426,0.5524148340336978
1.0,0.45513596031441655,17416777/38267196,sbm_k8_r1_rep0,True,1,1448,1.0,0.8993909172713757,0.3271577044735653,1.0,1,results/m4/dev_main_v12_002/raw/sbm_k8_r1_rep0_q01_main.json.gz,6b81f31704077effaa1e2cfa5fb89451426f01d813b21de545aaf3fd6865e1f1,1.0,21,COMPLETED,sbm_k8_r1_rep0_q01_main,4.273384545865341,18914,4426,0.8993909172713757
1.0,0.4420380976631889,8363897/18921213,sbm_k8_r1_rep1,True,1,1380,0.25157232704402516,0.27132362499833107,0.3162236480293309,1.0,0,results/m4/dev_main_v12_002/raw/sbm_k8_r1_rep1_q00_main.json.gz,166bcba2a65245f5c82497b49a857cd13dadc15471159460a628789931c03d18,1.0,5,COMPLETED,sbm_k8_r1_rep1_q00_main,6.92186067827681,30207,4364,0.27132362499833107
1.0,0.4420380976631889,8363897/18921213,sbm_k8_r1_rep1,True,1,1380,0.2801120448179272,0.24172295769676566,0.3162236480293309,1.0,1,results/m4/dev_main_v12_002/raw/sbm_k8_r1_rep1_q01_main.json.gz,2704de5d3b1aec4f3b5b44416176f3411369bd170cff3023fdd4414a7b6708f5,1.0,18,COMPLETED,sbm_k8_r1_rep1_q01_main,6.146883593033913,26825,4364,0.24172295769676566
1.0,0.43151623949986406,67792173/157102252,sbm_k8_r1_rep2,True,1,1361,1.0,0.25562133407220244,0.3035913450814187,1.0,0,results/m4/dev_main_v12_002/raw/sbm_k8_r1_rep2_q00_main.json.gz,cf180c68c0774c16588d23419255e36ee6a973d4fd7c102e99e0d10bac9305f1,1.0,32,COMPLETED,sbm_k8_r1_rep2_q00_main,4.674771358465313,20957,4483,0.25562133407220244
1.0,0.43151623949986406,67792173/157102252,sbm_k8_r1_rep2,True,1,1361,1.0,0.40016125002875924,0.3035913450814187,1.0,1,results/m4/dev_main_v12_002/raw/sbm_k8_r1_rep2_q01_main.json.gz,21ab5e132e2c6bdd921cff6bafd321a30f8b05eba6dc82d1d0252bf8cddf5a75,1.0,82,COMPLETED,sbm_k8_r1_rep2_q01_main,1.3194289538255632,5915,4483,0.40016125002875924
1.0,0.4890969784718274,46887185/95864802,sbm_k8_r2_rep0,True,1,2179,1.0,0.45780312502756715,0.36554269417882906,1.0,0,results/m4/dev_main_v12_002/raw/sbm_k8_r2_rep0_q00_main.json.gz,18f3d665314ac35814bff90e3339b0cfe696bdc82ab15de9854f9e22ec654d32,1.0,51,COMPLETED,sbm_k8_r2_rep0_q00_main,1.4143600067102835,8431,5961,0.45780312502756715
1.0,0.4890969784718274,46887185/95864802,sbm_k8_r2_rep0,True,1,2179,1.0,0.4549224581569433,0.36554269417882906,1.0,1,results/m4/dev_main_v12_002/raw/sbm_k8_r2_rep0_q01_main.json.gz,d1ad175b0df70e63b1db791b9e3e1ccbf30c7cb69b5bd5c943c9ceb55fe96043,1.0,56,COMPLETED,sbm_k8_r2_rep0_q01_main,1.482972655594699,8840,5961,0.4549224581569433
1.0,0.4863952713952714,292129/600600,sbm_k8_r2_rep1,True,1,2176,1.0,0.39997837506234646,0.3623043623043623,1.0,0,results/m4/dev_main_v12_002/raw/sbm_k8_r2_rep1_q00_main.json.gz,b8e453571368f3fadff8554f0101d53fe107321d89ba4319edf6d66df5de5f65,1.0,36,COMPLETED,sbm_k8_r2_rep1_q00_main,1.344155844155844,8073,6006,0.39997837506234646
1.0,0.4863952713952714,292129/600600,sbm_k8_r2_rep1,True,1,2176,1.0,0.3989607081748545,0.3623043623043623,1.0,1,results/m4/dev_main_v12_002/raw/sbm_k8_r2_rep1_q01_main.json.gz,aa228d85003e66d6f01dc6bae2efefb373ba6e8316fd9ed06ead861886ae3759,1.0,5,COMPLETED,sbm_k8_r2_rep1_q01_main,1.4335664335664335,8610,6006,0.3989607081748545
1.0,0.49901245105687797,146633163/293846702,sbm_k8_r2_rep2,True,1,2269,1.0,0.3289012503810227,0.37325217963480833,1.0,0,results/m4/dev_main_v12_002/raw/sbm_k8_r2_rep2_q00_main.json.gz,674ffe79613f7b17d965707d26051ad72a6eced37582763a2676e79a4200fbd5,1.0,17,COMPLETED,sbm_k8_r2_rep2_q00_main,1.3314689916104623,8094,6079,0.3289012503810227
1.0,0.49901245105687797,146633163/293846702,sbm_k8_r2_rep2,True,1,2269,1.0,0.48019604198634624,0.37325217963480833,1.0,1,results/m4/dev_main_v12_002/raw/sbm_k8_r2_rep2_q01_main.json.gz,778796a069b7d984524c081425acccf16eb78285a6d7bcba52725eb58fa960e8,1.0,30,COMPLETED,sbm_k8_r2_rep2_q01_main,1.3693041618687285,8324,6079,0.48019604198634624
0.9669421487603306,0.5579705004444449,117212189/210068792,sbm_k8_r3_rep0,True,1,4370,0.9669421487603306,1.470810541883111,0.44123586429725364,1.0,0,results/m4/dev_main_v12_002/raw/sbm_k8_r3_rep0_q00_main.json.gz,36e9f8c39693d0e2497ff3a1528721e99a0872d5c5a9ce1acc16c5dc81921ccb,0.936,148,COMPLETED,sbm_k8_r3_rep0_q00_main,3.1883077544426492,31577,9904,1.470810541883111
0.9979959919839679,0.5390650269183683,480266963/890925842,sbm_k8_r3_rep0,True,1,4361,0.3536067892503536,0.8242152919992805,0.4152937815446148,1.0,1,results/m4/dev_main_v12_002/raw/sbm_k8_r3_rep0_q01_main.json.gz,2cdfedb24421b19400d20ffdeaa39f62bdc2c4a549e34fa56abe45a9d7b41f10,0.996,13,COMPLETED,sbm_k8_r3_rep0_q01_main,4.738596324159603,49760,10501,0.8242152919992805
1.0,0.5304485803119049,14600629/27525060,sbm_k8_r3_rep1,True,1,4246,1.0,1.001250292174518,0.4067049808429119,1.0,0,results/m4/dev_main_v12_002/raw/sbm_k8_r3_rep1_q00_main.json.gz,2198f2aaa1d8ea24cddc8325262407a4c98ae10b258230f8a927ec585a89e07a,1.0,146,COMPLETED,sbm_k8_r3_rep1_q00_main,4.341954022988506,45330,10440,1.001250292174518
1.0,0.5304485803119049,14600629/27525060,sbm_k8_r3_rep1,True,1,4246,0.3762227238525207,1.2166581661440432,0.4067049808429119,1.0,1,results/m4/dev_main_v12_002/raw/sbm_k8_r3_rep1_q01_main.json.gz,f845663e361d865c8551c1cc6cd22df12369ac84398cd667134bd6b10f62c649,1.0,8,COMPLETED,sbm_k8_r3_rep1_q01_main,4.414176245210728,46084,10440,1.2166581661440432
0.9858012170385395,0.5392478476318261,121124113/224616776,sbm_k8_r3_rep2,True,1,4374,0.36270939548434084,0.6432015411555767,0.4164920967434774,1.0,0,results/m4/dev_main_v12_002/raw/sbm_k8_r3_rep2_q00_main.json.gz,dd9fcb40565de0fcc24f69aa5485c8fe69c5a4cbcccda1608698e9b492393b2d,0.972,82,COMPLETED,sbm_k8_r3_rep2_q00_main,4.617691868215578,48495,10502,0.6432015411555767
1.0,0.534356747095576,491027913/918914032,sbm_k8_r3_rep2,True,1,4391,0.373134328358209,0.8902656668797135,0.40880737361511965,1.0,1,results/m4/dev_main_v12_002/raw/sbm_k8_r3_rep2_q01_main.json.gz,ffc65649b314bf042adbba286d29776dfd30ad248ca5a33891a849da077f2198,1.0,13,COMPLETED,sbm_k8_r3_rep2_q01_main,4.421748440554883,47494,10741,0.8902656668797135
