completed_pairs,cost_claim,mean,mean_95_CI_high,mean_95_CI_low,median,median_95_CI_high,median_95_CI_low,metric,paired_metric_graphs,paired_metric_queries,planned_pairs,replicates,sampler,seed,status_pair_denominators,variant
56,descriptive_across_serial_phases,-0.11326347201575536,-0.07292874007250486,-0.15643940485634017,-0.06147409076279364,0.0,-0.15107913669064743,F1_difference,28,56,56,10000,MT19937_independent,20261005,"{""COMPLETED / COMPLETED"": 56}",R-cap-0.25
56,descriptive_across_serial_phases,0.07986549203636943,0.10973900819730556,0.05160895243626892,0.03828929613105722,0.11868286029273291,0.0,Z_difference,28,56,56,10000,MT19937_independent,20261005,"{""COMPLETED / COMPLETED"": 56}",R-cap-0.25
56,descriptive_across_serial_phases,0.5713905800503769,0.8420460372652336,0.33991947586299864,0.3215471691354762,0.7571478089012406,0.0,touched_over_output_difference,28,56,56,10000,MT19937_independent,20261005,"{""COMPLETED / COMPLETED"": 56}",R-cap-0.25
56,descriptive_across_serial_phases,-0.1854049724975734,-0.07693716611663279,-0.30573332748192894,-0.12580808345228434,-0.010038208682090044,-0.25037177139893174,wrapper_seconds_difference,28,56,56,10000,MT19937_independent,20261005,"{""COMPLETED / COMPLETED"": 56}",R-cap-0.25
56,descriptive_across_serial_phases,0.8019229108454747,0.9758492180653675,0.6411404915607115,0.5853708689507415,0.9541295864728903,0.4557586314458412,wrapper_seconds_ratio,28,56,56,10000,MT19937_independent,20261005,"{""COMPLETED / COMPLETED"": 56}",R-cap-0.25
56,descriptive_across_serial_phases,-0.08461307751344828,-0.04940761905417397,-0.12275679667660637,-0.009554140127388533,0.0,-0.06666666666666665,F1_difference,28,56,56,10000,MT19937_independent,20261005,"{""COMPLETED / COMPLETED"": 56}",R-cap-0.5
56,descriptive_across_serial_phases,0.0598902888810274,0.08731119821525236,0.03493192847757621,0.008215412240780196,0.05660765459269175,0.0,Z_difference,28,56,56,10000,MT19937_independent,20261005,"{""COMPLETED / COMPLETED"": 56}",R-cap-0.5
56,descriptive_across_serial_phases,0.4007183999584452,0.606438324317761,0.2215559118939469,0.022792412405910123,0.3317750707346936,0.0,touched_over_output_difference,28,56,56,10000,MT19937_independent,20261005,"{""COMPLETED / COMPLETED"": 56}",R-cap-0.5
56,descriptive_across_serial_phases,-0.14248533935252844,-0.03662847093136017,-0.261687214236008,-0.09178872941993177,0.0051133534871041775,-0.199391313130036,wrapper_seconds_difference,28,56,56,10000,MT19937_independent,20261005,"{""COMPLETED / COMPLETED"": 56}",R-cap-0.5
56,descriptive_across_serial_phases,0.8620902663736627,1.041310816970261,0.6939713142721726,0.670032700620983,1.0195892297174944,0.5646251720979525,wrapper_seconds_ratio,28,56,56,10000,MT19937_independent,20261005,"{""COMPLETED / COMPLETED"": 56}",R-cap-0.5
56,descriptive_across_serial_phases,-0.03401663257036929,-0.01484385277296046,-0.05768574031869445,0.0,0.0,-0.009107423609244325,F1_difference,28,56,56,10000,MT19937_independent,20261005,"{""COMPLETED / COMPLETED"": 56}",R-cap-1
56,descriptive_across_serial_phases,0.02395715617767716,0.040300299482312306,0.010408444689944502,0.0,0.0054477920499328755,0.0,Z_difference,28,56,56,10000,MT19937_independent,20261005,"{""COMPLETED / COMPLETED"": 56}",R-cap-1
56,descriptive_across_serial_phases,0.1644390491127968,0.2934327029849372,0.06536633100695541,0.0,0.04832046275718316,0.0,touched_over_output_difference,28,56,56,10000,MT19937_independent,20261005,"{""COMPLETED / COMPLETED"": 56}",R-cap-1
56,descriptive_across_serial_phases,-0.022401732134832337,0.11504543011417678,-0.15390662794566848,-0.0013650415930896997,0.026775750098749995,-0.11163970828056335,wrapper_seconds_difference,28,56,56,10000,MT19937_independent,20261005,"{""COMPLETED / COMPLETED"": 56}",R-cap-1
56,descriptive_across_serial_phases,1.0260467347227586,1.2167602175143362,0.8513512048049113,0.9972285924298252,1.1058237458736493,0.7270521959694749,wrapper_seconds_ratio,28,56,56,10000,MT19937_independent,20261005,"{""COMPLETED / COMPLETED"": 56}",R-cap-1
56,descriptive_across_serial_phases,-0.13465432591319051,-0.08847508426331865,-0.18472648185123675,-0.0997732426303855,0.0,-0.20481927710843373,F1_difference,28,56,56,10000,MT19937_independent,20261005,"{""COMPLETED / COMPLETED"": 56}",supp-jstar
56,descriptive_across_serial_phases,0.09465704845600677,0.12804719758257568,0.06309815627756368,0.07225726090164931,0.16012692671885015,0.0,Z_difference,28,56,56,10000,MT19937_independent,20261005,"{""COMPLETED / COMPLETED"": 56}",supp-jstar
56,descriptive_across_serial_phases,0.7369773141798064,1.0885693729827661,0.42629775891727395,0.48795292732754625,0.7936030774669198,0.0,touched_over_output_difference,28,56,56,10000,MT19937_independent,20261005,"{""COMPLETED / COMPLETED"": 56}",supp-jstar
56,descriptive_across_serial_phases,-0.17013445022582477,-0.06386213967946663,-0.292532278481979,-0.10977058368735015,-0.040130396373569965,-0.19155764603056014,wrapper_seconds_difference,28,56,56,10000,MT19937_independent,20261005,"{""COMPLETED / COMPLETED"": 56}",supp-jstar
56,descriptive_across_serial_phases,0.810418681443398,0.9717422631936417,0.6701704351445149,0.6917650279889718,0.9113582248007988,0.5800751681799745,wrapper_seconds_ratio,28,56,56,10000,MT19937_independent,20261005,"{""COMPLETED / COMPLETED"": 56}",supp-jstar
56,descriptive_across_serial_phases,0.00044630955554709236,0.0017852382221883695,0.0,0.0,0.0,0.0,F1_difference,28,56,56,10000,MT19937_independent,20261005,"{""COMPLETED / COMPLETED"": 56}",supp-jstar+2
56,descriptive_across_serial_phases,-0.00029497302970038513,0.0,-0.0011798921188015405,0.0,0.0,0.0,Z_difference,28,56,56,10000,MT19937_independent,20261005,"{""COMPLETED / COMPLETED"": 56}",supp-jstar+2
56,descriptive_across_serial_phases,4.8336413336458,6.886175248781695,3.165090111508,3.0025970248692424,4.217857142857143,2.5711156107132878,touched_over_output_difference,28,56,56,10000,MT19937_independent,20261005,"{""COMPLETED / COMPLETED"": 56}",supp-jstar+2
56,descriptive_across_serial_phases,1.1989519002963789,1.4543797003764276,0.9338619588182024,1.2343660625629127,1.6200821669772267,0.8999110418371856,wrapper_seconds_difference,28,56,56,10000,MT19937_independent,20261005,"{""COMPLETED / COMPLETED"": 56}",supp-jstar+2
56,descriptive_across_serial_phases,4.469801163096231,5.359423302279027,3.5640670918038153,5.179331826945138,5.8437405285526784,2.4131778601492577,wrapper_seconds_ratio,28,56,56,10000,MT19937_independent,20261005,"{""COMPLETED / COMPLETED"": 56}",supp-jstar+2
56,descriptive_across_serial_phases,0.00044630955554709236,0.0017852382221883695,0.0,0.0,0.0,0.0,F1_difference,28,56,56,10000,MT19937_independent,20261005,"{""COMPLETED / COMPLETED"": 56}",full
56,descriptive_across_serial_phases,-0.00029497302970038513,0.0,-0.0011798921188015405,0.0,0.0,0.0,Z_difference,28,56,56,10000,MT19937_independent,20261005,"{""COMPLETED / COMPLETED"": 56}",full
56,descriptive_across_serial_phases,6.415071017320512,9.881800851538816,3.621540563384102,3.0025970248692424,5.063278182913045,2.5711156107132878,touched_over_output_difference,28,56,56,10000,MT19937_independent,20261005,"{""COMPLETED / COMPLETED"": 56}",full
56,descriptive_across_serial_phases,-0.13803916670648114,-0.044719846721896585,-0.24604203972558025,-0.043982166331261396,0.0003626465331763029,-0.10984012577682734,wrapper_seconds_difference,28,56,56,10000,MT19937_independent,20261005,"{""COMPLETED / COMPLETED"": 56}",full
56,descriptive_across_serial_phases,0.8650615393449067,0.9933310647404873,0.7399562560058544,0.8652603171432977,0.999545738625059,0.7278908800765209,wrapper_seconds_ratio,28,56,56,10000,MT19937_independent,20261005,"{""COMPLETED / COMPLETED"": 56}",full
56,descriptive_across_serial_phases,-0.026967930029154517,0.0,-0.08090379008746355,0.0,0.0,0.0,F1_difference,28,56,56,10000,MT19937_independent,20261005,"{""COMPLETED / COMPLETED"": 56}",patience-2
56,descriptive_across_serial_phases,0.009817420070124983,0.030841423005401134,0.0,0.0,0.0,0.0,Z_difference,28,56,56,10000,MT19937_independent,20261005,"{""COMPLETED / COMPLETED"": 56}",patience-2
56,descriptive_across_serial_phases,-0.12079622176259776,0.0,-0.3690691791507034,0.0,0.0,0.0,touched_over_output_difference,28,56,56,10000,MT19937_independent,20261005,"{""COMPLETED / COMPLETED"": 56}",patience-2
56,descriptive_across_serial_phases,-0.008226228470448405,0.011170474651070045,-0.04273861864827008,0.005583354504778981,0.014376145787537098,0.00233112508431077,wrapper_seconds_difference,28,56,56,10000,MT19937_independent,20261005,"{""COMPLETED / COMPLETED"": 56}",patience-2
56,descriptive_across_serial_phases,0.995148914767804,1.0342471899305483,0.9329351143594842,1.0121338135435,1.036200408867098,1.002749280740625,wrapper_seconds_ratio,28,56,56,10000,MT19937_independent,20261005,"{""COMPLETED / COMPLETED"": 56}",patience-2
56,descriptive_across_serial_phases,-0.0009259708714425334,0.0012945058847183913,-0.0035770330324699545,0.0,0.0,0.0,F1_difference,28,56,56,10000,MT19937_independent,20261005,"{""COMPLETED / COMPLETED"": 56}",ZR-mact
56,descriptive_across_serial_phases,0.0006990048405197914,0.002791943110117573,-0.0008150872469313722,0.0,0.0,0.0,Z_difference,28,56,56,10000,MT19937_independent,20261005,"{""COMPLETED / COMPLETED"": 56}",ZR-mact
56,descriptive_across_serial_phases,-0.2156785999765974,1.3583372717102478,-1.2016130405659204,0.0,0.1401546306958381,-0.48211588745397027,touched_over_output_difference,28,56,56,10000,MT19937_independent,20261005,"{""COMPLETED / COMPLETED"": 56}",ZR-mact
56,descriptive_across_serial_phases,0.07161085483052634,0.21339776749186298,-0.026277261425275356,0.001292624045163393,0.02649491699412465,-0.029105749912559986,wrapper_seconds_difference,28,56,56,10000,MT19937_independent,20261005,"{""COMPLETED / COMPLETED"": 56}",ZR-mact
56,descriptive_across_serial_phases,1.161067074923057,1.3551947312286845,1.004911741787407,1.006218418396478,1.08802796578731,0.9448746453209879,wrapper_seconds_ratio,28,56,56,10000,MT19937_independent,20261005,"{""COMPLETED / COMPLETED"": 56}",ZR-mact
56,descriptive_across_serial_phases,-0.045498692478846574,-0.0006926597659979776,-0.11727589534650436,0.0,0.0,0.0,F1_difference,28,56,56,10000,MT19937_independent,20261005,"{""COMPLETED / COMPLETED"": 56}",sqrt2-grid
56,descriptive_across_serial_phases,0.017864887709828088,0.045219557694786465,0.00048254119876578325,0.0,0.0,0.0,Z_difference,28,56,56,10000,MT19937_independent,20261005,"{""COMPLETED / COMPLETED"": 56}",sqrt2-grid
56,descriptive_across_serial_phases,-1.4112664227555325,-0.8155448309371113,-2.093536771487655,-0.7142824458929812,0.0,-2.0095932565415326,touched_over_output_difference,28,56,56,10000,MT19937_independent,20261005,"{""COMPLETED / COMPLETED"": 56}",sqrt2-grid
56,descriptive_across_serial_phases,0.0936734077903176,0.2673862355158365,-0.03811910279328003,0.015534916194155812,0.04023420810699463,-0.0036838743835687637,wrapper_seconds_difference,28,56,56,10000,MT19937_independent,20261005,"{""COMPLETED / COMPLETED"": 56}",sqrt2-grid
56,descriptive_across_serial_phases,1.1865472785080193,1.3969397450880316,1.0057269388019354,1.0401261095383139,1.0942525033369717,0.9956756712696382,wrapper_seconds_ratio,28,56,56,10000,MT19937_independent,20261005,"{""COMPLETED / COMPLETED"": 56}",sqrt2-grid
56,descriptive_across_serial_phases,-0.022203638934210353,-0.0017706416475557782,-0.06228680139471271,0.0,0.0,0.0,F1_difference,28,56,56,10000,MT19937_independent,20261005,"{""COMPLETED / COMPLETED"": 56}",fixed-grid
56,descriptive_across_serial_phases,0.010263744848600072,0.023972343956222966,0.0012317250973797624,0.0,0.0,0.0,Z_difference,28,56,56,10000,MT19937_independent,20261005,"{""COMPLETED / COMPLETED"": 56}",fixed-grid
56,descriptive_across_serial_phases,0.32069000329464165,2.274878674170466,-1.1724139361256112,-0.257955315741882,0.03719548425430785,-1.3759766931972948,touched_over_output_difference,28,56,56,10000,MT19937_independent,20261005,"{""COMPLETED / COMPLETED"": 56}",fixed-grid
56,descriptive_across_serial_phases,0.0681298198427872,0.17847387366283718,-0.035503939571831976,0.04267308348789811,0.1172656670678407,-0.0017855418846011162,wrapper_seconds_difference,28,56,56,10000,MT19937_independent,20261005,"{""COMPLETED / COMPLETED"": 56}",fixed-grid
56,descriptive_across_serial_phases,1.1765224352079324,1.35392947016075,1.0060306251336075,1.144922281493844,1.2652084437268458,0.9937724100857358,wrapper_seconds_ratio,28,56,56,10000,MT19937_independent,20261005,"{""COMPLETED / COMPLETED"": 56}",fixed-grid
56,descriptive_across_serial_phases,0.0005200624211797059,0.002075872438106916,-0.00021514629948365154,0.0,0.0,0.0,F1_difference,28,56,56,10000,MT19937_independent,20261005,"{""COMPLETED / COMPLETED"": 56}",ZR-budgetM
56,descriptive_across_serial_phases,-0.0003166403295462587,6.720484730583102e-05,-0.0012599934486085494,0.0,0.0,0.0,Z_difference,28,56,56,10000,MT19937_independent,20261005,"{""COMPLETED / COMPLETED"": 56}",ZR-budgetM
56,descriptive_across_serial_phases,3.8712542886716093,5.740845847593831,2.399041081897894,2.8746424937660042,3.7247394406854717,1.7311340966327826,touched_over_output_difference,28,56,56,10000,MT19937_independent,20261005,"{""COMPLETED / COMPLETED"": 56}",ZR-budgetM
56,descriptive_across_serial_phases,0.8570460043514946,1.1230323913937483,0.5914396994219195,0.8909098545555025,1.4433536669239402,0.05144364642910659,wrapper_seconds_difference,28,56,56,10000,MT19937_independent,20261005,"{""COMPLETED / COMPLETED"": 56}",ZR-budgetM
56,descriptive_across_serial_phases,3.3737650049512804,4.277099382451055,2.5313855870692317,2.0757851825334286,5.23643965566145,1.0948414605364656,wrapper_seconds_ratio,28,56,56,10000,MT19937_independent,20261005,"{""COMPLETED / COMPLETED"": 56}",ZR-budgetM
56,descriptive_across_serial_phases,-0.0028783614102192968,-0.0002517988113009862,-0.0062247794658960845,0.0,0.0,0.0,F1_difference,28,56,56,10000,MT19937_independent,20261005,"{""COMPLETED / COMPLETED"": 56}",ordering-bfs
56,descriptive_across_serial_phases,0.0022362716938308584,0.004900253788028236,0.00012954994346360158,0.0,0.0,0.0,Z_difference,28,56,56,10000,MT19937_independent,20261005,"{""COMPLETED / COMPLETED"": 56}",ordering-bfs
56,descriptive_across_serial_phases,0.0242029534784625,0.05377025642541246,0.0010868138351623083,0.0,0.0,0.0,touched_over_output_difference,28,56,56,10000,MT19937_independent,20261005,"{""COMPLETED / COMPLETED"": 56}",ordering-bfs
56,descriptive_across_serial_phases,0.003367891368855323,0.011938545315518106,-0.005702205606004489,0.005278625059872866,0.011564791202545166,-0.0006292089819908142,wrapper_seconds_difference,28,56,56,10000,MT19937_independent,20261005,"{""COMPLETED / COMPLETED"": 56}",ordering-bfs
56,descriptive_across_serial_phases,1.0132861206780757,1.0282604382326395,0.9973670977198237,1.0204351270667007,1.0272993384762983,0.997854843397035,wrapper_seconds_ratio,28,56,56,10000,MT19937_independent,20261005,"{""COMPLETED / COMPLETED"": 56}",ordering-bfs
56,descriptive_across_serial_phases,-0.008744584429358465,-0.000913722932844363,-0.019830880975901036,0.0,0.0,0.0,F1_difference,28,56,56,10000,MT19937_independent,20261005,"{""COMPLETED / COMPLETED"": 56}",ordering-random
56,descriptive_across_serial_phases,0.005836311885426506,0.013270727690666596,0.0005604945590993338,0.0,0.0,0.0,Z_difference,28,56,56,10000,MT19937_independent,20261005,"{""COMPLETED / COMPLETED"": 56}",ordering-random
56,descriptive_across_serial_phases,0.08339951469013789,0.19907893513275643,0.004687949897710494,0.0,0.0,0.0,touched_over_output_difference,28,56,56,10000,MT19937_independent,20261005,"{""COMPLETED / COMPLETED"": 56}",ordering-random
56,descriptive_across_serial_phases,0.002630856428627989,0.01024525969904581,-0.00587842282818331,0.009523145854473114,0.013668667059391737,0.001197167206555605,wrapper_seconds_difference,28,56,56,10000,MT19937_independent,20261005,"{""COMPLETED / COMPLETED"": 56}",ordering-random
56,descriptive_across_serial_phases,1.0175588209411528,1.034065102098723,1.0003083290946146,1.0186349359088473,1.0447858542677633,1.0017462922727107,wrapper_seconds_ratio,28,56,56,10000,MT19937_independent,20261005,"{""COMPLETED / COMPLETED"": 56}",ordering-random
56,descriptive_across_serial_phases,0.00025354969574036587,0.0009068412106740313,0.0,0.0,0.0,0.0,F1_difference,28,56,56,10000,MT19937_independent,20261005,"{""COMPLETED / COMPLETED"": 56}",multi-start
56,descriptive_across_serial_phases,-7.71211840862605e-05,0.0,-0.00029161606002376186,0.0,0.0,0.0,Z_difference,28,56,56,10000,MT19937_independent,20261005,"{""COMPLETED / COMPLETED"": 56}",multi-start
56,descriptive_across_serial_phases,-0.0018131916447379215,0.0,-0.006481542048022838,0.0,0.0,0.0,touched_over_output_difference,28,56,56,10000,MT19937_independent,20261005,"{""COMPLETED / COMPLETED"": 56}",multi-start
56,descriptive_across_serial_phases,0.15818808767445652,0.22028465186657345,0.10649615989802572,0.07905087526887655,0.14101858343929052,0.06482529151253402,wrapper_seconds_difference,28,56,56,10000,MT19937_independent,20261005,"{""COMPLETED / COMPLETED"": 56}",multi-start
56,descriptive_across_serial_phases,1.3805457428169656,1.523295070711065,1.2563870635151484,1.1909310343080368,1.3401180711190848,1.1398125192488868,wrapper_seconds_ratio,28,56,56,10000,MT19937_independent,20261005,"{""COMPLETED / COMPLETED"": 56}",multi-start
56,descriptive_across_serial_phases,0.0,0.0,0.0,0.0,0.0,0.0,F1_difference,28,56,56,10000,MT19937_independent,20261005,"{""COMPLETED / COMPLETED"": 56}",diffusion-TL-star
56,descriptive_across_serial_phases,0.0,0.0,0.0,0.0,0.0,0.0,Z_difference,28,56,56,10000,MT19937_independent,20261005,"{""COMPLETED / COMPLETED"": 56}",diffusion-TL-star
56,descriptive_across_serial_phases,0.0,0.0,0.0,0.0,0.0,0.0,touched_over_output_difference,28,56,56,10000,MT19937_independent,20261005,"{""COMPLETED / COMPLETED"": 56}",diffusion-TL-star
56,descriptive_across_serial_phases,0.5214107931242324,0.6580142145273774,0.4018932581218126,0.41917318757623434,0.5218180418014526,0.3176605827175081,wrapper_seconds_difference,28,56,56,10000,MT19937_independent,20261005,"{""COMPLETED / COMPLETED"": 56}",diffusion-TL-star
56,descriptive_across_serial_phases,2.1724534841357666,2.4359790514988835,1.9429943193278187,1.9263813007261756,2.268734668407673,1.7224175396863572,wrapper_seconds_ratio,28,56,56,10000,MT19937_independent,20261005,"{""COMPLETED / COMPLETED"": 56}",diffusion-TL-star
56,descriptive_across_serial_phases,-0.21013086908371892,-0.1594651993208574,-0.2606432763140888,-0.21812957157784746,-0.09573382322923046,-0.2791935742114533,F1_difference,28,56,56,10000,MT19937_independent,20261005,"{""COMPLETED / COMPLETED"": 56}",no-refinement
56,descriptive_across_serial_phases,0.16543767587510425,0.19416058491796676,0.13516244791606952,0.18725782304710809,0.22031084329519368,0.1191036658775182,Z_difference,28,56,56,10000,MT19937_independent,20261005,"{""COMPLETED / COMPLETED"": 56}",no-refinement
56,descriptive_across_serial_phases,0.20550093582686874,0.5901697373958957,-0.22966147863571387,0.35774172111214253,0.7908276874281986,-0.22177309633316034,touched_over_output_difference,28,56,56,10000,MT19937_independent,20261005,"{""COMPLETED / COMPLETED"": 56}",no-refinement
56,descriptive_across_serial_phases,-0.05928610049886629,-0.038383250667746845,-0.08176977809364741,-0.047027104534208775,-0.024781000101938844,-0.06893750000745058,wrapper_seconds_difference,28,56,56,10000,MT19937_independent,20261005,"{""COMPLETED / COMPLETED"": 56}",no-refinement
56,descriptive_across_serial_phases,0.8697750511791379,0.9112476417713844,0.8262000071106597,0.9113142080396974,0.9363469631635027,0.8470474177154339,wrapper_seconds_ratio,28,56,56,10000,MT19937_independent,20261005,"{""COMPLETED / COMPLETED"": 56}",no-refinement
56,descriptive_across_serial_phases,-0.1642296571859462,-0.07825927166489664,-0.25996916360209515,0.0,0.0,0.0,F1_difference,28,56,56,10000,MT19937_independent,20261005,"{""COMPLETED / COMPLETED"": 56}",hull-best
56,descriptive_across_serial_phases,0.1095472161741183,0.17721977995113553,0.04950537796086499,0.0,0.0,0.0,Z_difference,28,56,56,10000,MT19937_independent,20261005,"{""COMPLETED / COMPLETED"": 56}",hull-best
56,descriptive_across_serial_phases,-1.256153328923315,-0.4935240092600577,-2.3754157605528636,0.0,0.0,0.0,touched_over_output_difference,28,56,56,10000,MT19937_independent,20261005,"{""COMPLETED / COMPLETED"": 56}",hull-best
56,descriptive_across_serial_phases,0.011250061739701778,0.02206612743154566,0.0021308894998842984,0.010922729037702084,0.01852283300831914,0.002717728493735194,wrapper_seconds_difference,28,56,56,10000,MT19937_independent,20261005,"{""COMPLETED / COMPLETED"": 56}",hull-best
56,descriptive_across_serial_phases,1.0364345995524273,1.0712523678156418,1.012229576797941,1.0250295115876082,1.0524659963714598,1.006646284932986,wrapper_seconds_ratio,28,56,56,10000,MT19937_independent,20261005,"{""COMPLETED / COMPLETED"": 56}",hull-best
56,descriptive_across_serial_phases,0.0,0.0,0.0,0.0,0.0,0.0,F1_difference,28,56,56,10000,MT19937_independent,20261005,"{""COMPLETED / COMPLETED"": 56}",conductance-sweep
56,descriptive_across_serial_phases,0.0,0.0,0.0,0.0,0.0,0.0,Z_difference,28,56,56,10000,MT19937_independent,20261005,"{""COMPLETED / COMPLETED"": 56}",conductance-sweep
56,descriptive_across_serial_phases,0.0,0.0,0.0,0.0,0.0,0.0,touched_over_output_difference,28,56,56,10000,MT19937_independent,20261005,"{""COMPLETED / COMPLETED"": 56}",conductance-sweep
56,descriptive_across_serial_phases,0.004064319139745619,0.010888949674179976,-0.002730565482384658,0.0019036666490137577,0.008016125299036503,-0.0029779584147036076,wrapper_seconds_difference,28,56,56,10000,MT19937_independent,20261005,"{""COMPLETED / COMPLETED"": 56}",conductance-sweep
56,descriptive_across_serial_phases,1.0175529915278037,1.040840485472374,0.9990702331965573,1.0048664862529322,1.0225276880765,0.9926744852161187,wrapper_seconds_ratio,28,56,56,10000,MT19937_independent,20261005,"{""COMPLETED / COMPLETED"": 56}",conductance-sweep
