job_id,case_id,method,status,information_policy,n_graph,n_loaded,m_loaded,pipeline_seconds,budget_seconds,peak_tree_rss_bytes,cli_c,cli_min_k,cli_max_k,cli_k_trials,expected_grid,observed_grid,last_observed_k,cv_complete_mle_calls,cv_observed_mle_calls,final_fit_observed,final_fit_completed,selected_k_from_native_cv,last_observed_phase,last_observed_mle_completed,last_vertex_update_attempts,last_mle_local_wall_seconds_integer,cv_completed_cpu_seconds_sum_rounded,final_completed_cpu_seconds_sum_rounded,conductance_cpu_seconds_sum_rounded,native_total_cpu_seconds_rounded,native_exit_banner_seen,native_cover_exists,native_cover_valid_syntax,runner_checkpoint_exists,runner_prediction_kind,runner_prediction_exists,usable_partial_checkpoint,last_log_record,result_sha256,stdout_sha256
lfr_n1000_o00_m20_s11__bigclam_native__s73,lfr_n1000_o00_m20_s11,bigclam_native,COMPLETED,graph_only_native_K,1000,1000,9861,12.818048499990255,120.0,75399168,-1,5,100,10,"[5, 6, 8, 10, 13, 17, 22, 29, 39, 52, 100]","[5, 6, 8, 10, 13, 17, 22, 29, 39, 52, 100]",100,33,33,True,True,22,final_fit,True,39000,0,12.070000000000002,0.39,0.11999999999999998,12.73,True,True,True,False,completed,True,False,run time: 12.73s (01:40:11),ec889ca956d5c2294dcda239772cfaa413f38e12029577681bee6101cb8cd3d9,d3c5e999f034cf445aaefe8633fff821ed6f04fdc335a715f2eda40a6633717a
lfr_n1000_o00_m20_s11__bigclam_oracleK__s73,lfr_n1000_o00_m20_s11,bigclam_oracleK,COMPLETED,oracle_K,1000,1000,9861,0.49517416721209884,120.0,60375040,19,5,100,10,[],[],,0,0,True,True,,final_fit,True,43000,0,0,0.4,0.01,0.42,True,True,True,False,completed,True,False,run time: 0.42s (02:20:34),9a67d521e5bd3ac90f18ef55b51446a26d340efe6f52e23cffeabab82c25a9e1,bb6111a4f46f87e016fa43a40d7408ffdd6aedfd123a65bf06d0dfa095a40a7f
lfr_n1000_o00_m20_s12__bigclam_native__s73,lfr_n1000_o00_m20_s12,bigclam_native,COMPLETED,graph_only_native_K,1000,1000,9666,12.709543999750167,120.0,76939264,-1,5,100,10,"[5, 6, 8, 10, 13, 17, 22, 29, 39, 52, 100]","[5, 6, 8, 10, 13, 17, 22, 29, 39, 52, 100]",100,33,33,True,True,22,final_fit,True,41000,0,11.940000000000001,0.4,0.11999999999999998,12.6,True,True,True,False,completed,True,False,run time: 12.60s (02:20:09),e7bdc7aa0cfba5289b71c26403ca454abbf34d27ccf353aadf416e9cbeea52fc,3d3adecad6fb336ee03a2789bff6ed941af2f9b978f3f4771897c8964beaadc9
lfr_n1000_o00_m20_s12__bigclam_oracleK__s73,lfr_n1000_o00_m20_s12,bigclam_oracleK,COMPLETED,oracle_K,1000,1000,9666,0.5511323329992592,120.0,60260352,18,5,100,10,[],[],,0,0,True,True,,final_fit,True,53000,1,0,0.46,0.01,0.47,True,True,True,False,completed,True,False,run time: 0.47s (01:39:58),77a5ed89f8f559ca237d4cc397dc07430f18ba9849c52819d510d6de38ec5b34,dceaebd22bf0f97dfa484cba3e602637a78079088921ff6dc347be1a4df07d3b
lfr_n1000_o00_m50_s11__bigclam_native__s73,lfr_n1000_o00_m50_s11,bigclam_native,COMPLETED,graph_only_native_K,1000,1000,9861,17.015216667205095,120.0,76251136,-1,5,100,10,"[5, 6, 8, 10, 13, 17, 22, 29, 39, 52, 100]","[5, 6, 8, 10, 13, 17, 22, 29, 39, 52, 100]",100,33,33,True,True,17,final_fit,True,53000,1,15.950000000000005,0.7,0.11999999999999998,16.92,True,True,True,False,completed,True,False,run time: 16.92s (01:34:30),866474daafc5ba4313e369a7dc70a354940b81f3c4f33408469213c01b2a21d2,be7f6883067fb4dceaa39cf8010c57631adfca59492d746c337e7accbcb3d2c0
lfr_n1000_o00_m50_s11__bigclam_oracleK__s73,lfr_n1000_o00_m50_s11,bigclam_oracleK,COMPLETED,oracle_K,1000,1000,9861,0.9393574581481516,120.0,60293120,19,5,100,10,[],[],,0,0,True,True,,final_fit,True,59000,1,0,0.85,0.01,0.86,True,True,True,False,completed,True,False,run time: 0.86s (01:40:28),f9ade164a6b268ea44404ff25491a2f39787fe58c29dca5da678f9eb2a54b570,4bf54a5406b20dccc2b3ae0899943e94b94908eab7a25c22dc42e288f6cc14c9
lfr_n1000_o00_m50_s12__bigclam_native__s73,lfr_n1000_o00_m50_s12,bigclam_native,COMPLETED,graph_only_native_K,1000,1000,9666,17.10464279074222,120.0,76611584,-1,5,100,10,"[5, 6, 8, 10, 13, 17, 22, 29, 39, 52, 100]","[5, 6, 8, 10, 13, 17, 22, 29, 39, 52, 100]",100,33,33,True,True,17,final_fit,True,47000,1,16.120000000000005,0.61,0.11999999999999998,17.01,True,True,True,False,completed,True,False,run time: 17.01s (02:14:02),3f66e4d184dbb6abd3ad413f4f28797138e131ba9efcf656a26903945b07959d,b8a444ee3c4cc558fe5536db10491eb45cb2bd9c9ae1cb7bc364a2da4c131585
lfr_n1000_o00_m50_s12__bigclam_oracleK__s73,lfr_n1000_o00_m50_s12,bigclam_oracleK,COMPLETED,oracle_K,1000,1000,9666,0.7916120002046227,120.0,60768256,18,5,100,10,[],[],,0,0,True,True,,final_fit,True,51000,0,0,0.7,0.01,0.71,True,True,True,False,completed,True,False,run time: 0.71s (01:40:49),84df2f9a9d00667bb5bc129fd2dc657084474e3be8706fc48611df6af4dc903a,35ca20a42c98120f5f4f768159e2a8e4fd87beaca920747fa89d12ecdd0a2daf
lfr_n1000_o20_m20_s11__bigclam_native__s73,lfr_n1000_o20_m20_s11,bigclam_native,COMPLETED,graph_only_native_K,1000,1000,9861,12.99678708286956,120.0,75448320,-1,5,100,10,"[5, 6, 8, 10, 13, 17, 22, 29, 39, 52, 100]","[5, 6, 8, 10, 13, 17, 22, 29, 39, 52, 100]",100,33,33,True,True,29,final_fit,True,45000,0,12.14,0.51,0.11999999999999998,12.9,True,True,True,False,completed,True,False,run time: 12.90s (01:41:45),1d170fda77340016de064f9c5b746b4561ec21ccdc8374cc9b0df9cdc49ee443,6098deb89615f45d69f25f006226a758817b2dd36d50462c19468aca7a607f36
lfr_n1000_o20_m20_s11__bigclam_oracleK__s73,lfr_n1000_o20_m20_s11,bigclam_oracleK,COMPLETED,oracle_K,1000,1000,9861,0.5247142501175404,120.0,60702720,24,5,100,10,[],[],,0,0,True,True,,final_fit,True,41000,0,0,0.43,0.01,0.45,True,True,True,False,completed,True,False,run time: 0.45s (01:33:35),3f2c6f2fee3ea88ff5a0470ac4a397b9c5284973d3889dc32a9de96dbd8e218b,8df0e58486d5ab1903178056c105273baee052a77f15e65978090314c2e383b1
lfr_n1000_o20_m20_s12__bigclam_native__s73,lfr_n1000_o20_m20_s12,bigclam_native,COMPLETED,graph_only_native_K,1000,1000,9666,13.22575195832178,120.0,76824576,-1,5,100,10,"[5, 6, 8, 10, 13, 17, 22, 29, 39, 52, 100]","[5, 6, 8, 10, 13, 17, 22, 29, 39, 52, 100]",100,33,33,True,True,29,final_fit,True,55000,0,12.23,0.62,0.11999999999999998,13.13,True,True,True,False,completed,True,False,run time: 13.13s (02:40:56),97c79bebb5ed70bd1809c6d0141a0c740fc6eb5814e63b49ac29a8bb658474b4,90b35d72253d835c4148dc25d979459769e663a947ef7667d55a69c53dc3aec5
lfr_n1000_o20_m20_s12__bigclam_oracleK__s73,lfr_n1000_o20_m20_s12,bigclam_oracleK,COMPLETED,oracle_K,1000,1000,9666,0.5942880003713071,120.0,60768256,23,5,100,10,[],[],,0,0,True,True,,final_fit,True,47000,1,0,0.51,0.01,0.52,True,True,True,False,completed,True,False,run time: 0.52s (02:03:44),f54cb8fd021ba55ba6ad7131223066c7493a094c0f59fc221563d9c5bd02e8a4,3214722ddfd012bf5ded5c001802d7e690b758f07e890a50cabf867bc3330177
lfr_n1000_o20_m50_s11__bigclam_native__s73,lfr_n1000_o20_m50_s11,bigclam_native,COMPLETED,graph_only_native_K,1000,1000,9861,18.248579083010554,120.0,76693504,-1,5,100,10,"[5, 6, 8, 10, 13, 17, 22, 29, 39, 52, 100]","[5, 6, 8, 10, 13, 17, 22, 29, 39, 52, 100]",100,33,33,True,True,29,final_fit,True,89000,1,16.270000000000003,1.57,0.11999999999999998,18.14,True,True,True,False,completed,True,False,run time: 18.14s (01:40:46),ffed8a1fb8884fa2f4be5812cd668da1b790896378ed6096a6565af889e6c08f,753a1fabfde0a19681be7afe601891439d713b207a8302eb9d51b0da761f1d05
lfr_n1000_o20_m50_s11__bigclam_oracleK__s73,lfr_n1000_o20_m50_s11,bigclam_oracleK,COMPLETED,oracle_K,1000,1000,9861,1.2768939998932183,120.0,61243392,24,5,100,10,[],[],,0,0,True,True,,final_fit,True,71000,1,0,1.18,0.01,1.2,True,True,True,False,completed,True,False,run time: 1.20s (01:40:27),784b3501f8fa8fd07900a82147dbd793724ff2401a01c33063b05fe9be6d6bbf,c007eec1c4bb1ce8d54323223eaaaa56af25a9c0a4c6e144ba10302ac0fbe33f
lfr_n1000_o20_m50_s12__bigclam_native__s73,lfr_n1000_o20_m50_s12,bigclam_native,COMPLETED,graph_only_native_K,1000,1000,9666,16.67486874992028,120.0,75808768,-1,5,100,10,"[5, 6, 8, 10, 13, 17, 22, 29, 39, 52, 100]","[5, 6, 8, 10, 13, 17, 22, 29, 39, 52, 100]",100,33,33,True,True,5,final_fit,True,47000,1,15.960000000000003,0.32,0.11999999999999998,16.58,True,True,True,False,completed,True,False,run time: 16.58s (01:33:52),75f8dc7f102a28ce398f6d71f9a80ed91677836bb5c1b933fbc1d27b27f4cff6,65fc3af8ab5e450b6473e06a70fcc3f93ff406f00c9ef2862cd0b19a399baa63
lfr_n1000_o20_m50_s12__bigclam_oracleK__s73,lfr_n1000_o20_m50_s12,bigclam_oracleK,COMPLETED,oracle_K,1000,1000,9666,1.54163150023669,120.0,60407808,23,5,100,10,[],[],,0,0,True,True,,final_fit,True,91000,1,0,1.45,0.01,1.46,True,True,True,False,completed,True,False,run time: 1.46s (02:27:14),111d6ccebef2fb78db268845d034b9de1ff56833aee2ef56418fc832916f328a,ec0d61d08a479dc71793bb451e0963925ddd7d2688be95c8a1f4412568ffee54
lfr_n1000_o40_m20_s11__bigclam_native__s73,lfr_n1000_o40_m20_s11,bigclam_native,COMPLETED,graph_only_native_K,1000,1000,9861,13.680023625027388,120.0,74579968,-1,5,100,10,"[5, 6, 8, 10, 13, 17, 22, 29, 39, 52, 100]","[5, 6, 8, 10, 13, 17, 22, 29, 39, 52, 100]",100,33,33,True,True,29,final_fit,True,49000,0,12.729999999999999,0.59,0.11999999999999998,13.59,True,True,True,False,completed,True,False,run time: 13.59s (01:34:06),6756008af0da43bd408963b8139c6994699e8fbfac08cf03bc7644b24a05243c,51442e73478f506ccc35e9a77268a6f28a0f56560b2037bca87331ca2680fdf5
lfr_n1000_o40_m20_s11__bigclam_oracleK__s73,lfr_n1000_o40_m20_s11,bigclam_oracleK,COMPLETED,oracle_K,1000,1000,9861,0.6382174999453127,120.0,61390848,26,5,100,10,[],[],,0,0,True,True,,final_fit,True,47000,0,0,0.55,0.01,0.56,True,True,True,False,completed,True,False,run time: 0.56s (02:26:18),6fc3551fc27cdc8ce558e97889f93b035ffda43eaf6f57aff9603cfa17117258,030778459d33fd06a8d32fe0b5980e66b7671fc2dac48f8ad190adbc29c72b44
lfr_n1000_o40_m20_s12__bigclam_native__s73,lfr_n1000_o40_m20_s12,bigclam_native,COMPLETED,graph_only_native_K,1000,1000,9666,13.644591290969402,120.0,77643776,-1,5,100,10,"[5, 6, 8, 10, 13, 17, 22, 29, 39, 52, 100]","[5, 6, 8, 10, 13, 17, 22, 29, 39, 52, 100]",100,33,33,True,True,29,final_fit,True,47000,1,12.69,0.56,0.11999999999999998,13.51,True,True,True,False,completed,True,False,run time: 13.51s (02:26:57),c0c8177893154956aee2eb48a564a96e669ac2943cf17842801a0d5d505c7c4a,070669d5e95c4073ff0b1f999a5c482539936cd784a9911b8505cad8b555e00d
lfr_n1000_o40_m20_s12__bigclam_oracleK__s73,lfr_n1000_o40_m20_s12,bigclam_oracleK,COMPLETED,oracle_K,1000,1000,9666,0.6332534169778228,120.0,60342272,26,5,100,10,[],[],,0,0,True,True,,final_fit,True,45000,0,0,0.54,0.01,0.55,True,True,True,False,completed,True,False,run time: 0.55s (02:08:44),93e151623c5a2671dd5cfc70f2e55fc078c48fae254e982f007aa7003d13e911,64cb5fe33b567d78fdaf67c658c547d15abbd7ade129f77c6e19f07571840de5
lfr_n1000_o40_m50_s11__bigclam_native__s73,lfr_n1000_o40_m50_s11,bigclam_native,COMPLETED,graph_only_native_K,1000,1000,9861,17.383895667269826,120.0,76611584,-1,5,100,10,"[5, 6, 8, 10, 13, 17, 22, 29, 39, 52, 100]","[5, 6, 8, 10, 13, 17, 22, 29, 39, 52, 100]",100,33,33,True,True,5,final_fit,True,45000,0,16.68,0.31,0.11999999999999998,17.29,True,True,True,False,completed,True,False,run time: 17.29s (01:58:24),ffa1a6bf756bfd4f7bd0ce4db6e3535ef21fd71fe6d086f23ec9eed5af1e571e,64442e589c4210c3e039ad71589d841e5b15c17bd8e643547f7669a4e1cccee5
lfr_n1000_o40_m50_s11__bigclam_oracleK__s73,lfr_n1000_o40_m50_s11,bigclam_oracleK,COMPLETED,oracle_K,1000,1000,9861,1.1788310827687383,120.0,61325312,26,5,100,10,[],[],,0,0,True,True,,final_fit,True,63000,1,0,1.09,0.01,1.1,True,True,True,False,completed,True,False,run time: 1.10s (01:34:07),c59431cb765439e7be034a49e4f2d2182dbc45c5d3a1bea391fde41f79bed2dc,cb0e343ac8a6d9f063a060ebb5f8d97140c87254ddf29cf6150b0bb7b845fe71
lfr_n1000_o40_m50_s12__bigclam_native__s73,lfr_n1000_o40_m50_s12,bigclam_native,COMPLETED,graph_only_native_K,1000,1000,9666,17.193383667152375,120.0,76578816,-1,5,100,10,"[5, 6, 8, 10, 13, 17, 22, 29, 39, 52, 100]","[5, 6, 8, 10, 13, 17, 22, 29, 39, 52, 100]",100,33,33,True,True,5,final_fit,True,39000,0,16.529999999999998,0.27,0.11999999999999998,17.1,True,True,True,False,completed,True,False,run time: 17.10s (01:39:52),89cbae2a343832d8a24fae517296dae270c4975581dacd628ed9cf2bb5e9e0a3,bb97b4d786558332e9dfecd2f5756307061b30cffd47cbb232ec78264a9b49b1
lfr_n5000_o00_m20_s11__bigclam_native__s73,lfr_n5000_o00_m20_s11,bigclam_native,TIMEOUT,graph_only_native_K,5000,5000,48796,300.011550874915,300.0,305119232,-1,5,500,10,"[5, 7, 11, 17, 26, 41, 64, 101, 160, 253, 500]","[5, 7, 11, 17, 26, 41, 64, 101, 160, 253]",253,27,28,False,False,,cv,False,20000,30,259.56,0,0.30000000000000004,,False,False,,False,,False,False,20000 iterations (-218288.706002) [30 sec],92032667398e917a171e114ca44e1c589f4001aaa3c6160ab6a8e0eca71e6a43,0aa2b8cf2855341cfa49d6a40d625eb26072a109c34895f6e55b5f46e9510374
lfr_n5000_o00_m20_s11__bigclam_oracleK__s73,lfr_n5000_o00_m20_s11,bigclam_oracleK,COMPLETED,oracle_K,5000,5000,48796,4.9039360829629,300.0,84885504,107,5,100,10,[],[],,0,0,True,True,,final_fit,True,315000,5,0,4.74,0.03,4.79,True,True,True,False,completed,True,False,run time: 4.79s (01:32:39),d85459344e06346d61c899bdf3a14e33c5035c128d3dbe63b6f4eb59bd233e91,9b8012d0c0ba7468586c8743824136a4cb7459dbd93f7e7ce6d252e7870698a3
lfr_n5000_o00_m20_s12__bigclam_native__s73,lfr_n5000_o00_m20_s12,bigclam_native,TIMEOUT,graph_only_native_K,5000,5000,48273,300.0178981660865,300.0,293322752,-1,5,500,10,"[5, 7, 11, 17, 26, 41, 64, 101, 160, 253, 500]","[5, 7, 11, 17, 26, 41, 64, 101, 160, 253]",253,27,28,False,False,,cv,False,25000,37,256.64,0,0.30000000000000004,,False,False,,False,,False,False,25000 iterations (-218165.148557) [37 sec],1e495f3649e50a91aa4329b677bb8a2816425e55bcbbc5f36004aaf3ce39ebb4,bc9269a019cb747be3fd9f003575103d59101926973ea92ece09f9b804756e6d
lfr_n5000_o00_m20_s12__bigclam_oracleK__s73,lfr_n5000_o00_m20_s12,bigclam_oracleK,COMPLETED,oracle_K,5000,5000,48273,5.385759208817035,300.0,86048768,104,5,100,10,[],[],,0,0,True,True,,final_fit,True,365000,5,0,5.22,0.03,5.28,True,True,True,False,completed,True,False,run time: 5.28s (01:58:40),745beed34029c5af84302fa9beeeca38fa17ec1c0471df8fa2829611dd42cab1,c503a8072326c63faf2fbbc218aa9de3801b5863e092695f343ed3c05e84bcc5
lfr_n5000_o00_m50_s11__bigclam_native__s73,lfr_n5000_o00_m50_s11,bigclam_native,TIMEOUT,graph_only_native_K,5000,5000,48793,300.01135587505996,300.0,299679744,-1,5,500,10,"[5, 7, 11, 17, 26, 41, 64, 101, 160, 253, 500]","[5, 7, 11, 17, 26, 41, 64, 101, 160]",160,24,25,False,False,,cv,False,30000,57,233.82,0,0.27,,False,False,,False,,False,False,30000 iterations (-316435.760509) [57 sec],0647855432e9ab42c8a993040d8944e2fabd166a6316292f17ff215f13ca5d07,3b8947473506aa7ede8ed17dde3853bdf985d1d6b328d911fb672b245b34aaef
lfr_n5000_o00_m50_s11__bigclam_oracleK__s73,lfr_n5000_o00_m50_s11,bigclam_oracleK,COMPLETED,oracle_K,5000,5000,48793,12.428741542156786,300.0,90341376,107,5,100,10,[],[],,0,0,True,True,,final_fit,True,425000,13,0,12.21,0.03,12.26,True,True,True,False,completed,True,False,run time: 12.26s (01:42:27),5a47f936d5dfae9e6e01f32a0bcf49e95be5893e0581bc2665f5df09366f9d00,d2fc623c2b7417b62d576bfb8896b2e873d488c399fd2924c464e0614b3bcd1f
lfr_n5000_o00_m50_s12__bigclam_native__s73,lfr_n5000_o00_m50_s12,bigclam_native,TIMEOUT,graph_only_native_K,5000,5000,48275,300.01206799969077,300.0,290111488,-1,5,500,10,"[5, 7, 11, 17, 26, 41, 64, 101, 160, 253, 500]","[5, 7, 11, 17, 26, 41, 64, 101, 160]",160,24,25,False,False,,cv,False,30000,58,234.86999999999998,0,0.27,,False,False,,False,,False,False,30000 iterations (-316735.340279) [58 sec],bd7b2be57ed3d5043d2440e31427c4dcebfcf7bd6263d2d367e6e0a05b1ea38e,0475ce4a7db186f8181289abd6547461a32ab4bfce3b0f6fff1e77131230d8e3
lfr_n5000_o00_m50_s12__bigclam_oracleK__s73,lfr_n5000_o00_m50_s12,bigclam_oracleK,COMPLETED,oracle_K,5000,5000,48275,14.119102749973536,300.0,87261184,104,5,100,10,[],[],,0,0,True,True,,final_fit,True,535000,14,0,13.95,0.03,14.0,True,True,True,False,completed,True,False,run time: 14.00s (02:39:33),af6924abd28b2715cb46f6b0e6a8363ef8751af2d74a9a289bfa95ecb600672b,12a47f6f60fc0f0160884ec0b384996d2ee09bb36e7d5f714dcbfaa54810a341
lfr_n5000_o20_m20_s11__bigclam_native__s73,lfr_n5000_o20_m20_s11,bigclam_native,TIMEOUT,graph_only_native_K,5000,5000,48796,300.01580604119226,300.0,292503552,-1,5,500,10,"[5, 7, 11, 17, 26, 41, 64, 101, 160, 253, 500]","[5, 7, 11, 17, 26, 41, 64, 101, 160]",160,26,27,False,False,,cv,False,40000,28,264.91999999999996,0,0.27,,False,False,,False,,False,False,40000 iterations (-117049.393624) [28 sec],068977a29dc662bfa6d0ed9e9ce2bac4c1bd35152d192d3ef0b08de0e08d4b9a,7942e0df52ae92513bbb58394df833fc922369a551d4e48ee81130214e2674ea
lfr_n5000_o20_m20_s11__bigclam_oracleK__s73,lfr_n5000_o20_m20_s11,bigclam_oracleK,COMPLETED,oracle_K,5000,5000,48796,6.624076124746352,300.0,83492864,129,5,100,10,[],[],,0,0,True,True,,final_fit,True,405000,6,0,6.46,0.03,6.51,True,True,True,False,completed,True,False,run time: 6.51s (01:40:17),0ed29e19dfd2f15866542942200b51800efb11aa73add1d7303814d6a3732f6a,054696a65ea7626697626acff86b6842c7755946e2d71fd1a74ccea522a41963
lfr_n5000_o20_m20_s12__bigclam_native__s73,lfr_n5000_o20_m20_s12,bigclam_native,TIMEOUT,graph_only_native_K,5000,5000,48274,300.0140156671405,300.0,284737536,-1,5,500,10,"[5, 7, 11, 17, 26, 41, 64, 101, 160, 253, 500]","[5, 7, 11, 17, 26, 41, 64, 101, 160, 253]",253,27,28,False,False,,cv,False,15000,23,270.66999999999996,0,0.30000000000000004,,False,False,,False,,False,False,15000 iterations (0.000000) [23 sec],6f4e103794ae113bb75badfccdd7d8fde2da5d5744ea25fdd3be1ec5bff6a68c,7028a694c8267dc6572127da741746707e0592171357a7c143d46735ef0c488d
lfr_n5000_o20_m20_s12__bigclam_oracleK__s73,lfr_n5000_o20_m20_s12,bigclam_oracleK,COMPLETED,oracle_K,5000,5000,48274,7.333532333374023,300.0,86802432,125,5,100,10,[],[],,0,0,True,True,,final_fit,True,495000,7,0,7.17,0.03,7.23,True,True,True,False,completed,True,False,run time: 7.23s (02:40:43),38f5fd25abe54fb7ce9389f05732d05b401e0cb5658761de4131d8693c8f2f83,ad40fe707e77c7d37b1e59a09f8427180261e41722e70ee0e5a2989aba77bac9
lfr_n5000_o20_m50_s11__bigclam_native__s73,lfr_n5000_o20_m50_s11,bigclam_native,TIMEOUT,graph_only_native_K,5000,5000,48796,300.0169907081872,300.0,279445504,-1,5,500,10,"[5, 7, 11, 17, 26, 41, 64, 101, 160, 253, 500]","[5, 7, 11, 17, 26, 41, 64, 101, 160]",160,24,25,False,False,,cv,False,20000,44,246.67000000000002,0,0.27,,False,False,,False,,False,False,20000 iterations (-389483.734298) [44 sec],3d5e5c3fc963364e608c8aaea14b6075c89cce5108ced85b9580dbbcff311f53,17dc8a2a714ba02c2d8e70ede42fb2df58d8e0b5970a9e76a691c337c13f5d3a
lfr_n5000_o20_m50_s11__bigclam_oracleK__s73,lfr_n5000_o20_m50_s11,bigclam_oracleK,COMPLETED,oracle_K,5000,5000,48796,12.50854116678238,300.0,89063424,129,5,100,10,[],[],,0,0,True,True,,final_fit,True,415000,12,0,12.33,0.03,12.39,True,True,True,False,completed,True,False,run time: 12.39s (02:19:50),85ae1d79983ecbe855f764089eb7f6a5e2d80b9e2714d2fdcdadcaafa9a69932,45aabb458b92959a36b9bb78866e2c86d675204fd5683366eabfd61f2295a16e
lfr_n5000_o20_m50_s12__bigclam_native__s73,lfr_n5000_o20_m50_s12,bigclam_native,TIMEOUT,graph_only_native_K,5000,5000,48275,300.0150923328474,300.0,293797888,-1,5,500,10,"[5, 7, 11, 17, 26, 41, 64, 101, 160, 253, 500]","[5, 7, 11, 17, 26, 41, 64, 101, 160]",160,24,25,False,False,,cv,False,30000,60,233.87,0,0.27,,False,False,,False,,False,False,30000 iterations (-321069.009383) [60 sec],88a81aa9489f5031df712f53a5d204a9fbaa5cbffb86480f206f5688c61177fe,0e1a4728bb84c567d269f94c7fb37603c5cb8fd5ea93e103d4383bccce7337e0
lfr_n5000_o20_m50_s12__bigclam_oracleK__s73,lfr_n5000_o20_m50_s12,bigclam_oracleK,COMPLETED,oracle_K,5000,5000,48275,12.44482725020498,300.0,90062848,125,5,100,10,[],[],,0,0,True,True,,final_fit,True,425000,13,0,12.27,0.03,12.33,True,True,True,False,completed,True,False,run time: 12.33s (01:41:58),bbf0df13a53aa409ffba4fb1eb1994533cd5a2758c873e28fcc14acd2d38cf75,a82d4bf8828971784f662c43759d84ff97fe82a16ce5464244ea3a705a7322f9
lfr_n5000_o40_m20_s11__bigclam_native__s73,lfr_n5000_o40_m20_s11,bigclam_native,TIMEOUT,graph_only_native_K,5000,5000,48796,300.0125400000252,300.0,318963712,-1,5,500,10,"[5, 7, 11, 17, 26, 41, 64, 101, 160, 253, 500]","[5, 7, 11, 17, 26, 41, 64, 101, 160, 253]",253,27,28,False,False,,cv,False,25000,43,248.12000000000003,0,0.30000000000000004,,False,False,,False,,False,False,25000 iterations (-250988.900178) [43 sec],e7db591ef6b45facea5d31d810ce6ff35d62db8ce8dc37fd8e8bb4bc12e4c0c7,453dac9e0e5a71fb41e954bee80ea46a96d22db7ce6ca5c339255f27e861f249
lfr_n5000_o40_m20_s12__bigclam_native__s73,lfr_n5000_o40_m20_s12,bigclam_native,TIMEOUT,graph_only_native_K,5000,5000,48275,300.0147954579443,300.0,296845312,-1,5,500,10,"[5, 7, 11, 17, 26, 41, 64, 101, 160, 253, 500]","[5, 7, 11, 17, 26, 41, 64, 101, 160, 253]",253,27,28,False,False,,cv,False,10000,15,270.78999999999996,0,0.30000000000000004,,False,False,,False,,False,False,10000 iterations (0.000000) [15 sec],ceedd1ee1a4332dd96cc4939b6d9bd2c19fbcef03c1e8a66fccdb29d27e8b37f,840dc3339eb3c06dca1db7fcf94b14de6dd963c76a490981137b6396efb3e4eb
lfr_n5000_o40_m20_s12__bigclam_oracleK__s73,lfr_n5000_o40_m20_s12,bigclam_oracleK,COMPLETED,oracle_K,5000,5000,48275,4.266347167082131,300.0,86179840,147,5,100,10,[],[],,0,0,True,True,,final_fit,True,235000,4,0,4.08,0.03,4.14,True,True,True,False,completed,True,False,run time: 4.14s (02:41:31),d6c118c3f22ac7e8cd540b8fabdb97690cfe966935c1a315e8d7a7391aeb0fba,7ab05dc4e25a4eb6b40467fb1d95ad67c471d941301087f4b361b5ebdf55df7a
lfr_n5000_o40_m50_s11__bigclam_native__s73,lfr_n5000_o40_m50_s11,bigclam_native,TIMEOUT,graph_only_native_K,5000,5000,48796,300.01594862528145,300.0,301826048,-1,5,500,10,"[5, 7, 11, 17, 26, 41, 64, 101, 160, 253, 500]","[5, 7, 11, 17, 26, 41, 64, 101, 160]",160,24,25,False,False,,cv,False,20000,42,250.38000000000002,0,0.27,,False,False,,False,,False,False,20000 iterations (-392014.931925) [42 sec],861ee8fd8db17ac15cc95a08e58e8cf40cf128542c19d05dd2119c92bd6cd763,d8c95909a41f9f4a7602f71fbba879a29734064e9d672c53288c852395251922
lfr_n5000_o40_m50_s11__bigclam_oracleK__s73,lfr_n5000_o40_m50_s11,bigclam_oracleK,COMPLETED,oracle_K,5000,5000,48796,18.171880290843546,300.0,92880896,149,5,100,10,[],[],,0,0,True,True,,final_fit,True,585000,18,0,18.0,0.03,18.06,True,True,True,False,completed,True,False,run time: 18.06s (02:20:33),d1d7aedb4403f5a90ff28770f266944a737794246af7ffa88d81c263ce8bb556,124436405b66ca60456d4f391fe7cc4a28405bc82a7618a35e74b12121897fae
lfr_n5000_o40_m50_s12__bigclam_native__s73,lfr_n5000_o40_m50_s12,bigclam_native,TIMEOUT,graph_only_native_K,5000,5000,48274,300.0157752078958,300.0,299876352,-1,5,500,10,"[5, 7, 11, 17, 26, 41, 64, 101, 160, 253, 500]","[5, 7, 11, 17, 26, 41, 64, 101, 160]",160,24,25,False,False,,cv,False,25000,52,240.69000000000003,0,0.27,,False,False,,False,,False,False,25000 iterations (-392749.300407) [52 sec],ada514ef6d2a8e691ff4cc0400b45fa5f0ce2ea2e82b44eb027209ab4d662ffa,273e0eb0c6ca27fbbac6ef43736029fd76b8fbc5a4d65b00b6360de9b55aef54
lfr_n5000_o40_m50_s12__bigclam_oracleK__s73,lfr_n5000_o40_m50_s12,bigclam_oracleK,COMPLETED,oracle_K,5000,5000,48274,18.81548204133287,300.0,90292224,147,5,100,10,[],[],,0,0,True,True,,final_fit,True,645000,18,0,18.6,0.03,18.66,True,True,True,False,completed,True,False,run time: 18.66s (01:33:34),ae31cf010081bc0df956b5cba722a25086d3a87d10210e8f5211eef87ed5495b,57489bb905db05df23173a4eba8acb9d6e1d146e0619e02234d08df0a4eda238
