case_id,n,seed,reference_status,cap_status,reference_termination,cap_termination,reference_last_check_epoch,cap_last_check_epoch,reference_updates_lower,reference_updates_upper,cap_updates_lower,cap_updates_upper,reference_seconds,cap_seconds,actual_extra_update_class
lfr_n1000_o00_m20_s11,1000,73,COMPLETED,COMPLETED,max_epochs,max_epochs,500,1000,501,501,1001,1001,5.833312625065446,9.27638458320871,definitely_more_updates
lfr_n1000_o00_m20_s11,1000,74,COMPLETED,COMPLETED,max_epochs,max_epochs,500,1000,501,501,1001,1001,5.6242874171584845,9.300150499679148,definitely_more_updates
lfr_n1000_o00_m20_s11,1000,75,COMPLETED,COMPLETED,max_epochs,training_loss_patience,500,775,501,501,775,775,5.826853916049004,7.641419708263129,definitely_more_updates
lfr_n1000_o00_m20_s12,1000,73,COMPLETED,COMPLETED,max_epochs,max_epochs,500,1000,501,501,1001,1001,5.401352291926742,8.915468417108059,definitely_more_updates
lfr_n1000_o00_m20_s12,1000,74,COMPLETED,COMPLETED,max_epochs,max_epochs,500,1000,501,501,1001,1001,5.712589375209063,8.996396250091493,definitely_more_updates
lfr_n1000_o00_m20_s12,1000,75,COMPLETED,COMPLETED,max_epochs,max_epochs,500,1000,501,501,1001,1001,5.32176575018093,8.951421999838203,definitely_more_updates
lfr_n1000_o00_m50_s11,1000,73,COMPLETED,COMPLETED,max_epochs,training_loss_patience,500,675,501,501,675,675,5.788233415689319,6.965411790646613,definitely_more_updates
lfr_n1000_o00_m50_s11,1000,74,COMPLETED,COMPLETED,max_epochs,training_loss_patience,500,900,501,501,900,900,5.505985583178699,8.473258666694164,definitely_more_updates
lfr_n1000_o00_m50_s11,1000,75,COMPLETED,COMPLETED,max_epochs,training_loss_patience,500,525,501,501,525,525,5.5312606249935925,5.582534500397742,definitely_more_updates
lfr_n1000_o00_m50_s12,1000,73,COMPLETED,COMPLETED,max_epochs,training_loss_patience,500,700,501,501,700,700,5.363302458077669,6.663551500067115,definitely_more_updates
lfr_n1000_o00_m50_s12,1000,74,COMPLETED,COMPLETED,training_loss_patience,training_loss_patience,475,475,475,475,475,475,4.800740999635309,5.112670666072518,cap_only_no_extra_updates
lfr_n1000_o00_m50_s12,1000,75,COMPLETED,COMPLETED,max_epochs,training_loss_patience,500,750,501,501,750,750,5.415520084090531,7.154131459072232,definitely_more_updates
lfr_n1000_o20_m20_s11,1000,73,COMPLETED,COMPLETED,max_epochs,training_loss_patience,500,950,501,501,950,950,5.881723208818585,9.828209000173956,definitely_more_updates
lfr_n1000_o20_m20_s11,1000,74,COMPLETED,COMPLETED,max_epochs,max_epochs,500,1000,501,501,1001,1001,5.860335709061474,10.470967459026724,definitely_more_updates
lfr_n1000_o20_m20_s11,1000,75,COMPLETED,COMPLETED,max_epochs,max_epochs,500,1000,501,501,1001,1001,5.797940083313733,9.989484125282615,definitely_more_updates
lfr_n1000_o20_m20_s12,1000,73,COMPLETED,COMPLETED,max_epochs,max_epochs,500,1000,501,501,1001,1001,5.777043959125876,9.967320667114109,definitely_more_updates
lfr_n1000_o20_m20_s12,1000,74,COMPLETED,COMPLETED,max_epochs,max_epochs,500,1000,501,501,1001,1001,5.886380250100046,10.17957904189825,definitely_more_updates
lfr_n1000_o20_m20_s12,1000,75,COMPLETED,COMPLETED,max_epochs,training_loss_patience,500,825,501,501,825,825,5.844878667034209,8.792213208042085,definitely_more_updates
lfr_n1000_o20_m50_s11,1000,73,COMPLETED,COMPLETED,training_loss_patience,training_loss_patience,450,450,450,450,450,450,5.477471041958779,5.25757670821622,cap_only_no_extra_updates
lfr_n1000_o20_m50_s11,1000,74,COMPLETED,COMPLETED,max_epochs,training_loss_patience,500,525,501,501,525,525,6.051543083973229,6.029386708047241,definitely_more_updates
lfr_n1000_o20_m50_s11,1000,75,COMPLETED,COMPLETED,max_epochs,training_loss_patience,500,525,501,501,525,525,5.861264958046377,5.830198749899864,definitely_more_updates
lfr_n1000_o20_m50_s12,1000,73,COMPLETED,COMPLETED,training_loss_patience,training_loss_patience,500,500,500,500,500,500,5.863878624979407,5.720849042292684,cap_only_no_extra_updates
lfr_n1000_o20_m50_s12,1000,74,COMPLETED,COMPLETED,training_loss_patience,training_loss_patience,500,500,500,500,500,500,5.833772291895002,6.010867792181671,cap_only_no_extra_updates
lfr_n1000_o20_m50_s12,1000,75,COMPLETED,COMPLETED,training_loss_patience,training_loss_patience,500,500,500,500,500,500,6.143349958118051,5.8694274998269975,cap_only_no_extra_updates
lfr_n1000_o40_m20_s11,1000,73,COMPLETED,COMPLETED,max_epochs,training_loss_patience,500,775,501,501,775,775,6.070623291190714,8.728595667053014,definitely_more_updates
lfr_n1000_o40_m20_s11,1000,74,COMPLETED,COMPLETED,max_epochs,training_loss_patience,500,775,501,501,775,775,6.083963790908456,8.491993082687259,definitely_more_updates
lfr_n1000_o40_m20_s11,1000,75,COMPLETED,COMPLETED,max_epochs,training_loss_patience,500,575,501,501,575,575,6.1229975419119,6.854534458834678,definitely_more_updates
lfr_n1000_o40_m20_s12,1000,73,COMPLETED,COMPLETED,max_epochs,training_loss_patience,500,675,501,501,675,675,6.410395957995206,7.575540917459875,definitely_more_updates
lfr_n1000_o40_m20_s12,1000,74,COMPLETED,COMPLETED,max_epochs,training_loss_patience,500,775,501,501,775,775,6.00641241716221,8.406932707875967,definitely_more_updates
lfr_n1000_o40_m20_s12,1000,75,COMPLETED,COMPLETED,max_epochs,training_loss_patience,500,700,501,501,700,700,6.187222541309893,7.829460542183369,definitely_more_updates
lfr_n1000_o40_m50_s11,1000,73,COMPLETED,COMPLETED,training_loss_patience,training_loss_patience,475,475,475,475,475,475,5.760213459376246,6.055498290807009,cap_only_no_extra_updates
lfr_n1000_o40_m50_s11,1000,74,COMPLETED,COMPLETED,max_epochs,training_loss_patience,500,525,501,501,525,525,6.0606907503679395,6.589292666874826,definitely_more_updates
lfr_n1000_o40_m50_s11,1000,75,COMPLETED,COMPLETED,max_epochs,training_loss_patience,500,525,501,501,525,525,6.07149345939979,6.333046291023493,definitely_more_updates
lfr_n1000_o40_m50_s12,1000,73,COMPLETED,COMPLETED,training_loss_patience,training_loss_patience,475,475,475,475,475,475,5.835984957870096,5.7522853328846395,cap_only_no_extra_updates
lfr_n1000_o40_m50_s12,1000,74,COMPLETED,COMPLETED,training_loss_patience,training_loss_patience,450,450,450,450,450,450,5.64572895783931,5.068823332898319,cap_only_no_extra_updates
lfr_n1000_o40_m50_s12,1000,75,COMPLETED,COMPLETED,max_epochs,training_loss_patience,500,550,501,501,550,550,6.123676000162959,6.476448750123382,definitely_more_updates
lfr_n5000_o00_m20_s11,5000,73,COMPLETED,COMPLETED,max_epochs,max_epochs,500,1000,501,501,1001,1001,24.14068033406511,46.088117165956646,definitely_more_updates
lfr_n5000_o00_m20_s11,5000,74,COMPLETED,COMPLETED,max_epochs,max_epochs,500,1000,501,501,1001,1001,24.14047220814973,45.48627395788208,definitely_more_updates
lfr_n5000_o00_m20_s11,5000,75,COMPLETED,COMPLETED,max_epochs,max_epochs,500,1000,501,501,1001,1001,24.398341459222138,46.174957958981395,definitely_more_updates
lfr_n5000_o00_m20_s12,5000,73,COMPLETED,COMPLETED,max_epochs,max_epochs,500,1000,501,501,1001,1001,24.516227917280048,48.73382500000298,definitely_more_updates
lfr_n5000_o00_m20_s12,5000,74,COMPLETED,COMPLETED,max_epochs,max_epochs,500,1000,501,501,1001,1001,25.078882208094,47.57083366718143,definitely_more_updates
lfr_n5000_o00_m20_s12,5000,75,COMPLETED,COMPLETED,max_epochs,max_epochs,500,1000,501,501,1001,1001,24.658949041273445,47.89693566644564,definitely_more_updates
lfr_n5000_o00_m50_s11,5000,73,COMPLETED,COMPLETED,max_epochs,training_loss_patience,500,550,501,501,550,550,23.41206270782277,25.83543137507513,definitely_more_updates
lfr_n5000_o00_m50_s11,5000,74,COMPLETED,COMPLETED,max_epochs,training_loss_patience,500,550,501,501,550,550,24.26574350008741,25.938114665914327,definitely_more_updates
lfr_n5000_o00_m50_s11,5000,75,COMPLETED,COMPLETED,max_epochs,training_loss_patience,500,550,501,501,550,550,23.753538166638464,26.60956033412367,definitely_more_updates
lfr_n5000_o00_m50_s12,5000,73,COMPLETED,COMPLETED,max_epochs,training_loss_patience,500,575,501,501,575,575,24.668669458013028,28.545014916919172,definitely_more_updates
lfr_n5000_o00_m50_s12,5000,74,COMPLETED,COMPLETED,max_epochs,max_epochs,500,1000,501,501,1001,1001,25.19126766687259,47.57069699978456,definitely_more_updates
lfr_n5000_o00_m50_s12,5000,75,COMPLETED,COMPLETED,max_epochs,training_loss_patience,500,650,501,501,650,650,24.434830124955624,31.639855791814625,definitely_more_updates
lfr_n5000_o20_m20_s11,5000,73,COMPLETED,COMPLETED,max_epochs,max_epochs,500,1000,501,501,1001,1001,26.170098583213985,48.66585554089397,definitely_more_updates
lfr_n5000_o20_m20_s11,5000,74,COMPLETED,COMPLETED,max_epochs,max_epochs,500,1000,501,501,1001,1001,25.870530958287418,50.33117291610688,definitely_more_updates
lfr_n5000_o20_m20_s11,5000,75,COMPLETED,COMPLETED,max_epochs,max_epochs,500,1000,501,501,1001,1001,27.03147679194808,49.65318287489936,definitely_more_updates
lfr_n5000_o20_m20_s12,5000,73,COMPLETED,COMPLETED,max_epochs,max_epochs,500,1000,501,501,1001,1001,25.555246332660317,49.67354641715065,definitely_more_updates
lfr_n5000_o20_m20_s12,5000,74,COMPLETED,COMPLETED,max_epochs,max_epochs,500,1000,501,501,1001,1001,25.59680345794186,48.841020540799946,definitely_more_updates
lfr_n5000_o20_m20_s12,5000,75,COMPLETED,COMPLETED,max_epochs,max_epochs,500,1000,501,501,1001,1001,25.74351774994284,48.762838709168136,definitely_more_updates
lfr_n5000_o20_m50_s11,5000,73,COMPLETED,COMPLETED,max_epochs,max_epochs,500,1000,501,501,1001,1001,26.314951249863952,50.17463145824149,definitely_more_updates
lfr_n5000_o20_m50_s11,5000,74,COMPLETED,COMPLETED,max_epochs,training_loss_patience,500,875,501,501,875,875,25.81799104111269,44.09197179088369,definitely_more_updates
lfr_n5000_o20_m50_s11,5000,75,COMPLETED,COMPLETED,max_epochs,training_loss_patience,500,625,501,501,625,625,26.17331675020978,32.3607696252875,definitely_more_updates
lfr_n5000_o20_m50_s12,5000,73,COMPLETED,COMPLETED,max_epochs,training_loss_patience,500,850,501,501,850,850,25.89581866702065,41.76799020823091,definitely_more_updates
lfr_n5000_o20_m50_s12,5000,74,COMPLETED,COMPLETED,max_epochs,training_loss_patience,500,550,501,501,550,550,25.592418833170086,27.965271624736488,definitely_more_updates
lfr_n5000_o20_m50_s12,5000,75,COMPLETED,COMPLETED,max_epochs,max_epochs,500,1000,501,501,1001,1001,25.994744250085205,49.670860290993005,definitely_more_updates
lfr_n5000_o40_m20_s11,5000,73,COMPLETED,COMPLETED,max_epochs,max_epochs,500,1000,501,501,1001,1001,28.355056500062346,52.78111212514341,definitely_more_updates
lfr_n5000_o40_m20_s11,5000,74,COMPLETED,COMPLETED,max_epochs,max_epochs,500,1000,501,501,1001,1001,28.033314584288746,54.75839629210532,definitely_more_updates
lfr_n5000_o40_m20_s11,5000,75,COMPLETED,COMPLETED,max_epochs,max_epochs,500,1000,501,501,1001,1001,28.755824541673064,53.795893707778305,definitely_more_updates
lfr_n5000_o40_m20_s12,5000,73,COMPLETED,COMPLETED,max_epochs,training_loss_patience,500,850,501,501,850,850,28.12703441688791,46.217878124676645,definitely_more_updates
lfr_n5000_o40_m20_s12,5000,74,COMPLETED,COMPLETED,max_epochs,max_epochs,500,1000,501,501,1001,1001,27.47907108394429,53.616591792088,definitely_more_updates
lfr_n5000_o40_m20_s12,5000,75,COMPLETED,COMPLETED,max_epochs,max_epochs,500,1000,501,501,1001,1001,28.639005500357598,54.61704004090279,definitely_more_updates
lfr_n5000_o40_m50_s11,5000,73,COMPLETED,COMPLETED,max_epochs,training_loss_patience,500,925,501,501,925,925,27.945540708955377,48.89476749999449,definitely_more_updates
lfr_n5000_o40_m50_s11,5000,74,COMPLETED,COMPLETED,max_epochs,training_loss_patience,500,650,501,501,650,650,28.6701379166916,35.979884166736156,definitely_more_updates
lfr_n5000_o40_m50_s11,5000,75,COMPLETED,COMPLETED,max_epochs,training_loss_patience,500,600,501,501,600,600,28.068024458829314,32.67278779204935,definitely_more_updates
lfr_n5000_o40_m50_s12,5000,73,COMPLETED,COMPLETED,max_epochs,training_loss_patience,500,675,501,501,675,675,28.321569541003555,37.00639474997297,definitely_more_updates
lfr_n5000_o40_m50_s12,5000,74,COMPLETED,COMPLETED,max_epochs,max_epochs,500,1000,501,501,1001,1001,27.785452249925584,52.98533079214394,definitely_more_updates
lfr_n5000_o40_m50_s12,5000,75,COMPLETED,COMPLETED,max_epochs,max_epochs,500,1000,501,501,1001,1001,28.495178957935423,54.32377683324739,definitely_more_updates
