job_id,case_id,n,seed,method,oracle_k,raw_source_map_signature,status,metric_status,pipeline_seconds,matched_macro_f1,matched_membership_micro_f1,at_least_two_correct_recall,termination,last_check_epoch,number_of_checks,train_updates_lower,train_updates_upper,train_updates_exact,forward_loss_backward_seconds,forward_backward_seconds_per_exact_update,trace_error,integrity_errors,valid_completed_scored
lfr_n1000_o00_m20_s11__nocd_pairdot_elementwise500__s73,lfr_n1000_o00_m20_s11,1000,73,nocd_pairdot_elementwise500,19,e99f0edf243a838339fcd4311cf738a18c8a2aeb2c0e6837ccad10983d7a7e54,COMPLETED,SCORED,5.833312625065446,0.9303931766174328,0.9588638589618022,,max_epochs,500,21,501,501,501,3.0993186901323497,0.006186264850563572,,[],True
lfr_n1000_o00_m20_s11__nocd_pairdot_bmm500__s73,lfr_n1000_o00_m20_s11,1000,73,nocd_pairdot_bmm500,19,e99f0edf243a838339fcd4311cf738a18c8a2aeb2c0e6837ccad10983d7a7e54,COMPLETED,SCORED,5.555343374609947,0.931350114416476,0.9602746444335458,,max_epochs,500,21,501,501,501,3.1797544681467116,0.006346815305682059,,[],True
lfr_n1000_o00_m20_s11__nocd_pairdot_csr500__s73,lfr_n1000_o00_m20_s11,1000,73,nocd_pairdot_csr500,19,e99f0edf243a838339fcd4311cf738a18c8a2aeb2c0e6837ccad10983d7a7e54,COMPLETED,SCORED,6.252390875015408,0.9354780813927401,0.9665024630541872,,max_epochs,500,21,501,501,501,3.860311613418162,0.007705212801233856,,[],True
lfr_n1000_o00_m20_s11__nocd_pairdot_elementwise1000__s73,lfr_n1000_o00_m20_s11,1000,73,nocd_pairdot_elementwise1000,19,e99f0edf243a838339fcd4311cf738a18c8a2aeb2c0e6837ccad10983d7a7e54,COMPLETED,SCORED,9.27638458320871,0.931350114416476,0.9616895874263262,,max_epochs,1000,41,1001,1001,1001,6.04506451357156,0.006039025488083477,,[],True
lfr_n1000_o00_m20_s11__nocd_pairdot_elementwise500__s74,lfr_n1000_o00_m20_s11,1000,74,nocd_pairdot_elementwise500,19,e99f0edf243a838339fcd4311cf738a18c8a2aeb2c0e6837ccad10983d7a7e54,COMPLETED,SCORED,5.6242874171584845,0.9391660970608339,0.9644268774703557,,max_epochs,500,21,501,501,501,3.093443141784519,0.006174537209150737,,[],True
lfr_n1000_o00_m20_s11__nocd_pairdot_bmm500__s74,lfr_n1000_o00_m20_s11,1000,74,nocd_pairdot_bmm500,19,e99f0edf243a838339fcd4311cf738a18c8a2aeb2c0e6837ccad10983d7a7e54,COMPLETED,SCORED,5.674235332757235,0.9934983745936484,0.9930486593843099,,max_epochs,500,21,501,501,501,3.2538984902203083,0.006494807365709198,,[],True
lfr_n1000_o00_m20_s11__nocd_pairdot_csr500__s74,lfr_n1000_o00_m20_s11,1000,74,nocd_pairdot_csr500,19,e99f0edf243a838339fcd4311cf738a18c8a2aeb2c0e6837ccad10983d7a7e54,COMPLETED,SCORED,6.208574832882732,1.0,1.0,,max_epochs,500,21,501,501,501,3.8443152336403728,0.007673283899481782,,[],True
lfr_n1000_o00_m20_s11__nocd_pairdot_elementwise1000__s74,lfr_n1000_o00_m20_s11,1000,74,nocd_pairdot_elementwise1000,19,e99f0edf243a838339fcd4311cf738a18c8a2aeb2c0e6837ccad10983d7a7e54,COMPLETED,SCORED,9.300150499679148,0.9391660970608339,0.9653808110781404,,max_epochs,1000,41,1001,1001,1001,6.003530851565301,0.005997533318247055,,[],True
lfr_n1000_o00_m20_s11__nocd_pairdot_elementwise500__s75,lfr_n1000_o00_m20_s11,1000,75,nocd_pairdot_elementwise500,19,e99f0edf243a838339fcd4311cf738a18c8a2aeb2c0e6837ccad10983d7a7e54,COMPLETED,SCORED,5.826853916049004,1.0,1.0,,max_epochs,500,21,501,501,501,3.16695157578215,0.0063212606303036925,,[],True
lfr_n1000_o00_m20_s11__nocd_pairdot_bmm500__s75,lfr_n1000_o00_m20_s11,1000,75,nocd_pairdot_bmm500,19,e99f0edf243a838339fcd4311cf738a18c8a2aeb2c0e6837ccad10983d7a7e54,COMPLETED,SCORED,5.753146834205836,0.9729384189217984,0.9803921568627451,,max_epochs,500,21,501,501,501,3.267409867141396,0.006521776181918954,,[],True
lfr_n1000_o00_m20_s11__nocd_pairdot_csr500__s75,lfr_n1000_o00_m20_s11,1000,75,nocd_pairdot_csr500,19,e99f0edf243a838339fcd4311cf738a18c8a2aeb2c0e6837ccad10983d7a7e54,COMPLETED,SCORED,6.313916832674295,0.9757085020242916,0.9823182711198428,,max_epochs,500,21,501,501,501,3.912460214458406,0.007809301825266279,,[],True
lfr_n1000_o00_m20_s11__nocd_pairdot_elementwise1000__s75,lfr_n1000_o00_m20_s11,1000,75,nocd_pairdot_elementwise1000,19,e99f0edf243a838339fcd4311cf738a18c8a2aeb2c0e6837ccad10983d7a7e54,COMPLETED,SCORED,7.641419708263129,1.0,1.0,,training_loss_patience,775,32,775,775,775,4.770441676490009,0.006155408614825818,,[],True
lfr_n1000_o00_m20_s12__nocd_pairdot_elementwise500__s73,lfr_n1000_o00_m20_s12,1000,73,nocd_pairdot_elementwise500,18,e99f0edf243a838339fcd4311cf738a18c8a2aeb2c0e6837ccad10983d7a7e54,COMPLETED,SCORED,5.401352291926742,0.9297573435504469,0.9635108481262328,,max_epochs,500,21,501,501,501,2.9384306017309427,0.005865130941578728,,[],True
lfr_n1000_o00_m20_s12__nocd_pairdot_bmm500__s73,lfr_n1000_o00_m20_s12,1000,73,nocd_pairdot_bmm500,18,e99f0edf243a838339fcd4311cf738a18c8a2aeb2c0e6837ccad10983d7a7e54,COMPLETED,SCORED,5.921458332799375,0.9432185592185591,0.9678377041068777,,max_epochs,500,21,501,501,501,3.184792873915285,0.006356872003822924,,[],True
lfr_n1000_o00_m20_s12__nocd_pairdot_csr500__s73,lfr_n1000_o00_m20_s12,1000,73,nocd_pairdot_csr500,18,e99f0edf243a838339fcd4311cf738a18c8a2aeb2c0e6837ccad10983d7a7e54,COMPLETED,SCORED,6.380571708083153,0.9282700421940928,0.9550342130987293,,max_epochs,500,21,501,501,501,3.797870445996523,0.00758057973252799,,[],True
lfr_n1000_o00_m20_s12__nocd_pairdot_elementwise1000__s73,lfr_n1000_o00_m20_s12,1000,73,nocd_pairdot_elementwise1000,18,e99f0edf243a838339fcd4311cf738a18c8a2aeb2c0e6837ccad10983d7a7e54,COMPLETED,SCORED,8.915468417108059,0.9297573435504469,0.9663699307616221,,max_epochs,1000,41,1001,1001,1001,5.7752027795650065,0.005769433346218788,,[],True
lfr_n1000_o00_m20_s12__nocd_pairdot_elementwise500__s74,lfr_n1000_o00_m20_s12,1000,74,nocd_pairdot_elementwise500,18,e99f0edf243a838339fcd4311cf738a18c8a2aeb2c0e6837ccad10983d7a7e54,COMPLETED,SCORED,5.712589375209063,0.9282700421940928,0.9517778860204579,,max_epochs,500,21,501,501,501,2.9850356113165617,0.005958154912807509,,[],True
lfr_n1000_o00_m20_s12__nocd_pairdot_bmm500__s74,lfr_n1000_o00_m20_s12,1000,74,nocd_pairdot_bmm500,18,e99f0edf243a838339fcd4311cf738a18c8a2aeb2c0e6837ccad10983d7a7e54,COMPLETED,SCORED,5.718356290832162,0.9282700421940928,0.9503891050583657,,max_epochs,500,21,501,501,501,3.137241408228874,0.006261958898660428,,[],True
lfr_n1000_o00_m20_s12__nocd_pairdot_csr500__s74,lfr_n1000_o00_m20_s12,1000,74,nocd_pairdot_csr500,18,e99f0edf243a838339fcd4311cf738a18c8a2aeb2c0e6837ccad10983d7a7e54,COMPLETED,SCORED,6.488354500383139,1.0,1.0,,max_epochs,500,21,501,501,501,3.793232307769358,0.007571321971595525,,[],True
lfr_n1000_o00_m20_s12__nocd_pairdot_elementwise1000__s74,lfr_n1000_o00_m20_s12,1000,74,nocd_pairdot_elementwise1000,18,e99f0edf243a838339fcd4311cf738a18c8a2aeb2c0e6837ccad10983d7a7e54,COMPLETED,SCORED,8.996396250091493,0.9282700421940928,0.9527059970745978,,max_epochs,1000,41,1001,1001,1001,5.828771034721285,0.0058229480866346505,,[],True
lfr_n1000_o00_m20_s12__nocd_pairdot_elementwise500__s75,lfr_n1000_o00_m20_s12,1000,75,nocd_pairdot_elementwise500,18,e99f0edf243a838339fcd4311cf738a18c8a2aeb2c0e6837ccad10983d7a7e54,COMPLETED,SCORED,5.32176575018093,1.0,1.0,,max_epochs,500,21,501,501,501,2.9510366562753916,0.00589029272709659,,[],True
lfr_n1000_o00_m20_s12__nocd_pairdot_bmm500__s75,lfr_n1000_o00_m20_s12,1000,75,nocd_pairdot_bmm500,18,e99f0edf243a838339fcd4311cf738a18c8a2aeb2c0e6837ccad10983d7a7e54,COMPLETED,SCORED,5.700910292100161,1.0,1.0,,max_epochs,500,21,501,501,501,3.184161728248,0.006355612232031936,,[],True
lfr_n1000_o00_m20_s12__nocd_pairdot_csr500__s75,lfr_n1000_o00_m20_s12,1000,75,nocd_pairdot_csr500,18,e99f0edf243a838339fcd4311cf738a18c8a2aeb2c0e6837ccad10983d7a7e54,COMPLETED,SCORED,6.254778083879501,0.9996964177292047,0.9995002498750625,,max_epochs,500,21,501,501,501,3.8358110985718668,0.007656309577987758,,[],True
lfr_n1000_o00_m20_s12__nocd_pairdot_elementwise1000__s75,lfr_n1000_o00_m20_s12,1000,75,nocd_pairdot_elementwise1000,18,e99f0edf243a838339fcd4311cf738a18c8a2aeb2c0e6837ccad10983d7a7e54,COMPLETED,SCORED,8.951421999838203,1.0,1.0,,max_epochs,1000,41,1001,1001,1001,5.785154755692929,0.005779375380312616,,[],True
lfr_n1000_o00_m50_s11__nocd_pairdot_elementwise500__s73,lfr_n1000_o00_m50_s11,1000,73,nocd_pairdot_elementwise500,19,e99f0edf243a838339fcd4311cf738a18c8a2aeb2c0e6837ccad10983d7a7e54,COMPLETED,SCORED,5.788233415689319,0.9262297984027911,0.9319664492078286,,max_epochs,500,21,501,501,501,3.1107158293016255,0.0062090136313405694,,[],True
lfr_n1000_o00_m50_s11__nocd_pairdot_bmm500__s73,lfr_n1000_o00_m50_s11,1000,73,nocd_pairdot_bmm500,19,e99f0edf243a838339fcd4311cf738a18c8a2aeb2c0e6837ccad10983d7a7e54,COMPLETED,SCORED,5.664536290802062,0.924650078537333,0.9298000929800093,,max_epochs,500,21,501,501,501,3.2963443170301616,0.006579529574910503,,[],True
lfr_n1000_o00_m50_s11__nocd_pairdot_csr500__s73,lfr_n1000_o00_m50_s11,1000,73,nocd_pairdot_csr500,19,e99f0edf243a838339fcd4311cf738a18c8a2aeb2c0e6837ccad10983d7a7e54,COMPLETED,SCORED,6.2097310409881175,0.9283332311199941,0.9315323707498836,,max_epochs,500,21,501,501,501,3.8534501125104725,0.007691517190639666,,[],True
lfr_n1000_o00_m50_s11__nocd_pairdot_elementwise1000__s73,lfr_n1000_o00_m50_s11,1000,73,nocd_pairdot_elementwise1000,19,e99f0edf243a838339fcd4311cf738a18c8a2aeb2c0e6837ccad10983d7a7e54,COMPLETED,SCORED,6.965411790646613,0.9262297984027911,0.9319664492078286,,training_loss_patience,675,28,675,675,675,4.1138963950797915,0.006094661326044136,,[],True
lfr_n1000_o00_m50_s11__nocd_pairdot_elementwise500__s74,lfr_n1000_o00_m50_s11,1000,74,nocd_pairdot_elementwise500,19,e99f0edf243a838339fcd4311cf738a18c8a2aeb2c0e6837ccad10983d7a7e54,COMPLETED,SCORED,5.505985583178699,0.9290427967590918,0.9315323707498836,,max_epochs,500,21,501,501,501,3.1128159421496093,0.006213205473352514,,[],True
lfr_n1000_o00_m50_s11__nocd_pairdot_bmm500__s74,lfr_n1000_o00_m50_s11,1000,74,nocd_pairdot_bmm500,19,e99f0edf243a838339fcd4311cf738a18c8a2aeb2c0e6837ccad10983d7a7e54,COMPLETED,SCORED,5.654288584366441,0.8515658711037929,0.8729874776386404,,training_loss_patience,500,21,500,500,500,3.278738609980792,0.006557477219961584,,[],True
lfr_n1000_o00_m50_s11__nocd_pairdot_csr500__s74,lfr_n1000_o00_m50_s11,1000,74,nocd_pairdot_csr500,19,e99f0edf243a838339fcd4311cf738a18c8a2aeb2c0e6837ccad10983d7a7e54,COMPLETED,SCORED,6.3243575831875205,0.8590760025490949,0.8801447308909995,,max_epochs,500,21,501,501,501,3.8840780230239034,0.00775265074455869,,[],True
lfr_n1000_o00_m50_s11__nocd_pairdot_elementwise1000__s74,lfr_n1000_o00_m50_s11,1000,74,nocd_pairdot_elementwise1000,19,e99f0edf243a838339fcd4311cf738a18c8a2aeb2c0e6837ccad10983d7a7e54,COMPLETED,SCORED,8.473258666694164,0.9268541366979576,0.9341429238673518,,training_loss_patience,900,37,900,900,900,5.436099939979613,0.006040111044421792,,[],True
lfr_n1000_o00_m50_s11__nocd_pairdot_elementwise500__s75,lfr_n1000_o00_m50_s11,1000,75,nocd_pairdot_elementwise500,19,e99f0edf243a838339fcd4311cf738a18c8a2aeb2c0e6837ccad10983d7a7e54,COMPLETED,SCORED,5.5312606249935925,0.9160484808258719,0.9216589861751152,,max_epochs,500,21,501,501,501,3.116282796487212,0.006220125342289845,,[],True
lfr_n1000_o00_m50_s11__nocd_pairdot_bmm500__s75,lfr_n1000_o00_m50_s11,1000,75,nocd_pairdot_bmm500,19,e99f0edf243a838339fcd4311cf738a18c8a2aeb2c0e6837ccad10983d7a7e54,COMPLETED,SCORED,5.666419334243983,0.9157598962816117,0.922509225092251,,max_epochs,500,21,501,501,501,3.293551686219871,0.006573955461516709,,[],True
lfr_n1000_o00_m50_s11__nocd_pairdot_csr500__s75,lfr_n1000_o00_m50_s11,1000,75,nocd_pairdot_csr500,19,e99f0edf243a838339fcd4311cf738a18c8a2aeb2c0e6837ccad10983d7a7e54,COMPLETED,SCORED,6.290397792123258,0.9224760872515245,0.9289363678588016,,max_epochs,500,21,501,501,501,3.912586315535009,0.007809553524021974,,[],True
lfr_n1000_o00_m50_s11__nocd_pairdot_elementwise1000__s75,lfr_n1000_o00_m50_s11,1000,75,nocd_pairdot_elementwise1000,19,e99f0edf243a838339fcd4311cf738a18c8a2aeb2c0e6837ccad10983d7a7e54,COMPLETED,SCORED,5.582534500397742,0.9160484808258719,0.9216589861751152,,training_loss_patience,525,22,525,525,525,3.1676396876573563,0.006033599405061631,,[],True
lfr_n1000_o00_m50_s12__nocd_pairdot_elementwise500__s73,lfr_n1000_o00_m50_s12,1000,73,nocd_pairdot_elementwise500,18,e99f0edf243a838339fcd4311cf738a18c8a2aeb2c0e6837ccad10983d7a7e54,COMPLETED,SCORED,5.363302458077669,0.9149118252998417,0.9208103130755064,,max_epochs,500,21,501,501,501,2.9843058064579964,0.005956698216483027,,[],True
lfr_n1000_o00_m50_s12__nocd_pairdot_bmm500__s73,lfr_n1000_o00_m50_s12,1000,73,nocd_pairdot_bmm500,18,e99f0edf243a838339fcd4311cf738a18c8a2aeb2c0e6837ccad10983d7a7e54,COMPLETED,SCORED,5.416042834054679,0.9234131922373334,0.9276437847866419,,max_epochs,500,21,501,501,501,3.1013051881454885,0.006190229916458061,,[],True
lfr_n1000_o00_m50_s12__nocd_pairdot_csr500__s73,lfr_n1000_o00_m50_s12,1000,73,nocd_pairdot_csr500,18,e99f0edf243a838339fcd4311cf738a18c8a2aeb2c0e6837ccad10983d7a7e54,COMPLETED,SCORED,6.064606000203639,0.9222243779885524,0.929368029739777,,max_epochs,500,21,501,501,501,3.746773063670844,0.007478588949442802,,[],True
lfr_n1000_o00_m50_s12__nocd_pairdot_elementwise1000__s73,lfr_n1000_o00_m50_s12,1000,73,nocd_pairdot_elementwise1000,18,e99f0edf243a838339fcd4311cf738a18c8a2aeb2c0e6837ccad10983d7a7e54,COMPLETED,SCORED,6.663551500067115,0.9149118252998417,0.9208103130755064,,training_loss_patience,700,29,700,700,700,4.026980532333255,0.00575282933190465,,[],True
lfr_n1000_o00_m50_s12__nocd_pairdot_elementwise500__s74,lfr_n1000_o00_m50_s12,1000,74,nocd_pairdot_elementwise500,18,e99f0edf243a838339fcd4311cf738a18c8a2aeb2c0e6837ccad10983d7a7e54,COMPLETED,SCORED,4.800740999635309,0.7717387161988024,0.7931609674728941,,training_loss_patience,475,20,475,475,475,2.5336184217594564,0.005333933519493592,,[],True
lfr_n1000_o00_m50_s12__nocd_pairdot_bmm500__s74,lfr_n1000_o00_m50_s12,1000,74,nocd_pairdot_bmm500,18,e99f0edf243a838339fcd4311cf738a18c8a2aeb2c0e6837ccad10983d7a7e54,COMPLETED,SCORED,5.549007541965693,0.7900780191956535,0.8041928721174004,,max_epochs,500,21,501,501,501,3.1869851844385266,0.006361247873130792,,[],True
lfr_n1000_o00_m50_s12__nocd_pairdot_csr500__s74,lfr_n1000_o00_m50_s12,1000,74,nocd_pairdot_csr500,18,e99f0edf243a838339fcd4311cf738a18c8a2aeb2c0e6837ccad10983d7a7e54,COMPLETED,SCORED,6.142836750019342,0.7798472771123358,0.8049090139652983,,max_epochs,500,21,501,501,501,3.7943795234896243,0.007573611823332584,,[],True
lfr_n1000_o00_m50_s12__nocd_pairdot_elementwise1000__s74,lfr_n1000_o00_m50_s12,1000,74,nocd_pairdot_elementwise1000,18,e99f0edf243a838339fcd4311cf738a18c8a2aeb2c0e6837ccad10983d7a7e54,COMPLETED,SCORED,5.112670666072518,0.7717387161988024,0.7931609674728941,,training_loss_patience,475,20,475,475,475,2.7842025021091104,0.005861478951808653,,[],True
lfr_n1000_o00_m50_s12__nocd_pairdot_elementwise500__s75,lfr_n1000_o00_m50_s12,1000,75,nocd_pairdot_elementwise500,18,e99f0edf243a838339fcd4311cf738a18c8a2aeb2c0e6837ccad10983d7a7e54,COMPLETED,SCORED,5.415520084090531,0.8460986208182858,0.8555015466195316,,max_epochs,500,21,501,501,501,3.0318657718598843,0.006051628287145477,,[],True
lfr_n1000_o00_m50_s12__nocd_pairdot_bmm500__s75,lfr_n1000_o00_m50_s12,1000,75,nocd_pairdot_bmm500,18,e99f0edf243a838339fcd4311cf738a18c8a2aeb2c0e6837ccad10983d7a7e54,COMPLETED,SCORED,5.476737875025719,0.843600270086053,0.8543689320388349,,max_epochs,500,21,501,501,501,3.1191334784962237,0.006225815326339768,,[],True
lfr_n1000_o00_m50_s12__nocd_pairdot_csr500__s75,lfr_n1000_o00_m50_s12,1000,75,nocd_pairdot_csr500,18,e99f0edf243a838339fcd4311cf738a18c8a2aeb2c0e6837ccad10983d7a7e54,COMPLETED,SCORED,6.170480667147785,0.8416575511039553,0.8543689320388349,,max_epochs,500,21,501,501,501,3.7823758283630013,0.007549652352021959,,[],True
lfr_n1000_o00_m50_s12__nocd_pairdot_elementwise1000__s75,lfr_n1000_o00_m50_s12,1000,75,nocd_pairdot_elementwise1000,18,e99f0edf243a838339fcd4311cf738a18c8a2aeb2c0e6837ccad10983d7a7e54,COMPLETED,SCORED,7.154131459072232,0.8460986208182858,0.8555015466195316,,training_loss_patience,750,31,750,750,750,4.395324121229351,0.005860432161639134,,[],True
lfr_n1000_o20_m20_s11__nocd_pairdot_elementwise500__s73,lfr_n1000_o20_m20_s11,1000,73,nocd_pairdot_elementwise500,24,e99f0edf243a838339fcd4311cf738a18c8a2aeb2c0e6837ccad10983d7a7e54,COMPLETED,SCORED,5.881723208818585,0.9461871387018107,0.9599669830788279,0.915,max_epochs,500,21,501,501,501,3.4725350360386074,0.006931207656763688,,[],True
lfr_n1000_o20_m20_s11__nocd_pairdot_bmm500__s73,lfr_n1000_o20_m20_s11,1000,73,nocd_pairdot_bmm500,24,e99f0edf243a838339fcd4311cf738a18c8a2aeb2c0e6837ccad10983d7a7e54,COMPLETED,SCORED,6.0643543330952525,0.9467370758831986,0.97,0.92,max_epochs,500,21,501,501,501,3.6868906072340906,0.007359063088291598,,[],True
lfr_n1000_o20_m20_s11__nocd_pairdot_csr500__s73,lfr_n1000_o20_m20_s11,1000,73,nocd_pairdot_csr500,24,e99f0edf243a838339fcd4311cf738a18c8a2aeb2c0e6837ccad10983d7a7e54,COMPLETED,SCORED,6.158528834115714,0.9473786613876465,0.966804979253112,0.925,max_epochs,500,21,501,501,501,3.797737971879542,0.007580315313132818,,[],True
lfr_n1000_o20_m20_s11__nocd_pairdot_elementwise1000__s73,lfr_n1000_o20_m20_s11,1000,73,nocd_pairdot_elementwise1000,24,e99f0edf243a838339fcd4311cf738a18c8a2aeb2c0e6837ccad10983d7a7e54,COMPLETED,SCORED,9.828209000173956,0.9456109487838412,0.9592088998763906,0.92,training_loss_patience,950,39,950,950,950,6.394525234121829,0.006731079193812452,,[],True
lfr_n1000_o20_m20_s11__nocd_pairdot_elementwise500__s74,lfr_n1000_o20_m20_s11,1000,74,nocd_pairdot_elementwise500,24,e99f0edf243a838339fcd4311cf738a18c8a2aeb2c0e6837ccad10983d7a7e54,COMPLETED,SCORED,5.860335709061474,0.9989349664439052,0.998330550918197,0.98,max_epochs,500,21,501,501,501,3.4708231850527227,0.006927790788528389,,[],True
lfr_n1000_o20_m20_s11__nocd_pairdot_bmm500__s74,lfr_n1000_o20_m20_s11,1000,74,nocd_pairdot_bmm500,24,e99f0edf243a838339fcd4311cf738a18c8a2aeb2c0e6837ccad10983d7a7e54,COMPLETED,SCORED,6.250664500053972,0.9979832827634496,0.9970796829370046,0.975,max_epochs,500,21,501,501,501,3.7564311414025724,0.007497866549705733,,[],True
lfr_n1000_o20_m20_s11__nocd_pairdot_csr500__s74,lfr_n1000_o20_m20_s11,1000,74,nocd_pairdot_csr500,24,e99f0edf243a838339fcd4311cf738a18c8a2aeb2c0e6837ccad10983d7a7e54,COMPLETED,SCORED,6.194419167004526,0.9951620879691276,0.9966666666666667,0.98,max_epochs,500,21,501,501,501,3.806815445423126,0.007598434022800651,,[],True
lfr_n1000_o20_m20_s11__nocd_pairdot_elementwise1000__s74,lfr_n1000_o20_m20_s11,1000,74,nocd_pairdot_elementwise1000,24,e99f0edf243a838339fcd4311cf738a18c8a2aeb2c0e6837ccad10983d7a7e54,COMPLETED,SCORED,10.470967459026724,0.9985325969244098,0.9974937343358395,0.97,max_epochs,1000,41,1001,1001,1001,6.811963772866875,0.006805158614252622,,[],True
lfr_n1000_o20_m20_s11__nocd_pairdot_elementwise500__s75,lfr_n1000_o20_m20_s11,1000,75,nocd_pairdot_elementwise500,24,e99f0edf243a838339fcd4311cf738a18c8a2aeb2c0e6837ccad10983d7a7e54,COMPLETED,SCORED,5.797940083313733,0.9989363143631437,0.998330550918197,0.98,max_epochs,500,21,501,501,501,3.4058978841640055,0.006798199369588833,,[],True
lfr_n1000_o20_m20_s11__nocd_pairdot_bmm500__s75,lfr_n1000_o20_m20_s11,1000,75,nocd_pairdot_bmm500,24,e99f0edf243a838339fcd4311cf738a18c8a2aeb2c0e6837ccad10983d7a7e54,COMPLETED,SCORED,6.136212124954909,0.9986848594898262,0.9979157982492706,0.985,max_epochs,500,21,501,501,501,3.748359545599669,0.00748175558003926,,[],True
lfr_n1000_o20_m20_s11__nocd_pairdot_csr500__s75,lfr_n1000_o20_m20_s11,1000,75,nocd_pairdot_csr500,24,e99f0edf243a838339fcd4311cf738a18c8a2aeb2c0e6837ccad10983d7a7e54,COMPLETED,SCORED,6.159955707844347,0.9997474747474747,0.9995831596498541,0.995,max_epochs,500,21,501,501,501,3.7807820211164653,0.007546471100032865,,[],True
lfr_n1000_o20_m20_s11__nocd_pairdot_elementwise1000__s75,lfr_n1000_o20_m20_s11,1000,75,nocd_pairdot_elementwise1000,24,e99f0edf243a838339fcd4311cf738a18c8a2aeb2c0e6837ccad10983d7a7e54,COMPLETED,SCORED,9.989484125282615,0.9986427315219109,0.9979157982492706,0.985,max_epochs,1000,41,1001,1001,1001,6.715185574721545,0.006708477097623921,,[],True
lfr_n1000_o20_m20_s12__nocd_pairdot_elementwise500__s73,lfr_n1000_o20_m20_s12,1000,73,nocd_pairdot_elementwise500,23,e99f0edf243a838339fcd4311cf738a18c8a2aeb2c0e6837ccad10983d7a7e54,COMPLETED,SCORED,5.777043959125876,0.9414373767943421,0.9628712871287128,0.905,max_epochs,500,21,501,501,501,3.4091431801207364,0.006804677006229015,,[],True
lfr_n1000_o20_m20_s12__nocd_pairdot_bmm500__s73,lfr_n1000_o20_m20_s12,1000,73,nocd_pairdot_bmm500,23,e99f0edf243a838339fcd4311cf738a18c8a2aeb2c0e6837ccad10983d7a7e54,COMPLETED,SCORED,6.002607791684568,0.9425306957821588,0.9633594071634417,0.915,max_epochs,500,21,501,501,501,3.5977843259461224,0.007181206239413418,,[],True
lfr_n1000_o20_m20_s12__nocd_pairdot_csr500__s73,lfr_n1000_o20_m20_s12,1000,73,nocd_pairdot_csr500,23,e99f0edf243a838339fcd4311cf738a18c8a2aeb2c0e6837ccad10983d7a7e54,COMPLETED,SCORED,6.572982625104487,0.888585512758298,0.9385245901639344,0.855,max_epochs,500,21,501,501,501,3.8583535705693066,0.007701304532074464,,[],True
lfr_n1000_o20_m20_s12__nocd_pairdot_elementwise1000__s73,lfr_n1000_o20_m20_s12,1000,73,nocd_pairdot_elementwise1000,23,e99f0edf243a838339fcd4311cf738a18c8a2aeb2c0e6837ccad10983d7a7e54,COMPLETED,SCORED,9.967320667114109,0.9423688750454332,0.9701739850869926,0.92,max_epochs,1000,41,1001,1001,1001,6.779726798180491,0.006772953844336155,,[],True
lfr_n1000_o20_m20_s12__nocd_pairdot_elementwise500__s74,lfr_n1000_o20_m20_s12,1000,74,nocd_pairdot_elementwise500,23,e99f0edf243a838339fcd4311cf738a18c8a2aeb2c0e6837ccad10983d7a7e54,COMPLETED,SCORED,5.886380250100046,0.9418860085316274,0.9597370583401807,0.905,max_epochs,500,21,501,501,501,3.4816262922249734,0.006949353876696554,,[],True
lfr_n1000_o20_m20_s12__nocd_pairdot_bmm500__s74,lfr_n1000_o20_m20_s12,1000,74,nocd_pairdot_bmm500,23,e99f0edf243a838339fcd4311cf738a18c8a2aeb2c0e6837ccad10983d7a7e54,COMPLETED,SCORED,6.065078165847808,0.942602142942769,0.9700996677740864,0.905,max_epochs,500,21,501,501,501,3.688945783767849,0.007363165237061575,,[],True
lfr_n1000_o20_m20_s12__nocd_pairdot_csr500__s74,lfr_n1000_o20_m20_s12,1000,74,nocd_pairdot_csr500,23,e99f0edf243a838339fcd4311cf738a18c8a2aeb2c0e6837ccad10983d7a7e54,COMPLETED,SCORED,6.428882374893874,0.941413281821398,0.9668874172185431,0.905,max_epochs,500,21,501,501,501,3.880759635940194,0.007746027217445497,,[],True
lfr_n1000_o20_m20_s12__nocd_pairdot_elementwise1000__s74,lfr_n1000_o20_m20_s12,1000,74,nocd_pairdot_elementwise1000,23,e99f0edf243a838339fcd4311cf738a18c8a2aeb2c0e6837ccad10983d7a7e54,COMPLETED,SCORED,10.17957904189825,0.9448182662209734,0.9614438063986874,0.925,max_epochs,1000,41,1001,1001,1001,6.870755073148757,0.00686389118196679,,[],True
lfr_n1000_o20_m20_s12__nocd_pairdot_elementwise500__s75,lfr_n1000_o20_m20_s12,1000,75,nocd_pairdot_elementwise500,23,e99f0edf243a838339fcd4311cf738a18c8a2aeb2c0e6837ccad10983d7a7e54,COMPLETED,SCORED,5.844878667034209,0.8893206606235426,0.9373720835038887,0.87,max_epochs,500,21,501,501,501,3.4408858232200146,0.00686803557528945,,[],True
lfr_n1000_o20_m20_s12__nocd_pairdot_bmm500__s75,lfr_n1000_o20_m20_s12,1000,75,nocd_pairdot_bmm500,23,e99f0edf243a838339fcd4311cf738a18c8a2aeb2c0e6837ccad10983d7a7e54,COMPLETED,SCORED,5.990175666753203,0.9090980613173747,0.9412248253185368,0.87,max_epochs,500,21,501,501,501,3.621996821369976,0.007229534573592766,,[],True
lfr_n1000_o20_m20_s12__nocd_pairdot_csr500__s75,lfr_n1000_o20_m20_s12,1000,75,nocd_pairdot_csr500,23,e99f0edf243a838339fcd4311cf738a18c8a2aeb2c0e6837ccad10983d7a7e54,COMPLETED,SCORED,6.425143708940595,0.8883738727036252,0.9250101337657073,0.855,max_epochs,500,21,501,501,501,3.896920401137322,0.00777828423380703,,[],True
lfr_n1000_o20_m20_s12__nocd_pairdot_elementwise1000__s75,lfr_n1000_o20_m20_s12,1000,75,nocd_pairdot_elementwise1000,23,e99f0edf243a838339fcd4311cf738a18c8a2aeb2c0e6837ccad10983d7a7e54,COMPLETED,SCORED,8.792213208042085,0.8894439038738413,0.9357873210633947,0.865,training_loss_patience,825,34,825,825,825,5.549269816838205,0.006726387656773582,,[],True
lfr_n1000_o20_m50_s11__nocd_pairdot_elementwise500__s73,lfr_n1000_o20_m50_s11,1000,73,nocd_pairdot_elementwise500,24,e99f0edf243a838339fcd4311cf738a18c8a2aeb2c0e6837ccad10983d7a7e54,COMPLETED,SCORED,5.477471041958779,0.7723619397904994,0.7954040029651593,0.61,training_loss_patience,450,19,450,450,450,3.0439803660847247,0.006764400813521611,,[],True
lfr_n1000_o20_m50_s11__nocd_pairdot_bmm500__s73,lfr_n1000_o20_m50_s11,1000,73,nocd_pairdot_bmm500,24,e99f0edf243a838339fcd4311cf738a18c8a2aeb2c0e6837ccad10983d7a7e54,COMPLETED,SCORED,6.089287624694407,0.8424422412697882,0.8576982892690513,0.655,max_epochs,500,21,501,501,501,3.690487646497786,0.00736624280738081,,[],True
lfr_n1000_o20_m50_s11__nocd_pairdot_csr500__s73,lfr_n1000_o20_m50_s11,1000,73,nocd_pairdot_csr500,24,e99f0edf243a838339fcd4311cf738a18c8a2aeb2c0e6837ccad10983d7a7e54,COMPLETED,SCORED,5.948952499777079,0.7879815645876994,0.8112781954887218,0.63,training_loss_patience,475,20,475,475,475,3.5948725594207644,0.0075681527566752935,,[],True
lfr_n1000_o20_m50_s11__nocd_pairdot_elementwise1000__s73,lfr_n1000_o20_m50_s11,1000,73,nocd_pairdot_elementwise1000,24,e99f0edf243a838339fcd4311cf738a18c8a2aeb2c0e6837ccad10983d7a7e54,COMPLETED,SCORED,5.25757670821622,0.7723619397904994,0.7954040029651593,0.61,training_loss_patience,450,19,450,450,450,3.007769440766424,0.006683932090592053,,[],True
lfr_n1000_o20_m50_s11__nocd_pairdot_elementwise500__s74,lfr_n1000_o20_m50_s11,1000,74,nocd_pairdot_elementwise500,24,e99f0edf243a838339fcd4311cf738a18c8a2aeb2c0e6837ccad10983d7a7e54,COMPLETED,SCORED,6.051543083973229,0.8248949399639128,0.8302752293577982,0.62,max_epochs,500,21,501,501,501,3.4778731064870954,0.006941862487998194,,[],True
lfr_n1000_o20_m50_s11__nocd_pairdot_bmm500__s74,lfr_n1000_o20_m50_s11,1000,74,nocd_pairdot_bmm500,24,e99f0edf243a838339fcd4311cf738a18c8a2aeb2c0e6837ccad10983d7a7e54,COMPLETED,SCORED,5.605111250188202,0.8103690686206683,0.813622754491018,0.63,training_loss_patience,450,19,450,450,450,3.319901865441352,0.007377559700980783,,[],True
lfr_n1000_o20_m50_s11__nocd_pairdot_csr500__s74,lfr_n1000_o20_m50_s11,1000,74,nocd_pairdot_csr500,24,e99f0edf243a838339fcd4311cf738a18c8a2aeb2c0e6837ccad10983d7a7e54,COMPLETED,SCORED,6.156635375227779,0.8290307838157421,0.8334606569900688,0.64,training_loss_patience,500,21,500,500,500,3.7982435636222363,0.007596487127244473,,[],True
lfr_n1000_o20_m50_s11__nocd_pairdot_elementwise1000__s74,lfr_n1000_o20_m50_s11,1000,74,nocd_pairdot_elementwise1000,24,e99f0edf243a838339fcd4311cf738a18c8a2aeb2c0e6837ccad10983d7a7e54,COMPLETED,SCORED,6.029386708047241,0.8248949399639128,0.8302752293577982,0.62,training_loss_patience,525,22,525,525,525,3.609166420996189,0.006874602706659408,,[],True
lfr_n1000_o20_m50_s11__nocd_pairdot_elementwise500__s75,lfr_n1000_o20_m50_s11,1000,75,nocd_pairdot_elementwise500,24,e99f0edf243a838339fcd4311cf738a18c8a2aeb2c0e6837ccad10983d7a7e54,COMPLETED,SCORED,5.861264958046377,0.8404776331401781,0.8529297632906481,0.64,max_epochs,500,21,501,501,501,3.4800352710299194,0.006946178185688462,,[],True
lfr_n1000_o20_m50_s11__nocd_pairdot_bmm500__s75,lfr_n1000_o20_m50_s11,1000,75,nocd_pairdot_bmm500,24,e99f0edf243a838339fcd4311cf738a18c8a2aeb2c0e6837ccad10983d7a7e54,COMPLETED,SCORED,6.0353361251764,0.7847984918850684,0.8066001534919417,0.53,training_loss_patience,500,21,500,500,500,3.667848692741245,0.00733569738548249,,[],True
lfr_n1000_o20_m50_s11__nocd_pairdot_csr500__s75,lfr_n1000_o20_m50_s11,1000,75,nocd_pairdot_csr500,24,e99f0edf243a838339fcd4311cf738a18c8a2aeb2c0e6837ccad10983d7a7e54,COMPLETED,SCORED,6.228990375064313,0.7736389266485023,0.7927382753403933,0.515,training_loss_patience,500,21,500,500,500,3.8530289619229734,0.0077060579238459465,,[],True
lfr_n1000_o20_m50_s11__nocd_pairdot_elementwise1000__s75,lfr_n1000_o20_m50_s11,1000,75,nocd_pairdot_elementwise1000,24,e99f0edf243a838339fcd4311cf738a18c8a2aeb2c0e6837ccad10983d7a7e54,COMPLETED,SCORED,5.830198749899864,0.8404776331401781,0.8529297632906481,0.64,training_loss_patience,525,22,525,525,525,3.4447226277552545,0.006561376433819532,,[],True
lfr_n1000_o20_m50_s12__nocd_pairdot_elementwise500__s73,lfr_n1000_o20_m50_s12,1000,73,nocd_pairdot_elementwise500,23,e99f0edf243a838339fcd4311cf738a18c8a2aeb2c0e6837ccad10983d7a7e54,COMPLETED,SCORED,5.863878624979407,0.8011858556170458,0.8213751868460388,0.63,training_loss_patience,500,21,500,500,500,3.4785108091309667,0.006957021618261934,,[],True
lfr_n1000_o20_m50_s12__nocd_pairdot_bmm500__s73,lfr_n1000_o20_m50_s12,1000,73,nocd_pairdot_bmm500,23,e99f0edf243a838339fcd4311cf738a18c8a2aeb2c0e6837ccad10983d7a7e54,COMPLETED,SCORED,5.849963000044227,0.8106643194539566,0.830954169797145,0.655,training_loss_patience,500,21,500,500,500,3.527774562127888,0.007055549124255776,,[],True
lfr_n1000_o20_m50_s12__nocd_pairdot_csr500__s73,lfr_n1000_o20_m50_s12,1000,73,nocd_pairdot_csr500,23,e99f0edf243a838339fcd4311cf738a18c8a2aeb2c0e6837ccad10983d7a7e54,COMPLETED,SCORED,6.708597375079989,0.8121480233567123,0.8323262839879154,0.645,training_loss_patience,500,21,500,500,500,3.7091061798855662,0.007418212359771133,,[],True
lfr_n1000_o20_m50_s12__nocd_pairdot_elementwise1000__s73,lfr_n1000_o20_m50_s12,1000,73,nocd_pairdot_elementwise1000,23,e99f0edf243a838339fcd4311cf738a18c8a2aeb2c0e6837ccad10983d7a7e54,COMPLETED,SCORED,5.720849042292684,0.8011858556170458,0.8213751868460388,0.63,training_loss_patience,500,21,500,500,500,3.38273818930611,0.00676547637861222,,[],True
lfr_n1000_o20_m50_s12__nocd_pairdot_elementwise500__s74,lfr_n1000_o20_m50_s12,1000,74,nocd_pairdot_elementwise500,23,e99f0edf243a838339fcd4311cf738a18c8a2aeb2c0e6837ccad10983d7a7e54,COMPLETED,SCORED,5.833772291895002,0.8174043436236104,0.8502304147465438,0.64,training_loss_patience,500,21,500,500,500,3.4694222267717123,0.006938844453543425,,[],True
lfr_n1000_o20_m50_s12__nocd_pairdot_bmm500__s74,lfr_n1000_o20_m50_s12,1000,74,nocd_pairdot_bmm500,23,e99f0edf243a838339fcd4311cf738a18c8a2aeb2c0e6837ccad10983d7a7e54,COMPLETED,SCORED,5.759678792208433,0.8101510861368443,0.837174159425765,0.635,training_loss_patience,475,20,475,475,475,3.450425072107464,0.0072640527833841345,,[],True
lfr_n1000_o20_m50_s12__nocd_pairdot_csr500__s74,lfr_n1000_o20_m50_s12,1000,74,nocd_pairdot_csr500,23,e99f0edf243a838339fcd4311cf738a18c8a2aeb2c0e6837ccad10983d7a7e54,COMPLETED,SCORED,5.967741082888097,0.8047417470882314,0.8330192235205428,0.615,training_loss_patience,475,20,475,475,475,3.6661611925810575,0.007718234089644332,,[],True
lfr_n1000_o20_m50_s12__nocd_pairdot_elementwise1000__s74,lfr_n1000_o20_m50_s12,1000,74,nocd_pairdot_elementwise1000,23,e99f0edf243a838339fcd4311cf738a18c8a2aeb2c0e6837ccad10983d7a7e54,COMPLETED,SCORED,6.010867792181671,0.8174043436236104,0.8502304147465438,0.64,training_loss_patience,500,21,500,500,500,3.57001849450171,0.00714003698900342,,[],True
lfr_n1000_o20_m50_s12__nocd_pairdot_elementwise500__s75,lfr_n1000_o20_m50_s12,1000,75,nocd_pairdot_elementwise500,23,e99f0edf243a838339fcd4311cf738a18c8a2aeb2c0e6837ccad10983d7a7e54,COMPLETED,SCORED,6.143349958118051,0.7637696520902076,0.7909896602658789,0.575,training_loss_patience,500,21,500,500,500,3.5259722876362503,0.007051944575272501,,[],True
lfr_n1000_o20_m50_s12__nocd_pairdot_bmm500__s75,lfr_n1000_o20_m50_s12,1000,75,nocd_pairdot_bmm500,23,e99f0edf243a838339fcd4311cf738a18c8a2aeb2c0e6837ccad10983d7a7e54,COMPLETED,SCORED,6.004487457685173,0.7632235790463467,0.7916821388785741,0.565,training_loss_patience,500,21,500,500,500,3.628158803563565,0.00725631760712713,,[],True
lfr_n1000_o20_m50_s12__nocd_pairdot_csr500__s75,lfr_n1000_o20_m50_s12,1000,75,nocd_pairdot_csr500,23,e99f0edf243a838339fcd4311cf738a18c8a2aeb2c0e6837ccad10983d7a7e54,COMPLETED,SCORED,6.481709458865225,0.7679308378521256,0.7940630797773655,0.565,training_loss_patience,500,21,500,500,500,3.865161939058453,0.0077303238781169055,,[],True
lfr_n1000_o20_m50_s12__nocd_pairdot_elementwise1000__s75,lfr_n1000_o20_m50_s12,1000,75,nocd_pairdot_elementwise1000,23,e99f0edf243a838339fcd4311cf738a18c8a2aeb2c0e6837ccad10983d7a7e54,COMPLETED,SCORED,5.8694274998269975,0.7637696520902076,0.7909896602658789,0.575,training_loss_patience,500,21,500,500,500,3.478802739176899,0.006957605478353799,,[],True
lfr_n1000_o40_m20_s11__nocd_pairdot_elementwise500__s73,lfr_n1000_o40_m20_s11,1000,73,nocd_pairdot_elementwise500,26,e99f0edf243a838339fcd4311cf738a18c8a2aeb2c0e6837ccad10983d7a7e54,COMPLETED,SCORED,6.070623291190714,0.8975185003684369,0.9516072059342988,0.915,max_epochs,500,21,501,501,501,3.697670158930123,0.007380579159541163,,[],True
lfr_n1000_o40_m20_s11__nocd_pairdot_bmm500__s73,lfr_n1000_o40_m20_s11,1000,73,nocd_pairdot_bmm500,26,e99f0edf243a838339fcd4311cf738a18c8a2aeb2c0e6837ccad10983d7a7e54,COMPLETED,SCORED,6.333965125028044,0.897888567010464,0.9534883720930233,0.9275,max_epochs,500,21,501,501,501,3.930738360155374,0.007845785150010727,,[],True
lfr_n1000_o40_m20_s11__nocd_pairdot_csr500__s73,lfr_n1000_o40_m20_s11,1000,73,nocd_pairdot_csr500,26,e99f0edf243a838339fcd4311cf738a18c8a2aeb2c0e6837ccad10983d7a7e54,COMPLETED,SCORED,6.63124524988234,0.9945959327152293,0.9953554841014648,0.9825,max_epochs,500,21,501,501,501,3.869864664040506,0.007724280766547916,,[],True
lfr_n1000_o40_m20_s11__nocd_pairdot_elementwise1000__s73,lfr_n1000_o40_m20_s11,1000,73,nocd_pairdot_elementwise1000,26,e99f0edf243a838339fcd4311cf738a18c8a2aeb2c0e6837ccad10983d7a7e54,COMPLETED,SCORED,8.728595667053014,0.8975185003684369,0.9516072059342988,0.915,training_loss_patience,775,32,775,775,775,5.643138461280614,0.007281468982297566,,[],True
lfr_n1000_o40_m20_s11__nocd_pairdot_elementwise500__s74,lfr_n1000_o40_m20_s11,1000,74,nocd_pairdot_elementwise500,26,e99f0edf243a838339fcd4311cf738a18c8a2aeb2c0e6837ccad10983d7a7e54,COMPLETED,SCORED,6.083963790908456,0.947759155365805,0.9641350210970464,0.9475,max_epochs,500,21,501,501,501,3.659191156271845,0.007303774763017655,,[],True
lfr_n1000_o40_m20_s11__nocd_pairdot_bmm500__s74,lfr_n1000_o40_m20_s11,1000,74,nocd_pairdot_bmm500,26,e99f0edf243a838339fcd4311cf738a18c8a2aeb2c0e6837ccad10983d7a7e54,COMPLETED,SCORED,6.28662862489,0.901044108553796,0.9412176347095871,0.905,max_epochs,500,21,501,501,501,3.887441609054804,0.007759364489131345,,[],True
lfr_n1000_o40_m20_s11__nocd_pairdot_csr500__s74,lfr_n1000_o40_m20_s11,1000,74,nocd_pairdot_csr500,26,e99f0edf243a838339fcd4311cf738a18c8a2aeb2c0e6837ccad10983d7a7e54,COMPLETED,SCORED,6.335196333006024,0.8992855977654227,0.9382629926752704,0.905,max_epochs,500,21,501,501,501,3.93390093697235,0.007852097678587525,,[],True
lfr_n1000_o40_m20_s11__nocd_pairdot_elementwise1000__s74,lfr_n1000_o40_m20_s11,1000,74,nocd_pairdot_elementwise1000,26,e99f0edf243a838339fcd4311cf738a18c8a2aeb2c0e6837ccad10983d7a7e54,COMPLETED,SCORED,8.491993082687259,0.947759155365805,0.9641350210970464,0.9475,training_loss_patience,775,32,775,775,775,5.548723558429629,0.0071596433011995204,,[],True
lfr_n1000_o40_m20_s11__nocd_pairdot_elementwise500__s75,lfr_n1000_o40_m20_s11,1000,75,nocd_pairdot_elementwise500,26,e99f0edf243a838339fcd4311cf738a18c8a2aeb2c0e6837ccad10983d7a7e54,COMPLETED,SCORED,6.1229975419119,0.9951350363517046,0.9953488372093023,0.9775,max_epochs,500,21,501,501,501,3.7062948159873486,0.007397794043886924,,[],True
lfr_n1000_o40_m20_s11__nocd_pairdot_bmm500__s75,lfr_n1000_o40_m20_s11,1000,75,nocd_pairdot_bmm500,26,e99f0edf243a838339fcd4311cf738a18c8a2aeb2c0e6837ccad10983d7a7e54,COMPLETED,SCORED,6.23944737482816,0.9953336582878826,0.9953521630318198,0.98,max_epochs,500,21,501,501,501,3.8583675008267164,0.007701332336979474,,[],True
lfr_n1000_o40_m20_s11__nocd_pairdot_csr500__s75,lfr_n1000_o40_m20_s11,1000,75,nocd_pairdot_csr500,26,e99f0edf243a838339fcd4311cf738a18c8a2aeb2c0e6837ccad10983d7a7e54,COMPLETED,SCORED,6.690771291963756,0.9940416897130622,0.9939220593493028,0.975,max_epochs,500,21,501,501,501,3.9426777036860585,0.007869616175022073,,[],True
lfr_n1000_o40_m20_s11__nocd_pairdot_elementwise1000__s75,lfr_n1000_o40_m20_s11,1000,75,nocd_pairdot_elementwise1000,26,e99f0edf243a838339fcd4311cf738a18c8a2aeb2c0e6837ccad10983d7a7e54,COMPLETED,SCORED,6.854534458834678,0.9951350363517046,0.9953488372093023,0.9775,training_loss_patience,575,24,575,575,575,4.233089736662805,0.007361895194196183,,[],True
lfr_n1000_o40_m20_s12__nocd_pairdot_elementwise500__s73,lfr_n1000_o40_m20_s12,1000,73,nocd_pairdot_elementwise500,26,e99f0edf243a838339fcd4311cf738a18c8a2aeb2c0e6837ccad10983d7a7e54,COMPLETED,SCORED,6.410395957995206,0.9456794696553005,0.9647639182522904,0.9475,max_epochs,500,21,501,501,501,3.683270666282624,0.007351837657250747,,[],True
lfr_n1000_o40_m20_s12__nocd_pairdot_bmm500__s73,lfr_n1000_o40_m20_s12,1000,73,nocd_pairdot_bmm500,26,e99f0edf243a838339fcd4311cf738a18c8a2aeb2c0e6837ccad10983d7a7e54,COMPLETED,SCORED,6.406466666609049,0.996717456683387,0.9957081545064378,0.98,max_epochs,500,21,501,501,501,3.780999989248812,0.007546906166165294,,[],True
lfr_n1000_o40_m20_s12__nocd_pairdot_csr500__s73,lfr_n1000_o40_m20_s12,1000,73,nocd_pairdot_csr500,26,e99f0edf243a838339fcd4311cf738a18c8a2aeb2c0e6837ccad10983d7a7e54,COMPLETED,SCORED,6.184599332977086,0.9454012399190201,0.9653954802259888,0.9425,max_epochs,500,21,501,501,501,3.8372637443244457,0.007659209070507876,,[],True
lfr_n1000_o40_m20_s12__nocd_pairdot_elementwise1000__s73,lfr_n1000_o40_m20_s12,1000,73,nocd_pairdot_elementwise1000,26,e99f0edf243a838339fcd4311cf738a18c8a2aeb2c0e6837ccad10983d7a7e54,COMPLETED,SCORED,7.575540917459875,0.9456794696553005,0.9647639182522904,0.9475,training_loss_patience,675,28,675,675,675,4.74170614220202,0.007024749840299289,,[],True
lfr_n1000_o40_m20_s12__nocd_pairdot_elementwise500__s74,lfr_n1000_o40_m20_s12,1000,74,nocd_pairdot_elementwise500,26,e99f0edf243a838339fcd4311cf738a18c8a2aeb2c0e6837ccad10983d7a7e54,COMPLETED,SCORED,6.00641241716221,0.9477057087577786,0.9706402546869473,0.955,max_epochs,500,21,501,501,501,3.617799686267972,0.007221157058419106,,[],True
lfr_n1000_o40_m20_s12__nocd_pairdot_bmm500__s74,lfr_n1000_o40_m20_s12,1000,74,nocd_pairdot_bmm500,26,e99f0edf243a838339fcd4311cf738a18c8a2aeb2c0e6837ccad10983d7a7e54,COMPLETED,SCORED,6.283334208186716,0.9467504181546205,0.978921043229725,0.95,max_epochs,500,21,501,501,501,3.830870705191046,0.007646448513355381,,[],True
lfr_n1000_o40_m20_s12__nocd_pairdot_csr500__s74,lfr_n1000_o40_m20_s12,1000,74,nocd_pairdot_csr500,26,e99f0edf243a838339fcd4311cf738a18c8a2aeb2c0e6837ccad10983d7a7e54,COMPLETED,SCORED,6.255755375139415,0.9663122119232098,0.9799713876967096,0.95,max_epochs,500,21,501,501,501,3.8824923001229763,0.007749485628987977,,[],True
lfr_n1000_o40_m20_s12__nocd_pairdot_elementwise1000__s74,lfr_n1000_o40_m20_s12,1000,74,nocd_pairdot_elementwise1000,26,e99f0edf243a838339fcd4311cf738a18c8a2aeb2c0e6837ccad10983d7a7e54,COMPLETED,SCORED,8.406932707875967,0.9477057087577786,0.9706402546869473,0.955,training_loss_patience,775,32,775,775,775,5.573920601978898,0.007192155615456643,,[],True
lfr_n1000_o40_m20_s12__nocd_pairdot_elementwise500__s75,lfr_n1000_o40_m20_s12,1000,75,nocd_pairdot_elementwise500,26,e99f0edf243a838339fcd4311cf738a18c8a2aeb2c0e6837ccad10983d7a7e54,COMPLETED,SCORED,6.187222541309893,0.9503813358094982,0.962390158172232,0.9425,max_epochs,500,21,501,501,501,3.77584520354867,0.007536617172751836,,[],True
lfr_n1000_o40_m20_s12__nocd_pairdot_bmm500__s75,lfr_n1000_o40_m20_s12,1000,75,nocd_pairdot_bmm500,26,e99f0edf243a838339fcd4311cf738a18c8a2aeb2c0e6837ccad10983d7a7e54,COMPLETED,SCORED,6.21087845787406,0.9487823805142465,0.9732429539778809,0.935,max_epochs,500,21,501,501,501,3.838949608616531,0.007662574069094872,,[],True
lfr_n1000_o40_m20_s12__nocd_pairdot_csr500__s75,lfr_n1000_o40_m20_s12,1000,75,nocd_pairdot_csr500,26,e99f0edf243a838339fcd4311cf738a18c8a2aeb2c0e6837ccad10983d7a7e54,COMPLETED,SCORED,6.240805957932025,0.9688970346246923,0.98,0.95,max_epochs,500,21,501,501,501,3.8879591496661305,0.007760397504323614,,[],True
lfr_n1000_o40_m20_s12__nocd_pairdot_elementwise1000__s75,lfr_n1000_o40_m20_s12,1000,75,nocd_pairdot_elementwise1000,26,e99f0edf243a838339fcd4311cf738a18c8a2aeb2c0e6837ccad10983d7a7e54,COMPLETED,SCORED,7.829460542183369,0.9503813358094982,0.962390158172232,0.9425,training_loss_patience,700,29,700,700,700,5.101100029423833,0.007287285756319761,,[],True
lfr_n1000_o40_m50_s11__nocd_pairdot_elementwise500__s73,lfr_n1000_o40_m50_s11,1000,73,nocd_pairdot_elementwise500,26,e99f0edf243a838339fcd4311cf738a18c8a2aeb2c0e6837ccad10983d7a7e54,COMPLETED,SCORED,5.760213459376246,0.7572579582944567,0.7646867900032457,0.555,training_loss_patience,475,20,475,475,475,3.4304942688904703,0.007222093197664148,,[],True
lfr_n1000_o40_m50_s11__nocd_pairdot_bmm500__s73,lfr_n1000_o40_m50_s11,1000,73,nocd_pairdot_bmm500,26,e99f0edf243a838339fcd4311cf738a18c8a2aeb2c0e6837ccad10983d7a7e54,COMPLETED,SCORED,6.024424416013062,0.7512238212275736,0.7610448242502419,0.555,training_loss_patience,475,20,475,475,475,3.6948896064423025,0.007778714960931163,,[],True
lfr_n1000_o40_m50_s11__nocd_pairdot_csr500__s73,lfr_n1000_o40_m50_s11,1000,73,nocd_pairdot_csr500,26,e99f0edf243a838339fcd4311cf738a18c8a2aeb2c0e6837ccad10983d7a7e54,COMPLETED,SCORED,5.944973499979824,0.7519196825927759,0.759935379644588,0.555,training_loss_patience,475,20,475,475,475,3.641144614201039,0.0076655676088442926,,[],True
lfr_n1000_o40_m50_s11__nocd_pairdot_elementwise1000__s73,lfr_n1000_o40_m50_s11,1000,73,nocd_pairdot_elementwise1000,26,e99f0edf243a838339fcd4311cf738a18c8a2aeb2c0e6837ccad10983d7a7e54,COMPLETED,SCORED,6.055498290807009,0.7572579582944567,0.7646867900032457,0.555,training_loss_patience,475,20,475,475,475,3.3624484073370695,0.007078838752288567,,[],True
lfr_n1000_o40_m50_s11__nocd_pairdot_elementwise500__s74,lfr_n1000_o40_m50_s11,1000,74,nocd_pairdot_elementwise500,26,e99f0edf243a838339fcd4311cf738a18c8a2aeb2c0e6837ccad10983d7a7e54,COMPLETED,SCORED,6.0606907503679395,0.7823560747383553,0.7848932676518884,0.58,max_epochs,500,21,501,501,501,3.6739142616279423,0.0073331621988581685,,[],True
lfr_n1000_o40_m50_s11__nocd_pairdot_bmm500__s74,lfr_n1000_o40_m50_s11,1000,74,nocd_pairdot_bmm500,26,e99f0edf243a838339fcd4311cf738a18c8a2aeb2c0e6837ccad10983d7a7e54,COMPLETED,SCORED,6.289297458250076,0.7793198173706117,0.7866798549291131,0.575,max_epochs,500,21,501,501,501,3.8858635728247464,0.007756214716217059,,[],True
lfr_n1000_o40_m50_s11__nocd_pairdot_csr500__s74,lfr_n1000_o40_m50_s11,1000,74,nocd_pairdot_csr500,26,e99f0edf243a838339fcd4311cf738a18c8a2aeb2c0e6837ccad10983d7a7e54,COMPLETED,SCORED,6.260793167166412,0.7742870832097728,0.7808084127505751,0.5725,max_epochs,500,21,501,501,501,3.897451138589531,0.0077793435899990646,,[],True
lfr_n1000_o40_m50_s11__nocd_pairdot_elementwise1000__s74,lfr_n1000_o40_m50_s11,1000,74,nocd_pairdot_elementwise1000,26,e99f0edf243a838339fcd4311cf738a18c8a2aeb2c0e6837ccad10983d7a7e54,COMPLETED,SCORED,6.589292666874826,0.7823560747383553,0.7848932676518884,0.58,training_loss_patience,525,22,525,525,525,3.8178995265625417,0.0072721895744048415,,[],True
lfr_n1000_o40_m50_s11__nocd_pairdot_elementwise500__s75,lfr_n1000_o40_m50_s11,1000,75,nocd_pairdot_elementwise500,26,e99f0edf243a838339fcd4311cf738a18c8a2aeb2c0e6837ccad10983d7a7e54,COMPLETED,SCORED,6.07149345939979,0.7649119217557898,0.7855973813420621,0.5825,max_epochs,500,21,501,501,501,3.6668550251051784,0.007319071906397562,,[],True
lfr_n1000_o40_m50_s11__nocd_pairdot_bmm500__s75,lfr_n1000_o40_m50_s11,1000,75,nocd_pairdot_bmm500,26,e99f0edf243a838339fcd4311cf738a18c8a2aeb2c0e6837ccad10983d7a7e54,COMPLETED,SCORED,6.105485207866877,0.7260039710726066,0.7515923566878981,0.5625,training_loss_patience,475,20,475,475,475,3.7608059393242,0.007917486188050948,,[],True
lfr_n1000_o40_m50_s11__nocd_pairdot_csr500__s75,lfr_n1000_o40_m50_s11,1000,75,nocd_pairdot_csr500,26,e99f0edf243a838339fcd4311cf738a18c8a2aeb2c0e6837ccad10983d7a7e54,COMPLETED,SCORED,6.0244504157453775,0.7425260650530526,0.7628599158848269,0.5525,training_loss_patience,475,20,475,475,475,3.690860095899552,0.007770231780841162,,[],True
lfr_n1000_o40_m50_s11__nocd_pairdot_elementwise1000__s75,lfr_n1000_o40_m50_s11,1000,75,nocd_pairdot_elementwise1000,26,e99f0edf243a838339fcd4311cf738a18c8a2aeb2c0e6837ccad10983d7a7e54,COMPLETED,SCORED,6.333046291023493,0.7649119217557898,0.7855973813420621,0.5825,training_loss_patience,525,22,525,525,525,3.757468282710761,0.007157082443258592,,[],True
lfr_n1000_o40_m50_s12__nocd_pairdot_elementwise500__s73,lfr_n1000_o40_m50_s12,1000,73,nocd_pairdot_elementwise500,26,e99f0edf243a838339fcd4311cf738a18c8a2aeb2c0e6837ccad10983d7a7e54,COMPLETED,SCORED,5.835984957870096,0.704341378367036,0.7081761006289308,0.48,training_loss_patience,475,20,475,475,475,3.499942721799016,0.007368300466945297,,[],True
lfr_n1000_o40_m50_s12__nocd_pairdot_bmm500__s73,lfr_n1000_o40_m50_s12,1000,73,nocd_pairdot_bmm500,26,e99f0edf243a838339fcd4311cf738a18c8a2aeb2c0e6837ccad10983d7a7e54,COMPLETED,SCORED,6.150945999659598,0.7060438077109553,0.7107176730951629,0.4775,training_loss_patience,475,20,475,475,475,3.510712316725403,0.00739097329836927,,[],True
lfr_n1000_o40_m50_s12__nocd_pairdot_csr500__s73,lfr_n1000_o40_m50_s12,1000,73,nocd_pairdot_csr500,26,e99f0edf243a838339fcd4311cf738a18c8a2aeb2c0e6837ccad10983d7a7e54,COMPLETED,SCORED,6.042937416117638,0.7071022611452918,0.7098609355246523,0.4775,training_loss_patience,475,20,475,475,475,3.661723826546222,0.007708892266413099,,[],True
lfr_n1000_o40_m50_s12__nocd_pairdot_elementwise1000__s73,lfr_n1000_o40_m50_s12,1000,73,nocd_pairdot_elementwise1000,26,e99f0edf243a838339fcd4311cf738a18c8a2aeb2c0e6837ccad10983d7a7e54,COMPLETED,SCORED,5.7522853328846395,0.704341378367036,0.7081761006289308,0.48,training_loss_patience,475,20,475,475,475,3.4368775794282556,0.007235531746164749,,[],True
lfr_n1000_o40_m50_s12__nocd_pairdot_elementwise500__s74,lfr_n1000_o40_m50_s12,1000,74,nocd_pairdot_elementwise500,26,e99f0edf243a838339fcd4311cf738a18c8a2aeb2c0e6837ccad10983d7a7e54,COMPLETED,SCORED,5.64572895783931,0.698945335059962,0.71936,0.4725,training_loss_patience,450,19,450,450,450,3.3396922848187387,0.007421538410708309,,[],True
lfr_n1000_o40_m50_s12__nocd_pairdot_bmm500__s74,lfr_n1000_o40_m50_s12,1000,74,nocd_pairdot_bmm500,26,e99f0edf243a838339fcd4311cf738a18c8a2aeb2c0e6837ccad10983d7a7e54,COMPLETED,SCORED,6.118944374844432,0.693713639858976,0.7150159744408946,0.4575,training_loss_patience,450,19,450,450,450,3.4613003064878285,0.007691778458861841,,[],True
lfr_n1000_o40_m50_s12__nocd_pairdot_csr500__s74,lfr_n1000_o40_m50_s12,1000,74,nocd_pairdot_csr500,26,e99f0edf243a838339fcd4311cf738a18c8a2aeb2c0e6837ccad10983d7a7e54,COMPLETED,SCORED,6.198025417048484,0.6689623698389229,0.6951296647691335,0.445,training_loss_patience,450,19,450,450,450,3.516733903437853,0.007814964229861896,,[],True
lfr_n1000_o40_m50_s12__nocd_pairdot_elementwise1000__s74,lfr_n1000_o40_m50_s12,1000,74,nocd_pairdot_elementwise1000,26,e99f0edf243a838339fcd4311cf738a18c8a2aeb2c0e6837ccad10983d7a7e54,COMPLETED,SCORED,5.068823332898319,0.698945335059962,0.71936,0.4725,training_loss_patience,450,19,450,450,450,2.8202324877493083,0.006267183306109574,,[],True
lfr_n1000_o40_m50_s12__nocd_pairdot_elementwise500__s75,lfr_n1000_o40_m50_s12,1000,75,nocd_pairdot_elementwise500,26,e99f0edf243a838339fcd4311cf738a18c8a2aeb2c0e6837ccad10983d7a7e54,COMPLETED,SCORED,6.123676000162959,0.8114711546019878,0.8070525615435795,0.595,max_epochs,500,21,501,501,501,3.7245844434946775,0.007434300286416522,,[],True
lfr_n1000_o40_m50_s12__nocd_pairdot_bmm500__s75,lfr_n1000_o40_m50_s12,1000,75,nocd_pairdot_bmm500,26,e99f0edf243a838339fcd4311cf738a18c8a2aeb2c0e6837ccad10983d7a7e54,COMPLETED,SCORED,6.322103374637663,0.8117045377561273,0.8066334991708126,0.595,max_epochs,500,21,501,501,501,3.903939865529537,0.007792295140777519,,[],True
lfr_n1000_o40_m50_s12__nocd_pairdot_csr500__s75,lfr_n1000_o40_m50_s12,1000,75,nocd_pairdot_csr500,26,e99f0edf243a838339fcd4311cf738a18c8a2aeb2c0e6837ccad10983d7a7e54,COMPLETED,SCORED,6.279327208176255,0.7720835499769756,0.7774086378737541,0.5325,max_epochs,500,21,501,501,501,3.881407142151147,0.00774731964501227,,[],True
lfr_n1000_o40_m50_s12__nocd_pairdot_elementwise1000__s75,lfr_n1000_o40_m50_s12,1000,75,nocd_pairdot_elementwise1000,26,e99f0edf243a838339fcd4311cf738a18c8a2aeb2c0e6837ccad10983d7a7e54,COMPLETED,SCORED,6.476448750123382,0.8114711546019878,0.8070525615435795,0.595,training_loss_patience,550,23,550,550,550,3.9839858822524548,0.007243610695004463,,[],True
lfr_n5000_o00_m20_s11__nocd_pairdot_elementwise500__s73,lfr_n5000_o00_m20_s11,5000,73,nocd_pairdot_elementwise500,107,e99f0edf243a838339fcd4311cf738a18c8a2aeb2c0e6837ccad10983d7a7e54,COMPLETED,SCORED,24.14068033406511,0.4647716574926278,0.5412749605434708,,max_epochs,500,21,501,501,501,20.07681831717491,0.04007348965503974,,[],True
lfr_n5000_o00_m20_s11__nocd_pairdot_bmm500__s73,lfr_n5000_o00_m20_s11,5000,73,nocd_pairdot_bmm500,107,e99f0edf243a838339fcd4311cf738a18c8a2aeb2c0e6837ccad10983d7a7e54,COMPLETED,SCORED,25.10872987518087,0.46600966180250686,0.5438808087974459,,max_epochs,500,21,501,501,501,20.970314112957567,0.041856914397120894,,[],True
lfr_n5000_o00_m20_s11__nocd_pairdot_csr500__s73,lfr_n5000_o00_m20_s11,5000,73,nocd_pairdot_csr500,107,e99f0edf243a838339fcd4311cf738a18c8a2aeb2c0e6837ccad10983d7a7e54,COMPLETED,SCORED,20.66001933440566,0.46668192403762604,0.5456622634773295,,max_epochs,500,21,501,501,501,16.595828775782138,0.0331254067380881,,[],True
lfr_n5000_o00_m20_s11__nocd_pairdot_elementwise1000__s73,lfr_n5000_o00_m20_s11,5000,73,nocd_pairdot_elementwise1000,107,e99f0edf243a838339fcd4311cf738a18c8a2aeb2c0e6837ccad10983d7a7e54,COMPLETED,SCORED,46.088117165956646,0.46217847029514264,0.5710222784010112,,max_epochs,1000,41,1001,1001,1001,39.57945160754025,0.03953991169584441,,[],True
lfr_n5000_o00_m20_s11__nocd_pairdot_elementwise500__s74,lfr_n5000_o00_m20_s11,5000,74,nocd_pairdot_elementwise500,107,e99f0edf243a838339fcd4311cf738a18c8a2aeb2c0e6837ccad10983d7a7e54,COMPLETED,SCORED,24.14047220814973,0.499138055874204,0.575414385359634,,max_epochs,500,21,501,501,501,20.014692658558488,0.03994948634442812,,[],True
lfr_n5000_o00_m20_s11__nocd_pairdot_bmm500__s74,lfr_n5000_o00_m20_s11,5000,74,nocd_pairdot_bmm500,107,e99f0edf243a838339fcd4311cf738a18c8a2aeb2c0e6837ccad10983d7a7e54,COMPLETED,SCORED,22.519421792123467,0.5171053432890275,0.574602948507941,,max_epochs,500,21,501,501,501,18.617729720193893,0.03716113716605567,,[],True
lfr_n5000_o00_m20_s11__nocd_pairdot_csr500__s74,lfr_n5000_o00_m20_s11,5000,74,nocd_pairdot_csr500,107,e99f0edf243a838339fcd4311cf738a18c8a2aeb2c0e6837ccad10983d7a7e54,COMPLETED,SCORED,20.51551229087636,0.48996748296334797,0.5640171002101297,,max_epochs,500,21,501,501,501,16.45530423987657,0.0328449186424682,,[],True
lfr_n5000_o00_m20_s11__nocd_pairdot_elementwise1000__s74,lfr_n5000_o00_m20_s11,5000,74,nocd_pairdot_elementwise1000,107,e99f0edf243a838339fcd4311cf738a18c8a2aeb2c0e6837ccad10983d7a7e54,COMPLETED,SCORED,45.48627395788208,0.519293675500875,0.601161665053243,,max_epochs,1000,41,1001,1001,1001,39.01663701515645,0.03897765935580065,,[],True
lfr_n5000_o00_m20_s11__nocd_pairdot_elementwise500__s75,lfr_n5000_o00_m20_s11,5000,75,nocd_pairdot_elementwise500,107,e99f0edf243a838339fcd4311cf738a18c8a2aeb2c0e6837ccad10983d7a7e54,COMPLETED,SCORED,24.398341459222138,0.44496600805889797,0.5083510074231177,,max_epochs,500,21,501,501,501,20.28904533246532,0.04049709647198667,,[],True
lfr_n5000_o00_m20_s11__nocd_pairdot_bmm500__s75,lfr_n5000_o00_m20_s11,5000,75,nocd_pairdot_bmm500,107,e99f0edf243a838339fcd4311cf738a18c8a2aeb2c0e6837ccad10983d7a7e54,COMPLETED,SCORED,25.413884374778718,0.4475375201084608,0.5139001349527665,,max_epochs,500,21,501,501,501,21.241037488915026,0.04239728041699606,,[],True
lfr_n5000_o00_m20_s11__nocd_pairdot_csr500__s75,lfr_n5000_o00_m20_s11,5000,75,nocd_pairdot_csr500,107,e99f0edf243a838339fcd4311cf738a18c8a2aeb2c0e6837ccad10983d7a7e54,COMPLETED,SCORED,21.186788332648575,0.44187681993017364,0.515088177661659,,max_epochs,500,21,501,501,501,17.002767969854176,0.03393766061847141,,[],True
lfr_n5000_o00_m20_s11__nocd_pairdot_elementwise1000__s75,lfr_n5000_o00_m20_s11,5000,75,nocd_pairdot_elementwise1000,107,e99f0edf243a838339fcd4311cf738a18c8a2aeb2c0e6837ccad10983d7a7e54,COMPLETED,SCORED,46.174957958981395,0.4490824088729084,0.5379503839338452,,max_epochs,1000,41,1001,1001,1001,39.695298365317285,0.03965564272259469,,[],True
lfr_n5000_o00_m20_s12__nocd_pairdot_elementwise500__s73,lfr_n5000_o00_m20_s12,5000,73,nocd_pairdot_elementwise500,104,e99f0edf243a838339fcd4311cf738a18c8a2aeb2c0e6837ccad10983d7a7e54,COMPLETED,SCORED,24.516227917280048,0.48898061026654427,0.5488573947243507,,max_epochs,500,21,501,501,501,20.306510570459068,0.04053195722646521,,[],True
lfr_n5000_o00_m20_s12__nocd_pairdot_bmm500__s73,lfr_n5000_o00_m20_s12,5000,73,nocd_pairdot_bmm500,104,e99f0edf243a838339fcd4311cf738a18c8a2aeb2c0e6837ccad10983d7a7e54,COMPLETED,SCORED,25.96037312503904,0.47468102896831177,0.5326827964175912,,max_epochs,500,21,501,501,501,21.659011249430478,0.04323155938010075,,[],True
lfr_n5000_o00_m20_s12__nocd_pairdot_csr500__s73,lfr_n5000_o00_m20_s12,5000,73,nocd_pairdot_csr500,104,e99f0edf243a838339fcd4311cf738a18c8a2aeb2c0e6837ccad10983d7a7e54,COMPLETED,SCORED,20.07086725020781,0.47694086906131855,0.5477359519912711,,max_epochs,500,21,501,501,501,15.92532218946144,0.031787070238445986,,[],True
lfr_n5000_o00_m20_s12__nocd_pairdot_elementwise1000__s73,lfr_n5000_o00_m20_s12,5000,73,nocd_pairdot_elementwise1000,104,e99f0edf243a838339fcd4311cf738a18c8a2aeb2c0e6837ccad10983d7a7e54,COMPLETED,SCORED,48.73382500000298,0.47428495099228013,0.5602441816100725,,max_epochs,1000,41,1001,1001,1001,41.83705283887684,0.04179525758129555,,[],True
lfr_n5000_o00_m20_s12__nocd_pairdot_elementwise500__s74,lfr_n5000_o00_m20_s12,5000,74,nocd_pairdot_elementwise500,104,e99f0edf243a838339fcd4311cf738a18c8a2aeb2c0e6837ccad10983d7a7e54,COMPLETED,SCORED,25.078882208094,0.4706741494830359,0.550993003039084,,max_epochs,500,21,501,501,501,20.73985821334645,0.04139692258152984,,[],True
lfr_n5000_o00_m20_s12__nocd_pairdot_bmm500__s74,lfr_n5000_o00_m20_s12,5000,74,nocd_pairdot_bmm500,104,e99f0edf243a838339fcd4311cf738a18c8a2aeb2c0e6837ccad10983d7a7e54,COMPLETED,SCORED,25.158155374694616,0.5055750154805345,0.5717190790907111,,max_epochs,500,21,501,501,501,20.95042706327513,0.0418172196871759,,[],True
lfr_n5000_o00_m20_s12__nocd_pairdot_csr500__s74,lfr_n5000_o00_m20_s12,5000,74,nocd_pairdot_csr500,104,e99f0edf243a838339fcd4311cf738a18c8a2aeb2c0e6837ccad10983d7a7e54,COMPLETED,SCORED,20.258326499722898,0.4688363150979779,0.5468828828828829,,max_epochs,500,21,501,501,501,15.79257374536246,0.03152210328415661,,[],True
lfr_n5000_o00_m20_s12__nocd_pairdot_elementwise1000__s74,lfr_n5000_o00_m20_s12,5000,74,nocd_pairdot_elementwise1000,104,e99f0edf243a838339fcd4311cf738a18c8a2aeb2c0e6837ccad10983d7a7e54,COMPLETED,SCORED,47.57083366718143,0.4955675735328052,0.5764907317799449,,max_epochs,1000,41,1001,1001,1001,40.807909993454814,0.04076714285060421,,[],True
lfr_n5000_o00_m20_s12__nocd_pairdot_elementwise500__s75,lfr_n5000_o00_m20_s12,5000,75,nocd_pairdot_elementwise500,104,e99f0edf243a838339fcd4311cf738a18c8a2aeb2c0e6837ccad10983d7a7e54,COMPLETED,SCORED,24.658949041273445,0.46753410289065384,0.5558983399441751,,max_epochs,500,21,501,501,501,20.413655107840896,0.040745818578524745,,[],True
lfr_n5000_o00_m20_s12__nocd_pairdot_bmm500__s75,lfr_n5000_o00_m20_s12,5000,75,nocd_pairdot_bmm500,104,e99f0edf243a838339fcd4311cf738a18c8a2aeb2c0e6837ccad10983d7a7e54,COMPLETED,SCORED,25.936151292175055,0.49468811024889014,0.5681320286256755,,max_epochs,500,21,501,501,501,21.65395957790315,0.04322147620339951,,[],True
lfr_n5000_o00_m20_s12__nocd_pairdot_csr500__s75,lfr_n5000_o00_m20_s12,5000,75,nocd_pairdot_csr500,104,e99f0edf243a838339fcd4311cf738a18c8a2aeb2c0e6837ccad10983d7a7e54,COMPLETED,SCORED,19.97856070799753,0.4852523676055971,0.552135768732921,,max_epochs,500,21,501,501,501,15.873404528014362,0.03168344217168535,,[],True
lfr_n5000_o00_m20_s12__nocd_pairdot_elementwise1000__s75,lfr_n5000_o00_m20_s12,5000,75,nocd_pairdot_elementwise1000,104,e99f0edf243a838339fcd4311cf738a18c8a2aeb2c0e6837ccad10983d7a7e54,COMPLETED,SCORED,47.89693566644564,0.4752977125197816,0.5694169765050233,,max_epochs,1000,41,1001,1001,1001,41.141893695574254,0.04110079290267158,,[],True
lfr_n5000_o00_m50_s11__nocd_pairdot_elementwise500__s73,lfr_n5000_o00_m50_s11,5000,73,nocd_pairdot_elementwise500,107,e99f0edf243a838339fcd4311cf738a18c8a2aeb2c0e6837ccad10983d7a7e54,COMPLETED,SCORED,23.41206270782277,0.41393311888863715,0.4913848944163752,,max_epochs,500,21,501,501,501,19.4268973977305,0.03877624231083932,,[],True
lfr_n5000_o00_m50_s11__nocd_pairdot_bmm500__s73,lfr_n5000_o00_m50_s11,5000,73,nocd_pairdot_bmm500,107,e99f0edf243a838339fcd4311cf738a18c8a2aeb2c0e6837ccad10983d7a7e54,COMPLETED,SCORED,24.284052208065987,0.41286324566664506,0.4955591572123177,,max_epochs,500,21,501,501,501,20.31395053770393,0.04054680746048689,,[],True
lfr_n5000_o00_m50_s11__nocd_pairdot_csr500__s73,lfr_n5000_o00_m50_s11,5000,73,nocd_pairdot_csr500,107,e99f0edf243a838339fcd4311cf738a18c8a2aeb2c0e6837ccad10983d7a7e54,COMPLETED,SCORED,20.854688833002,0.416680378046629,0.497872618969693,,max_epochs,500,21,501,501,501,16.566518714651465,0.033066903622058816,,[],True
lfr_n5000_o00_m50_s11__nocd_pairdot_elementwise1000__s73,lfr_n5000_o00_m50_s11,5000,73,nocd_pairdot_elementwise1000,107,e99f0edf243a838339fcd4311cf738a18c8a2aeb2c0e6837ccad10983d7a7e54,COMPLETED,SCORED,25.83543137507513,0.41393311888863715,0.4913848944163752,,training_loss_patience,550,23,550,550,550,21.57785353111103,0.03923246096565642,,[],True
lfr_n5000_o00_m50_s11__nocd_pairdot_elementwise500__s74,lfr_n5000_o00_m50_s11,5000,74,nocd_pairdot_elementwise500,107,e99f0edf243a838339fcd4311cf738a18c8a2aeb2c0e6837ccad10983d7a7e54,COMPLETED,SCORED,24.26574350008741,0.4404082139833367,0.5190972222222222,,max_epochs,500,21,501,501,501,20.02527165878564,0.03997060211334459,,[],True
lfr_n5000_o00_m50_s11__nocd_pairdot_bmm500__s74,lfr_n5000_o00_m50_s11,5000,74,nocd_pairdot_bmm500,107,e99f0edf243a838339fcd4311cf738a18c8a2aeb2c0e6837ccad10983d7a7e54,COMPLETED,SCORED,25.026448833290488,0.42689300895090415,0.5133824799096766,,max_epochs,500,21,501,501,501,20.680118210148066,0.04127768105817977,,[],True
lfr_n5000_o00_m50_s11__nocd_pairdot_csr500__s74,lfr_n5000_o00_m50_s11,5000,74,nocd_pairdot_csr500,107,e99f0edf243a838339fcd4311cf738a18c8a2aeb2c0e6837ccad10983d7a7e54,COMPLETED,SCORED,20.532315084245056,0.43512317834934827,0.5193124368048534,,max_epochs,500,21,501,501,501,16.346481119748205,0.03262770682584472,,[],True
lfr_n5000_o00_m50_s11__nocd_pairdot_elementwise1000__s74,lfr_n5000_o00_m50_s11,5000,74,nocd_pairdot_elementwise1000,107,e99f0edf243a838339fcd4311cf738a18c8a2aeb2c0e6837ccad10983d7a7e54,COMPLETED,SCORED,25.938114665914327,0.4404082139833367,0.5190972222222222,,training_loss_patience,550,23,550,550,550,21.338070914149284,0.038796492571180514,,[],True
lfr_n5000_o00_m50_s11__nocd_pairdot_elementwise500__s75,lfr_n5000_o00_m50_s11,5000,75,nocd_pairdot_elementwise500,107,e99f0edf243a838339fcd4311cf738a18c8a2aeb2c0e6837ccad10983d7a7e54,COMPLETED,SCORED,23.753538166638464,0.42596282522197515,0.5064227325807708,,max_epochs,500,21,501,501,501,19.713899322319776,0.03934910044375205,,[],True
lfr_n5000_o00_m50_s11__nocd_pairdot_bmm500__s75,lfr_n5000_o00_m50_s11,5000,75,nocd_pairdot_bmm500,107,e99f0edf243a838339fcd4311cf738a18c8a2aeb2c0e6837ccad10983d7a7e54,COMPLETED,SCORED,24.78440300002694,0.42458542211779443,0.5018982047487291,,max_epochs,500,21,501,501,501,20.468073000200093,0.04085443712614789,,[],True
lfr_n5000_o00_m50_s11__nocd_pairdot_csr500__s75,lfr_n5000_o00_m50_s11,5000,75,nocd_pairdot_csr500,107,e99f0edf243a838339fcd4311cf738a18c8a2aeb2c0e6837ccad10983d7a7e54,COMPLETED,SCORED,20.96864308277145,0.42627285687275995,0.5013898765272481,,max_epochs,500,21,501,501,501,16.957548405509442,0.033847402007004875,,[],True
lfr_n5000_o00_m50_s11__nocd_pairdot_elementwise1000__s75,lfr_n5000_o00_m50_s11,5000,75,nocd_pairdot_elementwise1000,107,e99f0edf243a838339fcd4311cf738a18c8a2aeb2c0e6837ccad10983d7a7e54,COMPLETED,SCORED,26.60956033412367,0.42596282522197515,0.5064227325807708,,training_loss_patience,550,23,550,550,550,22.064293928910047,0.04011689805256372,,[],True
lfr_n5000_o00_m50_s12__nocd_pairdot_elementwise500__s73,lfr_n5000_o00_m50_s12,5000,73,nocd_pairdot_elementwise500,104,e99f0edf243a838339fcd4311cf738a18c8a2aeb2c0e6837ccad10983d7a7e54,COMPLETED,SCORED,24.668669458013028,0.4465162360579139,0.5363037424437954,,max_epochs,500,21,501,501,501,20.553368856199086,0.04102468833572672,,[],True
lfr_n5000_o00_m50_s12__nocd_pairdot_bmm500__s73,lfr_n5000_o00_m50_s12,5000,73,nocd_pairdot_bmm500,104,e99f0edf243a838339fcd4311cf738a18c8a2aeb2c0e6837ccad10983d7a7e54,COMPLETED,SCORED,25.911184917204082,0.44674912168471503,0.5319810682893847,,max_epochs,500,21,501,501,501,21.42945091612637,0.04277335512200872,,[],True
lfr_n5000_o00_m50_s12__nocd_pairdot_csr500__s73,lfr_n5000_o00_m50_s12,5000,73,nocd_pairdot_csr500,104,e99f0edf243a838339fcd4311cf738a18c8a2aeb2c0e6837ccad10983d7a7e54,COMPLETED,SCORED,19.506282625254244,0.44735824668112084,0.5373277575923767,,max_epochs,500,21,501,501,501,15.611904395278543,0.031161485818919248,,[],True
lfr_n5000_o00_m50_s12__nocd_pairdot_elementwise1000__s73,lfr_n5000_o00_m50_s12,5000,73,nocd_pairdot_elementwise1000,104,e99f0edf243a838339fcd4311cf738a18c8a2aeb2c0e6837ccad10983d7a7e54,COMPLETED,SCORED,28.545014916919172,0.4465162360579139,0.5363037424437954,,training_loss_patience,575,24,575,575,575,23.970782045740634,0.04168831660128806,,[],True
lfr_n5000_o00_m50_s12__nocd_pairdot_elementwise500__s74,lfr_n5000_o00_m50_s12,5000,74,nocd_pairdot_elementwise500,104,e99f0edf243a838339fcd4311cf738a18c8a2aeb2c0e6837ccad10983d7a7e54,COMPLETED,SCORED,25.19126766687259,0.42294225452304907,0.5079817947150329,,max_epochs,500,21,501,501,501,20.969102232716978,0.041854495474484985,,[],True
lfr_n5000_o00_m50_s12__nocd_pairdot_bmm500__s74,lfr_n5000_o00_m50_s12,5000,74,nocd_pairdot_bmm500,104,e99f0edf243a838339fcd4311cf738a18c8a2aeb2c0e6837ccad10983d7a7e54,COMPLETED,SCORED,26.075138042215258,0.43838973314212254,0.5311104910714286,,max_epochs,500,21,501,501,501,21.461332199163735,0.04283699041749248,,[],True
lfr_n5000_o00_m50_s12__nocd_pairdot_csr500__s74,lfr_n5000_o00_m50_s12,5000,74,nocd_pairdot_csr500,104,e99f0edf243a838339fcd4311cf738a18c8a2aeb2c0e6837ccad10983d7a7e54,COMPLETED,SCORED,19.787215916905552,0.4260287773534925,0.511352152529812,,max_epochs,500,21,501,501,501,15.791932495776564,0.0315208233448634,,[],True
lfr_n5000_o00_m50_s12__nocd_pairdot_elementwise1000__s74,lfr_n5000_o00_m50_s12,5000,74,nocd_pairdot_elementwise1000,104,e99f0edf243a838339fcd4311cf738a18c8a2aeb2c0e6837ccad10983d7a7e54,COMPLETED,SCORED,47.57069699978456,0.42076915174893037,0.5105396002455829,,max_epochs,1000,41,1001,1001,1001,40.9588077114895,0.04091788982166783,,[],True
lfr_n5000_o00_m50_s12__nocd_pairdot_elementwise500__s75,lfr_n5000_o00_m50_s12,5000,75,nocd_pairdot_elementwise500,104,e99f0edf243a838339fcd4311cf738a18c8a2aeb2c0e6837ccad10983d7a7e54,COMPLETED,SCORED,24.434830124955624,0.42565376895876056,0.522668127653746,,max_epochs,500,21,501,501,501,20.316668721847236,0.040552232977738994,,[],True
lfr_n5000_o00_m50_s12__nocd_pairdot_bmm500__s75,lfr_n5000_o00_m50_s12,5000,75,nocd_pairdot_bmm500,104,e99f0edf243a838339fcd4311cf738a18c8a2aeb2c0e6837ccad10983d7a7e54,COMPLETED,SCORED,25.984079665970057,0.4317730188874152,0.5296829166084649,,max_epochs,500,21,501,501,501,21.762136528734118,0.04343739826094634,,[],True
lfr_n5000_o00_m50_s12__nocd_pairdot_csr500__s75,lfr_n5000_o00_m50_s12,5000,75,nocd_pairdot_csr500,104,e99f0edf243a838339fcd4311cf738a18c8a2aeb2c0e6837ccad10983d7a7e54,COMPLETED,SCORED,19.648171083070338,0.41932273733702846,0.5239558597569492,,max_epochs,500,21,501,501,501,15.740948194637895,0.03141905827273033,,[],True
lfr_n5000_o00_m50_s12__nocd_pairdot_elementwise1000__s75,lfr_n5000_o00_m50_s12,5000,75,nocd_pairdot_elementwise1000,104,e99f0edf243a838339fcd4311cf738a18c8a2aeb2c0e6837ccad10983d7a7e54,COMPLETED,SCORED,31.639855791814625,0.42565376895876056,0.522668127653746,,training_loss_patience,650,27,650,650,650,26.777646358590573,0.04119637901321627,,[],True
lfr_n5000_o20_m20_s11__nocd_pairdot_elementwise500__s73,lfr_n5000_o20_m20_s11,5000,73,nocd_pairdot_elementwise500,129,e99f0edf243a838339fcd4311cf738a18c8a2aeb2c0e6837ccad10983d7a7e54,COMPLETED,SCORED,26.170098583213985,0.37751075155189157,0.46477246477246476,0.308,max_epochs,500,21,501,501,501,21.997653165832162,0.04390749134896639,,[],True
lfr_n5000_o20_m20_s11__nocd_pairdot_bmm500__s73,lfr_n5000_o20_m20_s11,5000,73,nocd_pairdot_bmm500,129,e99f0edf243a838339fcd4311cf738a18c8a2aeb2c0e6837ccad10983d7a7e54,COMPLETED,SCORED,26.957484040874988,0.3678565663328116,0.46092577628996884,0.276,max_epochs,500,21,501,501,501,22.80172640271485,0.045512427949530636,,[],True
lfr_n5000_o20_m20_s11__nocd_pairdot_csr500__s73,lfr_n5000_o20_m20_s11,5000,73,nocd_pairdot_csr500,129,e99f0edf243a838339fcd4311cf738a18c8a2aeb2c0e6837ccad10983d7a7e54,COMPLETED,SCORED,21.3546718750149,0.372341514144093,0.4685494223363286,0.295,max_epochs,500,21,501,501,501,17.23867357475683,0.03440853008933499,,[],True
lfr_n5000_o20_m20_s11__nocd_pairdot_elementwise1000__s73,lfr_n5000_o20_m20_s11,5000,73,nocd_pairdot_elementwise1000,129,e99f0edf243a838339fcd4311cf738a18c8a2aeb2c0e6837ccad10983d7a7e54,COMPLETED,SCORED,48.66585554089397,0.3684236035509935,0.4732350659425912,0.309,max_epochs,1000,41,1001,1001,1001,42.301808966789395,0.04225954941737202,,[],True
lfr_n5000_o20_m20_s11__nocd_pairdot_elementwise500__s74,lfr_n5000_o20_m20_s11,5000,74,nocd_pairdot_elementwise500,129,e99f0edf243a838339fcd4311cf738a18c8a2aeb2c0e6837ccad10983d7a7e54,COMPLETED,SCORED,25.870530958287418,0.36161725344557166,0.43220981900942884,0.28,max_epochs,500,21,501,501,501,21.66817403025925,0.04324984836379092,,[],True
lfr_n5000_o20_m20_s11__nocd_pairdot_bmm500__s74,lfr_n5000_o20_m20_s11,5000,74,nocd_pairdot_bmm500,129,e99f0edf243a838339fcd4311cf738a18c8a2aeb2c0e6837ccad10983d7a7e54,COMPLETED,SCORED,27.409588041715324,0.3689657272270007,0.442257785467128,0.274,max_epochs,500,21,501,501,501,23.13917570048943,0.046185979442094675,,[],True
lfr_n5000_o20_m20_s11__nocd_pairdot_csr500__s74,lfr_n5000_o20_m20_s11,5000,74,nocd_pairdot_csr500,129,e99f0edf243a838339fcd4311cf738a18c8a2aeb2c0e6837ccad10983d7a7e54,COMPLETED,SCORED,21.420206291601062,0.3608064391971202,0.43987478411053543,0.291,max_epochs,500,21,501,501,501,17.216508637182415,0.03436428869697089,,[],True
lfr_n5000_o20_m20_s11__nocd_pairdot_elementwise1000__s74,lfr_n5000_o20_m20_s11,5000,74,nocd_pairdot_elementwise1000,129,e99f0edf243a838339fcd4311cf738a18c8a2aeb2c0e6837ccad10983d7a7e54,COMPLETED,SCORED,50.33117291610688,0.347757862667929,0.4455624646693047,0.301,max_epochs,1000,41,1001,1001,1001,43.71757915569469,0.04367390525044425,,[],True
lfr_n5000_o20_m20_s11__nocd_pairdot_elementwise500__s75,lfr_n5000_o20_m20_s11,5000,75,nocd_pairdot_elementwise500,129,e99f0edf243a838339fcd4311cf738a18c8a2aeb2c0e6837ccad10983d7a7e54,COMPLETED,SCORED,27.03147679194808,0.39523819435471147,0.47494844786267626,0.322,max_epochs,500,21,501,501,501,22.454675491899252,0.04481971156067715,,[],True
lfr_n5000_o20_m20_s11__nocd_pairdot_bmm500__s75,lfr_n5000_o20_m20_s11,5000,75,nocd_pairdot_bmm500,129,e99f0edf243a838339fcd4311cf738a18c8a2aeb2c0e6837ccad10983d7a7e54,COMPLETED,SCORED,27.0907001667656,0.3763731812448694,0.4596101816575562,0.321,max_epochs,500,21,501,501,501,22.840435998048633,0.04558969261087552,,[],True
lfr_n5000_o20_m20_s11__nocd_pairdot_csr500__s75,lfr_n5000_o20_m20_s11,5000,75,nocd_pairdot_csr500,129,e99f0edf243a838339fcd4311cf738a18c8a2aeb2c0e6837ccad10983d7a7e54,COMPLETED,SCORED,21.47693629236892,0.3685736526856363,0.4587340639677924,0.318,max_epochs,500,21,501,501,501,17.239403939805925,0.03440998790380424,,[],True
lfr_n5000_o20_m20_s11__nocd_pairdot_elementwise1000__s75,lfr_n5000_o20_m20_s11,5000,75,nocd_pairdot_elementwise1000,129,e99f0edf243a838339fcd4311cf738a18c8a2aeb2c0e6837ccad10983d7a7e54,COMPLETED,SCORED,49.65318287489936,0.38999563482754784,0.4773400136643134,0.325,max_epochs,1000,41,1001,1001,1001,42.99859051126987,0.04295563487639347,,[],True
lfr_n5000_o20_m20_s12__nocd_pairdot_elementwise500__s73,lfr_n5000_o20_m20_s12,5000,73,nocd_pairdot_elementwise500,125,e99f0edf243a838339fcd4311cf738a18c8a2aeb2c0e6837ccad10983d7a7e54,COMPLETED,SCORED,25.555246332660317,0.3919042818518749,0.45815415150512734,0.314,max_epochs,500,21,501,501,501,21.42613823665306,0.042766742987331456,,[],True
lfr_n5000_o20_m20_s12__nocd_pairdot_bmm500__s73,lfr_n5000_o20_m20_s12,5000,73,nocd_pairdot_bmm500,125,e99f0edf243a838339fcd4311cf738a18c8a2aeb2c0e6837ccad10983d7a7e54,COMPLETED,SCORED,26.20137537503615,0.38749514888719766,0.4595139433307201,0.288,max_epochs,500,21,501,501,501,22.14095967914909,0.04419353229371076,,[],True
lfr_n5000_o20_m20_s12__nocd_pairdot_csr500__s73,lfr_n5000_o20_m20_s12,5000,73,nocd_pairdot_csr500,125,e99f0edf243a838339fcd4311cf738a18c8a2aeb2c0e6837ccad10983d7a7e54,COMPLETED,SCORED,21.763590042013675,0.3972499719589644,0.4620712401055409,0.296,max_epochs,500,21,501,501,501,17.225624992512167,0.03438248501499434,,[],True
lfr_n5000_o20_m20_s12__nocd_pairdot_elementwise1000__s73,lfr_n5000_o20_m20_s12,5000,73,nocd_pairdot_elementwise1000,125,e99f0edf243a838339fcd4311cf738a18c8a2aeb2c0e6837ccad10983d7a7e54,COMPLETED,SCORED,49.67354641715065,0.384853436267656,0.469499223825677,0.324,max_epochs,1000,41,1001,1001,1001,43.15570560237393,0.04311259300936456,,[],True
lfr_n5000_o20_m20_s12__nocd_pairdot_elementwise500__s74,lfr_n5000_o20_m20_s12,5000,74,nocd_pairdot_elementwise500,125,e99f0edf243a838339fcd4311cf738a18c8a2aeb2c0e6837ccad10983d7a7e54,COMPLETED,SCORED,25.59680345794186,0.38443768733054856,0.46814338454209836,0.32,max_epochs,500,21,501,501,501,21.42957502696663,0.04277360284823679,,[],True
lfr_n5000_o20_m20_s12__nocd_pairdot_bmm500__s74,lfr_n5000_o20_m20_s12,5000,74,nocd_pairdot_bmm500,125,e99f0edf243a838339fcd4311cf738a18c8a2aeb2c0e6837ccad10983d7a7e54,COMPLETED,SCORED,26.73169624991715,0.36261481001798046,0.4650049115913556,0.297,max_epochs,500,21,501,501,501,22.551416873000562,0.04501280812974164,,[],True
lfr_n5000_o20_m20_s12__nocd_pairdot_csr500__s74,lfr_n5000_o20_m20_s12,5000,74,nocd_pairdot_csr500,125,e99f0edf243a838339fcd4311cf738a18c8a2aeb2c0e6837ccad10983d7a7e54,COMPLETED,SCORED,21.762451665941626,0.39172424793571026,0.4739803910193189,0.34,max_epochs,500,21,501,501,501,17.119129437953234,0.03416991903783081,,[],True
lfr_n5000_o20_m20_s12__nocd_pairdot_elementwise1000__s74,lfr_n5000_o20_m20_s12,5000,74,nocd_pairdot_elementwise1000,125,e99f0edf243a838339fcd4311cf738a18c8a2aeb2c0e6837ccad10983d7a7e54,COMPLETED,SCORED,48.841020540799946,0.3902861040678978,0.48246844319775595,0.353,max_epochs,1000,41,1001,1001,1001,42.312112831976265,0.042269842988987276,,[],True
lfr_n5000_o20_m20_s12__nocd_pairdot_elementwise500__s75,lfr_n5000_o20_m20_s12,5000,75,nocd_pairdot_elementwise500,125,e99f0edf243a838339fcd4311cf738a18c8a2aeb2c0e6837ccad10983d7a7e54,COMPLETED,SCORED,25.74351774994284,0.37437536349071643,0.4422890397672163,0.271,max_epochs,500,21,501,501,501,21.59535423386842,0.04310449946879924,,[],True
lfr_n5000_o20_m20_s12__nocd_pairdot_bmm500__s75,lfr_n5000_o20_m20_s12,5000,75,nocd_pairdot_bmm500,125,e99f0edf243a838339fcd4311cf738a18c8a2aeb2c0e6837ccad10983d7a7e54,COMPLETED,SCORED,26.448894458822906,0.3699506210447768,0.44670547907938407,0.307,max_epochs,500,21,501,501,501,22.283606321085244,0.044478256129910666,,[],True
lfr_n5000_o20_m20_s12__nocd_pairdot_csr500__s75,lfr_n5000_o20_m20_s12,5000,75,nocd_pairdot_csr500,125,e99f0edf243a838339fcd4311cf738a18c8a2aeb2c0e6837ccad10983d7a7e54,COMPLETED,SCORED,21.94013312505558,0.3574168172198737,0.4312852800694746,0.271,max_epochs,500,21,501,501,501,17.4513626024127,0.034833059086652095,,[],True
lfr_n5000_o20_m20_s12__nocd_pairdot_elementwise1000__s75,lfr_n5000_o20_m20_s12,5000,75,nocd_pairdot_elementwise1000,125,e99f0edf243a838339fcd4311cf738a18c8a2aeb2c0e6837ccad10983d7a7e54,COMPLETED,SCORED,48.762838709168136,0.36832341397106655,0.4487438313144908,0.303,max_epochs,1000,41,1001,1001,1001,42.27634937968105,0.04223411526441664,,[],True
lfr_n5000_o20_m50_s11__nocd_pairdot_elementwise500__s73,lfr_n5000_o20_m50_s11,5000,73,nocd_pairdot_elementwise500,129,e99f0edf243a838339fcd4311cf738a18c8a2aeb2c0e6837ccad10983d7a7e54,COMPLETED,SCORED,26.314951249863952,0.32089317163049574,0.40850114483649386,0.129,max_epochs,500,21,501,501,501,22.21639411849901,0.044344100036924176,,[],True
lfr_n5000_o20_m50_s11__nocd_pairdot_bmm500__s73,lfr_n5000_o20_m50_s11,5000,73,nocd_pairdot_bmm500,129,e99f0edf243a838339fcd4311cf738a18c8a2aeb2c0e6837ccad10983d7a7e54,COMPLETED,SCORED,26.493079042062163,0.3233209085963614,0.4155752628178775,0.131,max_epochs,500,21,501,501,501,22.41572127956897,0.044741958641854235,,[],True
lfr_n5000_o20_m50_s11__nocd_pairdot_csr500__s73,lfr_n5000_o20_m50_s11,5000,73,nocd_pairdot_csr500,129,e99f0edf243a838339fcd4311cf738a18c8a2aeb2c0e6837ccad10983d7a7e54,COMPLETED,SCORED,21.905008791014552,0.3147020124087203,0.4000463821892393,0.121,max_epochs,500,21,501,501,501,17.520491315051913,0.034971040549005815,,[],True
lfr_n5000_o20_m50_s11__nocd_pairdot_elementwise1000__s73,lfr_n5000_o20_m50_s11,5000,73,nocd_pairdot_elementwise1000,129,e99f0edf243a838339fcd4311cf738a18c8a2aeb2c0e6837ccad10983d7a7e54,COMPLETED,SCORED,50.17463145824149,0.3176850514539683,0.415143758557057,0.127,max_epochs,1000,41,1001,1001,1001,43.73786761984229,0.043694173446395895,,[],True
lfr_n5000_o20_m50_s11__nocd_pairdot_elementwise500__s74,lfr_n5000_o20_m50_s11,5000,74,nocd_pairdot_elementwise500,129,e99f0edf243a838339fcd4311cf738a18c8a2aeb2c0e6837ccad10983d7a7e54,COMPLETED,SCORED,25.81799104111269,0.321208673305744,0.4068092028817104,0.12,max_epochs,500,21,501,501,501,21.77101728739217,0.04345512432613208,,[],True
lfr_n5000_o20_m50_s11__nocd_pairdot_bmm500__s74,lfr_n5000_o20_m50_s11,5000,74,nocd_pairdot_bmm500,129,e99f0edf243a838339fcd4311cf738a18c8a2aeb2c0e6837ccad10983d7a7e54,COMPLETED,SCORED,27.19302766630426,0.32057221631926036,0.4104742508001164,0.121,max_epochs,500,21,501,501,501,23.138952441047877,0.04618553381446682,,[],True
lfr_n5000_o20_m50_s11__nocd_pairdot_csr500__s74,lfr_n5000_o20_m50_s11,5000,74,nocd_pairdot_csr500,129,e99f0edf243a838339fcd4311cf738a18c8a2aeb2c0e6837ccad10983d7a7e54,COMPLETED,SCORED,21.493300625123084,0.31264774019411773,0.39626615060618137,0.116,max_epochs,500,21,501,501,501,17.32879182929173,0.03458840684489368,,[],True
lfr_n5000_o20_m50_s11__nocd_pairdot_elementwise1000__s74,lfr_n5000_o20_m50_s11,5000,74,nocd_pairdot_elementwise1000,129,e99f0edf243a838339fcd4311cf738a18c8a2aeb2c0e6837ccad10983d7a7e54,COMPLETED,SCORED,44.09197179088369,0.3213021032541913,0.4017987502190037,0.128,training_loss_patience,875,36,875,875,875,38.214914915151894,0.04367418847445931,,[],True
lfr_n5000_o20_m50_s11__nocd_pairdot_elementwise500__s75,lfr_n5000_o20_m50_s11,5000,75,nocd_pairdot_elementwise500,129,e99f0edf243a838339fcd4311cf738a18c8a2aeb2c0e6837ccad10983d7a7e54,COMPLETED,SCORED,26.17331675020978,0.30794110246180867,0.39974582635318584,0.126,max_epochs,500,21,501,501,501,22.062551657669246,0.044037029256824844,,[],True
lfr_n5000_o20_m50_s11__nocd_pairdot_bmm500__s75,lfr_n5000_o20_m50_s11,5000,75,nocd_pairdot_bmm500,129,e99f0edf243a838339fcd4311cf738a18c8a2aeb2c0e6837ccad10983d7a7e54,COMPLETED,SCORED,27.06954333325848,0.31066667056620967,0.3981358955180945,0.137,max_epochs,500,21,501,501,501,23.014525497332215,0.045937176641381666,,[],True
lfr_n5000_o20_m50_s11__nocd_pairdot_csr500__s75,lfr_n5000_o20_m50_s11,5000,75,nocd_pairdot_csr500,129,e99f0edf243a838339fcd4311cf738a18c8a2aeb2c0e6837ccad10983d7a7e54,COMPLETED,SCORED,22.052359624765813,0.30619273903325717,0.4052628528371877,0.124,max_epochs,500,21,501,501,501,17.63382473634556,0.03519725496276559,,[],True
lfr_n5000_o20_m50_s11__nocd_pairdot_elementwise1000__s75,lfr_n5000_o20_m50_s11,5000,75,nocd_pairdot_elementwise1000,129,e99f0edf243a838339fcd4311cf738a18c8a2aeb2c0e6837ccad10983d7a7e54,COMPLETED,SCORED,32.3607696252875,0.30794110246180867,0.39974582635318584,0.126,training_loss_patience,625,26,625,625,625,27.693987544625998,0.044310380071401596,,[],True
lfr_n5000_o20_m50_s12__nocd_pairdot_elementwise500__s73,lfr_n5000_o20_m50_s12,5000,73,nocd_pairdot_elementwise500,125,e99f0edf243a838339fcd4311cf738a18c8a2aeb2c0e6837ccad10983d7a7e54,COMPLETED,SCORED,25.89581866702065,0.3075223338341211,0.4015142410767937,0.134,max_epochs,500,21,501,501,501,21.828260941896588,0.04356938311755806,,[],True
lfr_n5000_o20_m50_s12__nocd_pairdot_bmm500__s73,lfr_n5000_o20_m50_s12,5000,73,nocd_pairdot_bmm500,125,e99f0edf243a838339fcd4311cf738a18c8a2aeb2c0e6837ccad10983d7a7e54,COMPLETED,SCORED,26.706215541344136,0.30106054830596873,0.3947007220862923,0.12,max_epochs,500,21,501,501,501,22.652436923701316,0.04521444495748766,,[],True
lfr_n5000_o20_m50_s12__nocd_pairdot_csr500__s73,lfr_n5000_o20_m50_s12,5000,73,nocd_pairdot_csr500,125,e99f0edf243a838339fcd4311cf738a18c8a2aeb2c0e6837ccad10983d7a7e54,COMPLETED,SCORED,20.5708218337968,0.2951779266049583,0.39388835418671797,0.127,max_epochs,500,21,501,501,501,16.564722284208983,0.03306331793255286,,[],True
lfr_n5000_o20_m50_s12__nocd_pairdot_elementwise1000__s73,lfr_n5000_o20_m50_s12,5000,73,nocd_pairdot_elementwise1000,125,e99f0edf243a838339fcd4311cf738a18c8a2aeb2c0e6837ccad10983d7a7e54,COMPLETED,SCORED,41.76799020823091,0.30810812308037966,0.3994432003873389,0.126,training_loss_patience,850,35,850,850,850,36.07721111597493,0.04244377778349992,,[],True
lfr_n5000_o20_m50_s12__nocd_pairdot_elementwise500__s74,lfr_n5000_o20_m50_s12,5000,74,nocd_pairdot_elementwise500,125,e99f0edf243a838339fcd4311cf738a18c8a2aeb2c0e6837ccad10983d7a7e54,COMPLETED,SCORED,25.592418833170086,0.3436596724880862,0.4248991354466859,0.146,max_epochs,500,21,501,501,501,21.55067303357646,0.04301531543628036,,[],True
lfr_n5000_o20_m50_s12__nocd_pairdot_bmm500__s74,lfr_n5000_o20_m50_s12,5000,74,nocd_pairdot_bmm500,125,e99f0edf243a838339fcd4311cf738a18c8a2aeb2c0e6837ccad10983d7a7e54,COMPLETED,SCORED,26.75987929198891,0.33649602169062837,0.4214488389599861,0.158,max_epochs,500,21,501,501,501,22.619794371072203,0.04514929016182077,,[],True
lfr_n5000_o20_m50_s12__nocd_pairdot_csr500__s74,lfr_n5000_o20_m50_s12,5000,74,nocd_pairdot_csr500,125,e99f0edf243a838339fcd4311cf738a18c8a2aeb2c0e6837ccad10983d7a7e54,COMPLETED,SCORED,21.441471667028964,0.33324111374413434,0.417221996870835,0.147,max_epochs,500,21,501,501,501,17.292326075956225,0.03451562091009227,,[],True
lfr_n5000_o20_m50_s12__nocd_pairdot_elementwise1000__s74,lfr_n5000_o20_m50_s12,5000,74,nocd_pairdot_elementwise1000,125,e99f0edf243a838339fcd4311cf738a18c8a2aeb2c0e6837ccad10983d7a7e54,COMPLETED,SCORED,27.965271624736488,0.3436596724880862,0.4248991354466859,0.146,training_loss_patience,550,23,550,550,550,23.673483197577298,0.04304269672286781,,[],True
lfr_n5000_o20_m50_s12__nocd_pairdot_elementwise500__s75,lfr_n5000_o20_m50_s12,5000,75,nocd_pairdot_elementwise500,125,e99f0edf243a838339fcd4311cf738a18c8a2aeb2c0e6837ccad10983d7a7e54,COMPLETED,SCORED,25.994744250085205,0.34625935809637326,0.41913693965276616,0.146,max_epochs,500,21,501,501,501,21.79093806631863,0.043494886359917426,,[],True
lfr_n5000_o20_m50_s12__nocd_pairdot_bmm500__s75,lfr_n5000_o20_m50_s12,5000,75,nocd_pairdot_bmm500,125,e99f0edf243a838339fcd4311cf738a18c8a2aeb2c0e6837ccad10983d7a7e54,COMPLETED,SCORED,27.099191667046398,0.3501702862052696,0.421104808063006,0.151,max_epochs,500,21,501,501,501,23.000777632929385,0.045909735794270226,,[],True
lfr_n5000_o20_m50_s12__nocd_pairdot_csr500__s75,lfr_n5000_o20_m50_s12,5000,75,nocd_pairdot_csr500,125,e99f0edf243a838339fcd4311cf738a18c8a2aeb2c0e6837ccad10983d7a7e54,COMPLETED,SCORED,21.245951917022467,0.339995345441112,0.41662966252220246,0.154,max_epochs,500,21,501,501,501,17.12395125068724,0.03417954341454539,,[],True
lfr_n5000_o20_m50_s12__nocd_pairdot_elementwise1000__s75,lfr_n5000_o20_m50_s12,5000,75,nocd_pairdot_elementwise1000,125,e99f0edf243a838339fcd4311cf738a18c8a2aeb2c0e6837ccad10983d7a7e54,COMPLETED,SCORED,49.670860290993005,0.34727645928346523,0.4207101587479666,0.146,max_epochs,1000,41,1001,1001,1001,43.22154826577753,0.04317836989588165,,[],True
lfr_n5000_o40_m20_s11__nocd_pairdot_elementwise500__s73,lfr_n5000_o40_m20_s11,5000,73,nocd_pairdot_elementwise500,149,e99f0edf243a838339fcd4311cf738a18c8a2aeb2c0e6837ccad10983d7a7e54,COMPLETED,SCORED,28.355056500062346,0.32532692878223457,0.4051360496917443,0.284,max_epochs,500,21,501,501,501,24.09014895791188,0.04808412965651074,,[],True
lfr_n5000_o40_m20_s11__nocd_pairdot_bmm500__s73,lfr_n5000_o40_m20_s11,5000,73,nocd_pairdot_bmm500,149,e99f0edf243a838339fcd4311cf738a18c8a2aeb2c0e6837ccad10983d7a7e54,COMPLETED,SCORED,29.632261957973242,0.31467694265488827,0.40075170307728447,0.263,max_epochs,500,21,501,501,501,25.332454707007855,0.05056378185031508,,[],True
lfr_n5000_o40_m20_s11__nocd_pairdot_csr500__s73,lfr_n5000_o40_m20_s11,5000,73,nocd_pairdot_csr500,149,e99f0edf243a838339fcd4311cf738a18c8a2aeb2c0e6837ccad10983d7a7e54,COMPLETED,SCORED,22.903168791439384,0.31977142101691874,0.39709805757079336,0.2585,max_epochs,500,21,501,501,501,18.32681111153215,0.03658046130046338,,[],True
lfr_n5000_o40_m20_s11__nocd_pairdot_elementwise1000__s73,lfr_n5000_o40_m20_s11,5000,73,nocd_pairdot_elementwise1000,149,e99f0edf243a838339fcd4311cf738a18c8a2aeb2c0e6837ccad10983d7a7e54,COMPLETED,SCORED,52.78111212514341,0.3229011185321076,0.40523731587561374,0.275,max_epochs,1000,41,1001,1001,1001,46.23383929952979,0.04618765164788191,,[],True
lfr_n5000_o40_m20_s11__nocd_pairdot_elementwise500__s74,lfr_n5000_o40_m20_s11,5000,74,nocd_pairdot_elementwise500,149,e99f0edf243a838339fcd4311cf738a18c8a2aeb2c0e6837ccad10983d7a7e54,COMPLETED,SCORED,28.033314584288746,0.3004975617211172,0.4003911980440098,0.264,max_epochs,500,21,501,501,501,23.811276719905436,0.047527498442925024,,[],True
lfr_n5000_o40_m20_s11__nocd_pairdot_bmm500__s74,lfr_n5000_o40_m20_s11,5000,74,nocd_pairdot_bmm500,149,e99f0edf243a838339fcd4311cf738a18c8a2aeb2c0e6837ccad10983d7a7e54,COMPLETED,SCORED,29.571420417167246,0.3242460945743427,0.41024140453547914,0.2725,max_epochs,500,21,501,501,501,25.04074370022863,0.04998152435175376,,[],True
lfr_n5000_o40_m20_s11__nocd_pairdot_csr500__s74,lfr_n5000_o40_m20_s11,5000,74,nocd_pairdot_csr500,149,e99f0edf243a838339fcd4311cf738a18c8a2aeb2c0e6837ccad10983d7a7e54,COMPLETED,SCORED,22.596195875201374,0.320360742930999,0.40755303140624244,0.2635,max_epochs,500,21,501,501,501,18.34373944764957,0.03661425039451011,,[],True
lfr_n5000_o40_m20_s11__nocd_pairdot_elementwise1000__s74,lfr_n5000_o40_m20_s11,5000,74,nocd_pairdot_elementwise1000,149,e99f0edf243a838339fcd4311cf738a18c8a2aeb2c0e6837ccad10983d7a7e54,COMPLETED,SCORED,54.75839629210532,0.3051894232043194,0.4050022155482251,0.254,max_epochs,1000,41,1001,1001,1001,48.00053947046399,0.04795258688358041,,[],True
lfr_n5000_o40_m20_s11__nocd_pairdot_elementwise500__s75,lfr_n5000_o40_m20_s11,5000,75,nocd_pairdot_elementwise500,149,e99f0edf243a838339fcd4311cf738a18c8a2aeb2c0e6837ccad10983d7a7e54,COMPLETED,SCORED,28.755824541673064,0.3199245339481976,0.40361209265802905,0.2515,max_epochs,500,21,501,501,501,24.356123700272292,0.04861501736581296,,[],True
lfr_n5000_o40_m20_s11__nocd_pairdot_bmm500__s75,lfr_n5000_o40_m20_s11,5000,75,nocd_pairdot_bmm500,149,e99f0edf243a838339fcd4311cf738a18c8a2aeb2c0e6837ccad10983d7a7e54,COMPLETED,SCORED,30.176624749787152,0.3235155502292046,0.4034026650931799,0.2335,max_epochs,500,21,501,501,501,25.854544864501804,0.05160587797305749,,[],True
lfr_n5000_o40_m20_s11__nocd_pairdot_csr500__s75,lfr_n5000_o40_m20_s11,5000,75,nocd_pairdot_csr500,149,e99f0edf243a838339fcd4311cf738a18c8a2aeb2c0e6837ccad10983d7a7e54,COMPLETED,SCORED,24.02731587504968,0.32216248956257026,0.4092252531614904,0.2505,max_epochs,500,21,501,501,501,19.575152029283345,0.039072159739088515,,[],True
lfr_n5000_o40_m20_s11__nocd_pairdot_elementwise1000__s75,lfr_n5000_o40_m20_s11,5000,75,nocd_pairdot_elementwise1000,149,e99f0edf243a838339fcd4311cf738a18c8a2aeb2c0e6837ccad10983d7a7e54,COMPLETED,SCORED,53.795893707778305,0.3220135042923888,0.41080123948649844,0.2595,max_epochs,1000,41,1001,1001,1001,47.03016335563734,0.04698318017546188,,[],True
lfr_n5000_o40_m20_s12__nocd_pairdot_elementwise500__s73,lfr_n5000_o40_m20_s12,5000,73,nocd_pairdot_elementwise500,147,e99f0edf243a838339fcd4311cf738a18c8a2aeb2c0e6837ccad10983d7a7e54,COMPLETED,SCORED,28.12703441688791,0.3112099238423021,0.4030734595996672,0.2525,max_epochs,500,21,501,501,501,23.881054155528545,0.047666774761534025,,[],True
lfr_n5000_o40_m20_s12__nocd_pairdot_bmm500__s73,lfr_n5000_o40_m20_s12,5000,73,nocd_pairdot_bmm500,147,e99f0edf243a838339fcd4311cf738a18c8a2aeb2c0e6837ccad10983d7a7e54,COMPLETED,SCORED,29.14286783291027,0.3160973964602163,0.40359310512260255,0.2615,max_epochs,500,21,501,501,501,24.934982057660818,0.049770423268784066,,[],True
lfr_n5000_o40_m20_s12__nocd_pairdot_csr500__s73,lfr_n5000_o40_m20_s12,5000,73,nocd_pairdot_csr500,147,e99f0edf243a838339fcd4311cf738a18c8a2aeb2c0e6837ccad10983d7a7e54,COMPLETED,SCORED,22.622706667054445,0.3114358453772772,0.40231520086329525,0.25,max_epochs,500,21,501,501,501,18.380695902742445,0.036688015773937016,,[],True
lfr_n5000_o40_m20_s12__nocd_pairdot_elementwise1000__s73,lfr_n5000_o40_m20_s12,5000,73,nocd_pairdot_elementwise1000,147,e99f0edf243a838339fcd4311cf738a18c8a2aeb2c0e6837ccad10983d7a7e54,COMPLETED,SCORED,46.217878124676645,0.3115417142623622,0.4084569513577448,0.263,training_loss_patience,850,35,850,850,850,40.259802818764,0.04736447390442824,,[],True
lfr_n5000_o40_m20_s12__nocd_pairdot_elementwise500__s74,lfr_n5000_o40_m20_s12,5000,74,nocd_pairdot_elementwise500,147,e99f0edf243a838339fcd4311cf738a18c8a2aeb2c0e6837ccad10983d7a7e54,COMPLETED,SCORED,27.47907108394429,0.32075170655423263,0.4055736732878743,0.229,max_epochs,500,21,501,501,501,23.165108821820468,0.04623774215932229,,[],True
lfr_n5000_o40_m20_s12__nocd_pairdot_bmm500__s74,lfr_n5000_o40_m20_s12,5000,74,nocd_pairdot_bmm500,147,e99f0edf243a838339fcd4311cf738a18c8a2aeb2c0e6837ccad10983d7a7e54,COMPLETED,SCORED,29.366416375152767,0.3165295338437159,0.40382941688424717,0.253,max_epochs,500,21,501,501,501,25.037392193917185,0.04997483471839757,,[],True
lfr_n5000_o40_m20_s12__nocd_pairdot_csr500__s74,lfr_n5000_o40_m20_s12,5000,74,nocd_pairdot_csr500,147,e99f0edf243a838339fcd4311cf738a18c8a2aeb2c0e6837ccad10983d7a7e54,COMPLETED,SCORED,22.781866500154138,0.31617666818720275,0.40443568260226714,0.232,max_epochs,500,21,501,501,501,18.5077371946536,0.036941591206893415,,[],True
lfr_n5000_o40_m20_s12__nocd_pairdot_elementwise1000__s74,lfr_n5000_o40_m20_s12,5000,74,nocd_pairdot_elementwise1000,147,e99f0edf243a838339fcd4311cf738a18c8a2aeb2c0e6837ccad10983d7a7e54,COMPLETED,SCORED,53.616591792088,0.3215988659238877,0.40835336538461536,0.234,max_epochs,1000,41,1001,1001,1001,46.68729042401537,0.04664064977424113,,[],True
lfr_n5000_o40_m20_s12__nocd_pairdot_elementwise500__s75,lfr_n5000_o40_m20_s12,5000,75,nocd_pairdot_elementwise500,147,e99f0edf243a838339fcd4311cf738a18c8a2aeb2c0e6837ccad10983d7a7e54,COMPLETED,SCORED,28.639005500357598,0.31300998146485554,0.394566496665359,0.2345,max_epochs,500,21,501,501,501,24.29614796070382,0.048495305310786066,,[],True
lfr_n5000_o40_m20_s12__nocd_pairdot_bmm500__s75,lfr_n5000_o40_m20_s12,5000,75,nocd_pairdot_bmm500,147,e99f0edf243a838339fcd4311cf738a18c8a2aeb2c0e6837ccad10983d7a7e54,COMPLETED,SCORED,29.073824166785926,0.32064333292706726,0.40555045206207996,0.2525,max_epochs,500,21,501,501,501,24.839017322286963,0.049578876890792344,,[],True
lfr_n5000_o40_m20_s12__nocd_pairdot_csr500__s75,lfr_n5000_o40_m20_s12,5000,75,nocd_pairdot_csr500,147,e99f0edf243a838339fcd4311cf738a18c8a2aeb2c0e6837ccad10983d7a7e54,COMPLETED,SCORED,22.67568479059264,0.3158104391122597,0.39821159547067114,0.235,max_epochs,500,21,501,501,501,18.381439122371376,0.03668949924625025,,[],True
lfr_n5000_o40_m20_s12__nocd_pairdot_elementwise1000__s75,lfr_n5000_o40_m20_s12,5000,75,nocd_pairdot_elementwise1000,147,e99f0edf243a838339fcd4311cf738a18c8a2aeb2c0e6837ccad10983d7a7e54,COMPLETED,SCORED,54.61704004090279,0.313447656424326,0.40209341364668705,0.2485,max_epochs,1000,41,1001,1001,1001,47.71816941862926,0.04767049891970955,,[],True
lfr_n5000_o40_m50_s11__nocd_pairdot_elementwise500__s73,lfr_n5000_o40_m50_s11,5000,73,nocd_pairdot_elementwise500,149,e99f0edf243a838339fcd4311cf738a18c8a2aeb2c0e6837ccad10983d7a7e54,COMPLETED,SCORED,27.945540708955377,0.2179319883597255,0.2921701984149289,0.062,max_epochs,500,21,501,501,501,23.75470482930541,0.04741458049761559,,[],True
lfr_n5000_o40_m50_s11__nocd_pairdot_bmm500__s73,lfr_n5000_o40_m50_s11,5000,73,nocd_pairdot_bmm500,149,e99f0edf243a838339fcd4311cf738a18c8a2aeb2c0e6837ccad10983d7a7e54,COMPLETED,SCORED,29.061441916041076,0.2178055633766986,0.2919016467403564,0.0595,max_epochs,500,21,501,501,501,24.909699022769928,0.049719958129281296,,[],True
lfr_n5000_o40_m50_s11__nocd_pairdot_csr500__s73,lfr_n5000_o40_m50_s11,5000,73,nocd_pairdot_csr500,149,e99f0edf243a838339fcd4311cf738a18c8a2aeb2c0e6837ccad10983d7a7e54,COMPLETED,SCORED,22.76089037489146,0.21410093420371137,0.2922147575227234,0.061,max_epochs,500,21,501,501,501,18.587304271757603,0.03710040772805909,,[],True
lfr_n5000_o40_m50_s11__nocd_pairdot_elementwise1000__s73,lfr_n5000_o40_m50_s11,5000,73,nocd_pairdot_elementwise1000,149,e99f0edf243a838339fcd4311cf738a18c8a2aeb2c0e6837ccad10983d7a7e54,COMPLETED,SCORED,48.89476749999449,0.21899150039558613,0.29410441044104413,0.062,training_loss_patience,925,38,925,925,925,42.7277293773368,0.04619213986739114,,[],True
lfr_n5000_o40_m50_s11__nocd_pairdot_elementwise500__s74,lfr_n5000_o40_m50_s11,5000,74,nocd_pairdot_elementwise500,149,e99f0edf243a838339fcd4311cf738a18c8a2aeb2c0e6837ccad10983d7a7e54,COMPLETED,SCORED,28.6701379166916,0.22309951857316118,0.2951086325084234,0.0585,max_epochs,500,21,501,501,501,24.382624320685863,0.04866791281574025,,[],True
lfr_n5000_o40_m50_s11__nocd_pairdot_bmm500__s74,lfr_n5000_o40_m50_s11,5000,74,nocd_pairdot_bmm500,149,e99f0edf243a838339fcd4311cf738a18c8a2aeb2c0e6837ccad10983d7a7e54,COMPLETED,SCORED,29.863051417283714,0.22600491788318053,0.3042007001166861,0.0585,max_epochs,500,21,501,501,501,25.526897153351456,0.050951890525651605,,[],True
lfr_n5000_o40_m50_s11__nocd_pairdot_csr500__s74,lfr_n5000_o40_m50_s11,5000,74,nocd_pairdot_csr500,149,e99f0edf243a838339fcd4311cf738a18c8a2aeb2c0e6837ccad10983d7a7e54,COMPLETED,SCORED,22.67020154139027,0.2205905234197811,0.29957805907172996,0.0645,max_epochs,500,21,501,501,501,18.37350831227377,0.03667366928597559,,[],True
lfr_n5000_o40_m50_s11__nocd_pairdot_elementwise1000__s74,lfr_n5000_o40_m50_s11,5000,74,nocd_pairdot_elementwise1000,149,e99f0edf243a838339fcd4311cf738a18c8a2aeb2c0e6837ccad10983d7a7e54,COMPLETED,SCORED,35.979884166736156,0.22309951857316118,0.2951086325084234,0.0585,training_loss_patience,650,27,650,650,650,31.01898343488574,0.047721512976747295,,[],True
lfr_n5000_o40_m50_s11__nocd_pairdot_elementwise500__s75,lfr_n5000_o40_m50_s11,5000,75,nocd_pairdot_elementwise500,149,e99f0edf243a838339fcd4311cf738a18c8a2aeb2c0e6837ccad10983d7a7e54,COMPLETED,SCORED,28.068024458829314,0.230409953386079,0.30375013746838225,0.063,max_epochs,500,21,501,501,501,23.899087660945952,0.04770276978232725,,[],True
lfr_n5000_o40_m50_s11__nocd_pairdot_bmm500__s75,lfr_n5000_o40_m50_s11,5000,75,nocd_pairdot_bmm500,149,e99f0edf243a838339fcd4311cf738a18c8a2aeb2c0e6837ccad10983d7a7e54,COMPLETED,SCORED,29.149345625191927,0.2256482697895747,0.29993935049897996,0.0625,max_epochs,500,21,501,501,501,25.026474732905626,0.049953043379053146,,[],True
lfr_n5000_o40_m50_s11__nocd_pairdot_csr500__s75,lfr_n5000_o40_m50_s11,5000,75,nocd_pairdot_csr500,149,e99f0edf243a838339fcd4311cf738a18c8a2aeb2c0e6837ccad10983d7a7e54,COMPLETED,SCORED,23.39806591719389,0.2206381482311031,0.2924041502524552,0.0585,max_epochs,500,21,501,501,501,19.13588887313381,0.03819538697232297,,[],True
lfr_n5000_o40_m50_s11__nocd_pairdot_elementwise1000__s75,lfr_n5000_o40_m50_s11,5000,75,nocd_pairdot_elementwise1000,149,e99f0edf243a838339fcd4311cf738a18c8a2aeb2c0e6837ccad10983d7a7e54,COMPLETED,SCORED,32.67278779204935,0.230409953386079,0.30375013746838225,0.063,training_loss_patience,600,25,600,600,600,28.0465533179231,0.04674425552987183,,[],True
lfr_n5000_o40_m50_s12__nocd_pairdot_elementwise500__s73,lfr_n5000_o40_m50_s12,5000,73,nocd_pairdot_elementwise500,147,e99f0edf243a838339fcd4311cf738a18c8a2aeb2c0e6837ccad10983d7a7e54,COMPLETED,SCORED,28.321569541003555,0.22083328603487823,0.29480775932164016,0.0605,max_epochs,500,21,501,501,501,24.011170528829098,0.0479264880814952,,[],True
lfr_n5000_o40_m50_s12__nocd_pairdot_bmm500__s73,lfr_n5000_o40_m50_s12,5000,73,nocd_pairdot_bmm500,147,e99f0edf243a838339fcd4311cf738a18c8a2aeb2c0e6837ccad10983d7a7e54,COMPLETED,SCORED,29.377824084367603,0.21999377469675108,0.2983955966740836,0.062,max_epochs,500,21,501,501,501,25.07311420654878,0.050046136140815926,,[],True
lfr_n5000_o40_m50_s12__nocd_pairdot_csr500__s73,lfr_n5000_o40_m50_s12,5000,73,nocd_pairdot_csr500,147,e99f0edf243a838339fcd4311cf738a18c8a2aeb2c0e6837ccad10983d7a7e54,COMPLETED,SCORED,22.575445749796927,0.2201088358300322,0.29368975102016676,0.0575,max_epochs,500,21,501,501,501,18.40131857432425,0.036729178791066366,,[],True
lfr_n5000_o40_m50_s12__nocd_pairdot_elementwise1000__s73,lfr_n5000_o40_m50_s12,5000,73,nocd_pairdot_elementwise1000,147,e99f0edf243a838339fcd4311cf738a18c8a2aeb2c0e6837ccad10983d7a7e54,COMPLETED,SCORED,37.00639474997297,0.22083328603487823,0.29480775932164016,0.0605,training_loss_patience,675,28,675,675,675,31.871516298502684,0.04721706118296694,,[],True
lfr_n5000_o40_m50_s12__nocd_pairdot_elementwise500__s74,lfr_n5000_o40_m50_s12,5000,74,nocd_pairdot_elementwise500,147,e99f0edf243a838339fcd4311cf738a18c8a2aeb2c0e6837ccad10983d7a7e54,COMPLETED,SCORED,27.785452249925584,0.2560534993677908,0.32434251107497336,0.0845,max_epochs,500,21,501,501,501,23.551409419160336,0.047008801235848975,,[],True
lfr_n5000_o40_m50_s12__nocd_pairdot_bmm500__s74,lfr_n5000_o40_m50_s12,5000,74,nocd_pairdot_bmm500,147,e99f0edf243a838339fcd4311cf738a18c8a2aeb2c0e6837ccad10983d7a7e54,COMPLETED,SCORED,29.120269999839365,0.2556721620522351,0.32314950016848254,0.0805,max_epochs,500,21,501,501,501,24.757801694329828,0.049416769848961734,,[],True
lfr_n5000_o40_m50_s12__nocd_pairdot_csr500__s74,lfr_n5000_o40_m50_s12,5000,74,nocd_pairdot_csr500,147,e99f0edf243a838339fcd4311cf738a18c8a2aeb2c0e6837ccad10983d7a7e54,COMPLETED,SCORED,22.592017584014684,0.25242142324115946,0.3221461443484117,0.0735,max_epochs,500,21,501,501,501,18.366504575591534,0.03665968977163979,,[],True
lfr_n5000_o40_m50_s12__nocd_pairdot_elementwise1000__s74,lfr_n5000_o40_m50_s12,5000,74,nocd_pairdot_elementwise1000,147,e99f0edf243a838339fcd4311cf738a18c8a2aeb2c0e6837ccad10983d7a7e54,COMPLETED,SCORED,52.98533079214394,0.2525738819957478,0.325894118311769,0.0785,max_epochs,1000,41,1001,1001,1001,46.502729618921876,0.0464562733455763,,[],True
lfr_n5000_o40_m50_s12__nocd_pairdot_elementwise500__s75,lfr_n5000_o40_m50_s12,5000,75,nocd_pairdot_elementwise500,147,e99f0edf243a838339fcd4311cf738a18c8a2aeb2c0e6837ccad10983d7a7e54,COMPLETED,SCORED,28.495178957935423,0.24727715033234862,0.3127212389380531,0.063,max_epochs,500,21,501,501,501,23.966251124162227,0.04783682859114217,,[],True
lfr_n5000_o40_m50_s12__nocd_pairdot_bmm500__s75,lfr_n5000_o40_m50_s12,5000,75,nocd_pairdot_bmm500,147,e99f0edf243a838339fcd4311cf738a18c8a2aeb2c0e6837ccad10983d7a7e54,COMPLETED,SCORED,29.807087374851108,0.24371430161527208,0.3094533474789212,0.066,max_epochs,500,21,501,501,501,25.248597027733922,0.05039640125296192,,[],True
lfr_n5000_o40_m50_s12__nocd_pairdot_csr500__s75,lfr_n5000_o40_m50_s12,5000,75,nocd_pairdot_csr500,147,e99f0edf243a838339fcd4311cf738a18c8a2aeb2c0e6837ccad10983d7a7e54,COMPLETED,SCORED,22.758012999780476,0.24497051925139152,0.3103352421193084,0.0675,max_epochs,500,21,501,501,501,18.558577777352184,0.037043069415872626,,[],True
lfr_n5000_o40_m50_s12__nocd_pairdot_elementwise1000__s75,lfr_n5000_o40_m50_s12,5000,75,nocd_pairdot_elementwise1000,147,e99f0edf243a838339fcd4311cf738a18c8a2aeb2c0e6837ccad10983d7a7e54,COMPLETED,SCORED,54.32377683324739,0.24693132246340924,0.3114328341714096,0.0705,max_epochs,1000,41,1001,1001,1001,47.623262205161154,0.04757568651864251,,[],True
