pair,n,seed,planned,paired_completed_scored,candidate_only_incomplete,median_saving,mean_delta_macro,mean_delta_micro,material_regression_count,at_least_two_loss_count,complete_denominator
BMM_vs_elementwise,1000,73,12,12,0,-0.03504773415220119,0.012468180664311898,0.010377014356058681,0,1,True
BMM_vs_elementwise,1000,74,12,12,0,-0.0318345881720935,-0.006896526100737895,-0.004839251031356924,2,6,True
BMM_vs_elementwise,1000,75,12,12,0,-0.02172693063677933,-0.008885223810105675,-0.007138110519989156,2,4,True
BMM_vs_elementwise,5000,73,12,12,0,-0.037270182670656515,-0.0032270317633478715,-0.0013740728742439173,0,5,True
BMM_vs_elementwise,5000,74,12,12,0,-0.04497735957353943,0.004548028151754579,0.005038153747671734,0,3,True
BMM_vs_elementwise,5000,75,12,12,0,-0.04205538796924757,0.0017261618599522129,0.0011170864516133565,0,3,True
CSR_vs_elementwise,1000,73,12,12,0,-0.07944811051009171,0.006846404141551003,0.00482628840200668,1,3,True
CSR_vs_elementwise,1000,74,12,12,0,-0.07458491307451698,-0.0008321451337099661,-0.000769977614032108,2,5,True
CSR_vs_elementwise,1000,75,12,12,0,-0.0731637911208931,-0.010814400079310291,-0.009705203875557464,2,6,True
CSR_vs_elementwise,5000,73,12,12,0,0.18476592067712594,-0.002898700768489741,-0.0006232252934480348,0,8,True
CSR_vs_elementwise,5000,74,12,12,0,0.17148023336095292,-0.0013802995029572028,-0.0006952624723314584,0,3,True
CSR_vs_elementwise,5000,75,12,12,0,0.17453140487891394,-0.004172284198551271,-0.0024543869906764834,0,4,True
CSR_vs_BMM,1000,73,12,12,0,-0.062234060203749775,-0.005621776522760895,-0.005550725954052001,3,4,True
CSR_vs_BMM,1000,74,12,12,0,-0.048053686400500784,0.0060643809670279285,0.004069273417324816,0,3,True
CSR_vs_BMM,1000,75,12,12,0,-0.07247376359661128,-0.001929176269204617,-0.002567093355568308,1,5,True
CSR_vs_BMM,5000,73,12,12,0,0.22026600137747104,0.00032833099485813044,0.0007508475807958825,0,4,True
CSR_vs_BMM,5000,74,12,12,0,0.214058313703674,-0.005928327654711782,-0.005733416220003192,1,5,True
CSR_vs_BMM,5000,75,12,12,0,0.2054991478647205,-0.005898446058503484,-0.00357147344228984,0,5,True
cap1000_vs_500,1000,73,12,12,0,-0.22290439203471457,0.0001093538443470617,0.0010191188213129847,0,0,True
cap1000_vs_500,1000,74,12,12,0,-0.39772949828612714,2.843567572635708e-05,0.0004468774379618364,0,1,True
cap1000_vs_500,1000,75,12,12,0,-0.19244888134677984,-1.4194965911179525e-05,-0.0001666262591183687,0,1,True
cap1000_vs_500,5000,73,12,12,0,-0.8046212133171357,-0.003090306565111778,0.006077693436092398,0,3,True
cap1000_vs_500,5000,74,12,12,0,-0.8926143393817385,0.003084816690940818,0.007117698537966548,0,2,True
cap1000_vs_500,5000,75,12,12,0,-0.8816637325044582,0.0003152850015115764,0.005580437379903477,0,0,True
