pair,case_id,n,seed,reference_method,compared_method,reference_status,compared_status,reference_metric_status,compared_metric_status,reference_seconds,compared_seconds,paired_valid,candidate_only_incomplete,saving,reference_termination,reference_last_check_epoch,reference_train_updates_lower,reference_train_updates_upper,reference_train_updates_exact,reference_forward_loss_backward_seconds,reference_forward_backward_seconds_per_exact_update,compared_termination,compared_last_check_epoch,compared_train_updates_lower,compared_train_updates_upper,compared_train_updates_exact,compared_forward_loss_backward_seconds,compared_forward_backward_seconds_per_exact_update,update_delta_lower,update_delta_upper,update_delta_exact,update_count_relation,delta_matched_macro_f1,delta_matched_membership_micro_f1,delta_at_least_two_correct_recall,material_macro_or_micro_regression,at_least_two_loss
BMM_vs_elementwise,lfr_n1000_o00_m20_s11,1000,73,nocd_pairdot_elementwise500,nocd_pairdot_bmm500,COMPLETED,COMPLETED,SCORED,SCORED,5.833312625065446,5.555343374609947,True,False,0.0476520406708667,max_epochs,500,501,501,501,3.0993186901323497,0.006186264850563572,max_epochs,500,501,501,501,3.1797544681467116,0.006346815305682059,0,0,0,same_count_not_identical_trajectory,0.000956937799043156,0.0014107854717436696,,False,False
CSR_vs_elementwise,lfr_n1000_o00_m20_s11,1000,73,nocd_pairdot_elementwise500,nocd_pairdot_csr500,COMPLETED,COMPLETED,SCORED,SCORED,5.833312625065446,6.252390875015408,True,False,-0.07184224074485646,max_epochs,500,501,501,501,3.0993186901323497,0.006186264850563572,max_epochs,500,501,501,501,3.860311613418162,0.007705212801233856,0,0,0,same_count_not_identical_trajectory,0.0050849047753073195,0.007638604092385037,,False,False
BMM_vs_elementwise,lfr_n1000_o00_m20_s11,1000,74,nocd_pairdot_elementwise500,nocd_pairdot_bmm500,COMPLETED,COMPLETED,SCORED,SCORED,5.6242874171584845,5.674235332757235,True,False,-0.008880754466133789,max_epochs,500,501,501,501,3.093443141784519,0.006174537209150737,max_epochs,500,501,501,501,3.2538984902203083,0.006494807365709198,0,0,0,same_count_not_identical_trajectory,0.054332277532814555,0.028621781913954147,,False,False
CSR_vs_elementwise,lfr_n1000_o00_m20_s11,1000,74,nocd_pairdot_elementwise500,nocd_pairdot_csr500,COMPLETED,COMPLETED,SCORED,SCORED,5.6242874171584845,6.208574832882732,True,False,-0.10388647883493873,max_epochs,500,501,501,501,3.093443141784519,0.006174537209150737,max_epochs,500,501,501,501,3.8443152336403728,0.007673283899481782,0,0,0,same_count_not_identical_trajectory,0.06083390293916613,0.035573122529644285,,False,False
BMM_vs_elementwise,lfr_n1000_o00_m20_s11,1000,75,nocd_pairdot_elementwise500,nocd_pairdot_bmm500,COMPLETED,COMPLETED,SCORED,SCORED,5.826853916049004,5.753146834205836,True,False,0.012649550324258962,max_epochs,500,501,501,501,3.16695157578215,0.0063212606303036925,max_epochs,500,501,501,501,3.267409867141396,0.006521776181918954,0,0,0,same_count_not_identical_trajectory,-0.027061581078201558,-0.019607843137254943,,False,False
CSR_vs_elementwise,lfr_n1000_o00_m20_s11,1000,75,nocd_pairdot_elementwise500,nocd_pairdot_csr500,COMPLETED,COMPLETED,SCORED,SCORED,5.826853916049004,6.313916832674295,True,False,-0.08358934746652302,max_epochs,500,501,501,501,3.16695157578215,0.0063212606303036925,max_epochs,500,501,501,501,3.912460214458406,0.007809301825266279,0,0,0,same_count_not_identical_trajectory,-0.024291497975708398,-0.017681728880157177,,False,False
BMM_vs_elementwise,lfr_n1000_o00_m20_s12,1000,73,nocd_pairdot_elementwise500,nocd_pairdot_bmm500,COMPLETED,COMPLETED,SCORED,SCORED,5.401352291926742,5.921458332799375,True,False,-0.09629181967079292,max_epochs,500,501,501,501,2.9384306017309427,0.005865130941578728,max_epochs,500,501,501,501,3.184792873915285,0.006356872003822924,0,0,0,same_count_not_identical_trajectory,0.013461215668112203,0.0043268559806449725,,False,False
CSR_vs_elementwise,lfr_n1000_o00_m20_s12,1000,73,nocd_pairdot_elementwise500,nocd_pairdot_csr500,COMPLETED,COMPLETED,SCORED,SCORED,5.401352291926742,6.380571708083153,True,False,-0.18129152908985868,max_epochs,500,501,501,501,2.9384306017309427,0.005865130941578728,max_epochs,500,501,501,501,3.797870445996523,0.00758057973252799,0,0,0,same_count_not_identical_trajectory,-0.0014873013563541093,-0.00847663502750351,,False,False
BMM_vs_elementwise,lfr_n1000_o00_m20_s12,1000,74,nocd_pairdot_elementwise500,nocd_pairdot_bmm500,COMPLETED,COMPLETED,SCORED,SCORED,5.712589375209063,5.718356290832162,True,False,-0.0010095099164881827,max_epochs,500,501,501,501,2.9850356113165617,0.005958154912807509,max_epochs,500,501,501,501,3.137241408228874,0.006261958898660428,0,0,0,same_count_not_identical_trajectory,0.0,-0.001388780962092162,,False,False
CSR_vs_elementwise,lfr_n1000_o00_m20_s12,1000,74,nocd_pairdot_elementwise500,nocd_pairdot_csr500,COMPLETED,COMPLETED,SCORED,SCORED,5.712589375209063,6.488354500383139,True,False,-0.1357992101691512,max_epochs,500,501,501,501,2.9850356113165617,0.005958154912807509,max_epochs,500,501,501,501,3.793232307769358,0.007571321971595525,0,0,0,same_count_not_identical_trajectory,0.07172995780590719,0.048222113979542125,,False,False
BMM_vs_elementwise,lfr_n1000_o00_m20_s12,1000,75,nocd_pairdot_elementwise500,nocd_pairdot_bmm500,COMPLETED,COMPLETED,SCORED,SCORED,5.32176575018093,5.700910292100161,True,False,-0.07124412454763562,max_epochs,500,501,501,501,2.9510366562753916,0.00589029272709659,max_epochs,500,501,501,501,3.184161728248,0.006355612232031936,0,0,0,same_count_not_identical_trajectory,0.0,0.0,,False,False
CSR_vs_elementwise,lfr_n1000_o00_m20_s12,1000,75,nocd_pairdot_elementwise500,nocd_pairdot_csr500,COMPLETED,COMPLETED,SCORED,SCORED,5.32176575018093,6.254778083879501,True,False,-0.17532006809334844,max_epochs,500,501,501,501,2.9510366562753916,0.00589029272709659,max_epochs,500,501,501,501,3.8358110985718668,0.007656309577987758,0,0,0,same_count_not_identical_trajectory,-0.00030358227079529954,-0.0004997501249375258,,False,False
BMM_vs_elementwise,lfr_n1000_o00_m50_s11,1000,73,nocd_pairdot_elementwise500,nocd_pairdot_bmm500,COMPLETED,COMPLETED,SCORED,SCORED,5.788233415689319,5.664536290802062,True,False,0.021370445177965713,max_epochs,500,501,501,501,3.1107158293016255,0.0062090136313405694,max_epochs,500,501,501,501,3.2963443170301616,0.006579529574910503,0,0,0,same_count_not_identical_trajectory,-0.001579719865458018,-0.002166356227819244,,False,False
CSR_vs_elementwise,lfr_n1000_o00_m50_s11,1000,73,nocd_pairdot_elementwise500,nocd_pairdot_csr500,COMPLETED,COMPLETED,SCORED,SCORED,5.788233415689319,6.2097310409881175,True,False,-0.07281973531964114,max_epochs,500,501,501,501,3.1107158293016255,0.0062090136313405694,max_epochs,500,501,501,501,3.8534501125104725,0.007691517190639666,0,0,0,same_count_not_identical_trajectory,0.0021034327172030354,-0.00043407845794496414,,False,False
BMM_vs_elementwise,lfr_n1000_o00_m50_s11,1000,74,nocd_pairdot_elementwise500,nocd_pairdot_bmm500,COMPLETED,COMPLETED,SCORED,SCORED,5.505985583178699,5.654288584366441,True,False,-0.026934869143286688,max_epochs,500,501,501,501,3.1128159421496093,0.006213205473352514,training_loss_patience,500,500,500,500,3.278738609980792,0.006557477219961584,-1,-1,-1,different_count,-0.07747692565529896,-0.058544893111243224,,True,False
CSR_vs_elementwise,lfr_n1000_o00_m50_s11,1000,74,nocd_pairdot_elementwise500,nocd_pairdot_csr500,COMPLETED,COMPLETED,SCORED,SCORED,5.505985583178699,6.3243575831875205,True,False,-0.1486331534374199,max_epochs,500,501,501,501,3.1128159421496093,0.006213205473352514,max_epochs,500,501,501,501,3.8840780230239034,0.00775265074455869,0,0,0,same_count_not_identical_trajectory,-0.06996679420999696,-0.05138763985888406,,True,False
BMM_vs_elementwise,lfr_n1000_o00_m50_s11,1000,75,nocd_pairdot_elementwise500,nocd_pairdot_bmm500,COMPLETED,COMPLETED,SCORED,SCORED,5.5312606249935925,5.666419334243983,True,False,-0.024435425920749765,max_epochs,500,501,501,501,3.116282796487212,0.006220125342289845,max_epochs,500,501,501,501,3.293551686219871,0.006573955461516709,0,0,0,same_count_not_identical_trajectory,-0.0002885845442601731,0.0008502389171357594,,False,False
CSR_vs_elementwise,lfr_n1000_o00_m50_s11,1000,75,nocd_pairdot_elementwise500,nocd_pairdot_csr500,COMPLETED,COMPLETED,SCORED,SCORED,5.5312606249935925,6.290397792123258,True,False,-0.1372448739261034,max_epochs,500,501,501,501,3.116282796487212,0.006220125342289845,max_epochs,500,501,501,501,3.912586315535009,0.007809553524021974,0,0,0,same_count_not_identical_trajectory,0.006427606425652654,0.0072773816836864125,,False,False
BMM_vs_elementwise,lfr_n1000_o00_m50_s12,1000,73,nocd_pairdot_elementwise500,nocd_pairdot_bmm500,COMPLETED,COMPLETED,SCORED,SCORED,5.363302458077669,5.416042834054679,True,False,-0.009833563627868358,max_epochs,500,501,501,501,2.9843058064579964,0.005956698216483027,max_epochs,500,501,501,501,3.1013051881454885,0.006190229916458061,0,0,0,same_count_not_identical_trajectory,0.008501366937491706,0.006833471711135464,,False,False
CSR_vs_elementwise,lfr_n1000_o00_m50_s12,1000,73,nocd_pairdot_elementwise500,nocd_pairdot_csr500,COMPLETED,COMPLETED,SCORED,SCORED,5.363302458077669,6.064606000203639,True,False,-0.13075964811004392,max_epochs,500,501,501,501,2.9843058064579964,0.005956698216483027,max_epochs,500,501,501,501,3.746773063670844,0.007478588949442802,0,0,0,same_count_not_identical_trajectory,0.007312552688710672,0.00855771666427052,,False,False
BMM_vs_elementwise,lfr_n1000_o00_m50_s12,1000,74,nocd_pairdot_elementwise500,nocd_pairdot_bmm500,COMPLETED,COMPLETED,SCORED,SCORED,4.800740999635309,5.549007541965693,True,False,-0.15586480136862768,training_loss_patience,475,475,475,475,2.5336184217594564,0.005333933519493592,max_epochs,500,501,501,501,3.1869851844385266,0.006361247873130792,26,26,26,different_count,0.018339302996851048,0.011031904644506318,,False,False
CSR_vs_elementwise,lfr_n1000_o00_m50_s12,1000,74,nocd_pairdot_elementwise500,nocd_pairdot_csr500,COMPLETED,COMPLETED,SCORED,SCORED,4.800740999635309,6.142836750019342,True,False,-0.2795601242570649,training_loss_patience,475,475,475,475,2.5336184217594564,0.005333933519493592,max_epochs,500,501,501,501,3.7943795234896243,0.007573611823332584,26,26,26,different_count,0.008108560913533402,0.01174804649240424,,False,False
BMM_vs_elementwise,lfr_n1000_o00_m50_s12,1000,75,nocd_pairdot_elementwise500,nocd_pairdot_bmm500,COMPLETED,COMPLETED,SCORED,SCORED,5.415520084090531,5.476737875025719,True,False,-0.011304138842552103,max_epochs,500,501,501,501,3.0318657718598843,0.006051628287145477,max_epochs,500,501,501,501,3.1191334784962237,0.006225815326339768,0,0,0,same_count_not_identical_trajectory,-0.0024983507322328125,-0.0011326145806966892,,False,False
CSR_vs_elementwise,lfr_n1000_o00_m50_s12,1000,75,nocd_pairdot_elementwise500,nocd_pairdot_csr500,COMPLETED,COMPLETED,SCORED,SCORED,5.415520084090531,6.170480667147785,True,False,-0.13940684760363897,max_epochs,500,501,501,501,3.0318657718598843,0.006051628287145477,max_epochs,500,501,501,501,3.7823758283630013,0.007549652352021959,0,0,0,same_count_not_identical_trajectory,-0.004441069714330448,-0.0011326145806966892,,False,False
BMM_vs_elementwise,lfr_n1000_o20_m20_s11,1000,73,nocd_pairdot_elementwise500,nocd_pairdot_bmm500,COMPLETED,COMPLETED,SCORED,SCORED,5.881723208818585,6.0643543330952525,True,False,-0.031050615235148404,max_epochs,500,501,501,501,3.4725350360386074,0.006931207656763688,max_epochs,500,501,501,501,3.6868906072340906,0.007359063088291598,0,0,0,same_count_not_identical_trajectory,0.0005499371813878495,0.010033016921172089,0.0050000000000000044,False,False
CSR_vs_elementwise,lfr_n1000_o20_m20_s11,1000,73,nocd_pairdot_elementwise500,nocd_pairdot_csr500,COMPLETED,COMPLETED,SCORED,SCORED,5.881723208818585,6.158528834115714,True,False,-0.04706199449884152,max_epochs,500,501,501,501,3.4725350360386074,0.006931207656763688,max_epochs,500,501,501,501,3.797737971879542,0.007580315313132818,0,0,0,same_count_not_identical_trajectory,0.0011915226858357775,0.0068379961742841555,0.010000000000000009,False,False
BMM_vs_elementwise,lfr_n1000_o20_m20_s11,1000,74,nocd_pairdot_elementwise500,nocd_pairdot_bmm500,COMPLETED,COMPLETED,SCORED,SCORED,5.860335709061474,6.250664500053972,True,False,-0.06660519300779266,max_epochs,500,501,501,501,3.4708231850527227,0.006927790788528389,max_epochs,500,501,501,501,3.7564311414025724,0.007497866549705733,0,0,0,same_count_not_identical_trajectory,-0.0009516836804556172,-0.0012508679811924495,-0.0050000000000000044,False,True
CSR_vs_elementwise,lfr_n1000_o20_m20_s11,1000,74,nocd_pairdot_elementwise500,nocd_pairdot_csr500,COMPLETED,COMPLETED,SCORED,SCORED,5.860335709061474,6.194419167004526,True,False,-0.05700756313780442,max_epochs,500,501,501,501,3.4708231850527227,0.006927790788528389,max_epochs,500,501,501,501,3.806815445423126,0.007598434022800651,0,0,0,same_count_not_identical_trajectory,-0.0037728784747775856,-0.001663884251530301,0.0,False,False
BMM_vs_elementwise,lfr_n1000_o20_m20_s11,1000,75,nocd_pairdot_elementwise500,nocd_pairdot_bmm500,COMPLETED,COMPLETED,SCORED,SCORED,5.797940083313733,6.136212124954909,True,False,-0.05834348695922387,max_epochs,500,501,501,501,3.4058978841640055,0.006798199369588833,max_epochs,500,501,501,501,3.748359545599669,0.00748175558003926,0,0,0,same_count_not_identical_trajectory,-0.0002514548733174582,-0.0004147526689264325,0.0050000000000000044,False,False
CSR_vs_elementwise,lfr_n1000_o20_m20_s11,1000,75,nocd_pairdot_elementwise500,nocd_pairdot_csr500,COMPLETED,COMPLETED,SCORED,SCORED,5.797940083313733,6.159955707844347,True,False,-0.06243866258164377,max_epochs,500,501,501,501,3.4058978841640055,0.006798199369588833,max_epochs,500,501,501,501,3.7807820211164653,0.007546471100032865,0,0,0,same_count_not_identical_trajectory,0.0008111603843310444,0.0012526087316571122,0.015000000000000013,False,False
BMM_vs_elementwise,lfr_n1000_o20_m20_s12,1000,73,nocd_pairdot_elementwise500,nocd_pairdot_bmm500,COMPLETED,COMPLETED,SCORED,SCORED,5.777043959125876,6.002607791684568,True,False,-0.03904485306925398,max_epochs,500,501,501,501,3.4091431801207364,0.006804677006229015,max_epochs,500,501,501,501,3.5977843259461224,0.007181206239413418,0,0,0,same_count_not_identical_trajectory,0.001093318987816616,0.0004881200347288672,0.010000000000000009,False,False
CSR_vs_elementwise,lfr_n1000_o20_m20_s12,1000,73,nocd_pairdot_elementwise500,nocd_pairdot_csr500,COMPLETED,COMPLETED,SCORED,SCORED,5.777043959125876,6.572982625104487,True,False,-0.1377761138066611,max_epochs,500,501,501,501,3.4091431801207364,0.006804677006229015,max_epochs,500,501,501,501,3.8583535705693066,0.007701304532074464,0,0,0,same_count_not_identical_trajectory,-0.05285186403604414,-0.024346696964778425,-0.050000000000000044,True,True
BMM_vs_elementwise,lfr_n1000_o20_m20_s12,1000,74,nocd_pairdot_elementwise500,nocd_pairdot_bmm500,COMPLETED,COMPLETED,SCORED,SCORED,5.886380250100046,6.065078165847808,True,False,-0.030357861394483487,max_epochs,500,501,501,501,3.4816262922249734,0.006949353876696554,max_epochs,500,501,501,501,3.688945783767849,0.007363165237061575,0,0,0,same_count_not_identical_trajectory,0.0007161344111416001,0.010362609433905656,0.0,False,False
CSR_vs_elementwise,lfr_n1000_o20_m20_s12,1000,74,nocd_pairdot_elementwise500,nocd_pairdot_csr500,COMPLETED,COMPLETED,SCORED,SCORED,5.886380250100046,6.428882374893874,True,False,-0.09216226301122954,max_epochs,500,501,501,501,3.4816262922249734,0.006949353876696554,max_epochs,500,501,501,501,3.880759635940194,0.007746027217445497,0,0,0,same_count_not_identical_trajectory,-0.0004727267102293542,0.007150358878362351,0.0,False,False
BMM_vs_elementwise,lfr_n1000_o20_m20_s12,1000,75,nocd_pairdot_elementwise500,nocd_pairdot_bmm500,COMPLETED,COMPLETED,SCORED,SCORED,5.844878667034209,5.990175666753203,True,False,-0.024858856444443633,max_epochs,500,501,501,501,3.4408858232200146,0.00686803557528945,max_epochs,500,501,501,501,3.621996821369976,0.007229534573592766,0,0,0,same_count_not_identical_trajectory,0.019777400693832048,0.0038527418146481196,0.0,False,False
CSR_vs_elementwise,lfr_n1000_o20_m20_s12,1000,75,nocd_pairdot_elementwise500,nocd_pairdot_csr500,COMPLETED,COMPLETED,SCORED,SCORED,5.844878667034209,6.425143708940595,True,False,-0.09927751711582111,max_epochs,500,501,501,501,3.4408858232200146,0.00686803557528945,max_epochs,500,501,501,501,3.896920401137322,0.00777828423380703,0,0,0,same_count_not_identical_trajectory,-0.0009467879199174245,-0.012361949738181388,-0.015000000000000013,False,True
BMM_vs_elementwise,lfr_n1000_o20_m50_s11,1000,73,nocd_pairdot_elementwise500,nocd_pairdot_bmm500,COMPLETED,COMPLETED,SCORED,SCORED,5.477471041958779,6.089287624694407,True,False,-0.11169690867353976,training_loss_patience,450,450,450,450,3.0439803660847247,0.006764400813521611,max_epochs,500,501,501,501,3.690487646497786,0.00736624280738081,51,51,51,different_count,0.07008030147928879,0.062294286303892,0.04500000000000004,False,False
CSR_vs_elementwise,lfr_n1000_o20_m50_s11,1000,73,nocd_pairdot_elementwise500,nocd_pairdot_csr500,COMPLETED,COMPLETED,SCORED,SCORED,5.477471041958779,5.948952499777079,True,False,-0.08607648570054227,training_loss_patience,450,450,450,450,3.0439803660847247,0.006764400813521611,training_loss_patience,475,475,475,475,3.5948725594207644,0.0075681527566752935,25,25,25,different_count,0.015619624797200027,0.01587419252356248,0.020000000000000018,False,False
BMM_vs_elementwise,lfr_n1000_o20_m50_s11,1000,74,nocd_pairdot_elementwise500,nocd_pairdot_bmm500,COMPLETED,COMPLETED,SCORED,SCORED,6.051543083973229,5.605111250188202,True,False,0.07377156992690792,max_epochs,500,501,501,501,3.4778731064870954,0.006941862487998194,training_loss_patience,450,450,450,450,3.319901865441352,0.007377559700980783,-51,-51,-51,different_count,-0.014525871343244567,-0.01665247486678023,0.010000000000000009,False,False
CSR_vs_elementwise,lfr_n1000_o20_m50_s11,1000,74,nocd_pairdot_elementwise500,nocd_pairdot_csr500,COMPLETED,COMPLETED,SCORED,SCORED,6.051543083973229,6.156635375227779,True,False,-0.017366197314677256,max_epochs,500,501,501,501,3.4778731064870954,0.006941862487998194,training_loss_patience,500,500,500,500,3.7982435636222363,0.007596487127244473,-1,-1,-1,different_count,0.004135843851829302,0.0031854276322705877,0.020000000000000018,False,False
BMM_vs_elementwise,lfr_n1000_o20_m50_s11,1000,75,nocd_pairdot_elementwise500,nocd_pairdot_bmm500,COMPLETED,COMPLETED,SCORED,SCORED,5.861264958046377,6.0353361251764,True,False,-0.029698566499891443,max_epochs,500,501,501,501,3.4800352710299194,0.006946178185688462,training_loss_patience,500,500,500,500,3.667848692741245,0.00733569738548249,-1,-1,-1,different_count,-0.05567914125510964,-0.04632960979870637,-0.10999999999999999,True,True
CSR_vs_elementwise,lfr_n1000_o20_m50_s11,1000,75,nocd_pairdot_elementwise500,nocd_pairdot_csr500,COMPLETED,COMPLETED,SCORED,SCORED,5.861264958046377,6.228990375064313,True,False,-0.06273823477526319,max_epochs,500,501,501,501,3.4800352710299194,0.006946178185688462,training_loss_patience,500,500,500,500,3.8530289619229734,0.0077060579238459465,-1,-1,-1,different_count,-0.06683870649167578,-0.06019148795025475,-0.125,True,True
BMM_vs_elementwise,lfr_n1000_o20_m50_s12,1000,73,nocd_pairdot_elementwise500,nocd_pairdot_bmm500,COMPLETED,COMPLETED,SCORED,SCORED,5.863878624979407,5.849963000044227,True,False,0.0023731093061682973,training_loss_patience,500,500,500,500,3.4785108091309667,0.006957021618261934,training_loss_patience,500,500,500,500,3.527774562127888,0.007055549124255776,0,0,0,same_count_not_identical_trajectory,0.009478463836910755,0.009578982951106152,0.025000000000000022,False,False
CSR_vs_elementwise,lfr_n1000_o20_m50_s12,1000,73,nocd_pairdot_elementwise500,nocd_pairdot_csr500,COMPLETED,COMPLETED,SCORED,SCORED,5.863878624979407,6.708597375079989,True,False,-0.14405461028851851,training_loss_patience,500,500,500,500,3.4785108091309667,0.006957021618261934,training_loss_patience,500,500,500,500,3.7091061798855662,0.007418212359771133,0,0,0,same_count_not_identical_trajectory,0.010962167739666517,0.010951097141876587,0.015000000000000013,False,False
BMM_vs_elementwise,lfr_n1000_o20_m50_s12,1000,74,nocd_pairdot_elementwise500,nocd_pairdot_bmm500,COMPLETED,COMPLETED,SCORED,SCORED,5.833772291895002,5.759678792208433,True,False,0.012700787068687713,training_loss_patience,500,500,500,500,3.4694222267717123,0.006938844453543425,training_loss_patience,475,475,475,475,3.450425072107464,0.0072640527833841345,-25,-25,-25,different_count,-0.007253257486766085,-0.013056255320778809,-0.0050000000000000044,False,True
CSR_vs_elementwise,lfr_n1000_o20_m50_s12,1000,74,nocd_pairdot_elementwise500,nocd_pairdot_csr500,COMPLETED,COMPLETED,SCORED,SCORED,5.833772291895002,5.967741082888097,True,False,-0.02296435038769351,training_loss_patience,500,500,500,500,3.4694222267717123,0.006938844453543425,training_loss_patience,475,475,475,475,3.6661611925810575,0.007718234089644332,-25,-25,-25,different_count,-0.012662596535378934,-0.01721119122600101,-0.025000000000000022,False,True
BMM_vs_elementwise,lfr_n1000_o20_m50_s12,1000,75,nocd_pairdot_elementwise500,nocd_pairdot_bmm500,COMPLETED,COMPLETED,SCORED,SCORED,6.143349958118051,6.004487457685173,True,False,0.02260370992692362,training_loss_patience,500,500,500,500,3.5259722876362503,0.007051944575272501,training_loss_patience,500,500,500,500,3.628158803563565,0.00725631760712713,0,0,0,same_count_not_identical_trajectory,-0.0005460730438608952,0.0006924786126951687,-0.010000000000000009,False,True
CSR_vs_elementwise,lfr_n1000_o20_m50_s12,1000,75,nocd_pairdot_elementwise500,nocd_pairdot_csr500,COMPLETED,COMPLETED,SCORED,SCORED,6.143349958118051,6.481709458865225,True,False,-0.05507736056938328,training_loss_patience,500,500,500,500,3.5259722876362503,0.007051944575272501,training_loss_patience,500,500,500,500,3.865161939058453,0.0077303238781169055,0,0,0,same_count_not_identical_trajectory,0.004161185761917929,0.0030734195114865415,-0.010000000000000009,False,True
BMM_vs_elementwise,lfr_n1000_o40_m20_s11,1000,73,nocd_pairdot_elementwise500,nocd_pairdot_bmm500,COMPLETED,COMPLETED,SCORED,SCORED,6.070623291190714,6.333965125028044,True,False,-0.04337970274312264,max_epochs,500,501,501,501,3.697670158930123,0.007380579159541163,max_epochs,500,501,501,501,3.930738360155374,0.007845785150010727,0,0,0,same_count_not_identical_trajectory,0.0003700666420271004,0.0018811661587244677,0.012499999999999956,False,False
CSR_vs_elementwise,lfr_n1000_o40_m20_s11,1000,73,nocd_pairdot_elementwise500,nocd_pairdot_csr500,COMPLETED,COMPLETED,SCORED,SCORED,6.070623291190714,6.63124524988234,True,False,-0.09234998315661658,max_epochs,500,501,501,501,3.697670158930123,0.007380579159541163,max_epochs,500,501,501,501,3.869864664040506,0.007724280766547916,0,0,0,same_count_not_identical_trajectory,0.09707743234679234,0.04374827816716598,0.0675,False,False
BMM_vs_elementwise,lfr_n1000_o40_m20_s11,1000,74,nocd_pairdot_elementwise500,nocd_pairdot_bmm500,COMPLETED,COMPLETED,SCORED,SCORED,6.083963790908456,6.28662862489,True,False,-0.03331131494970352,max_epochs,500,501,501,501,3.659191156271845,0.007303774763017655,max_epochs,500,501,501,501,3.887441609054804,0.007759364489131345,0,0,0,same_count_not_identical_trajectory,-0.046715046812009,-0.022917386387459326,-0.04249999999999998,True,True
CSR_vs_elementwise,lfr_n1000_o40_m20_s11,1000,74,nocd_pairdot_elementwise500,nocd_pairdot_csr500,COMPLETED,COMPLETED,SCORED,SCORED,6.083963790908456,6.335196333006024,True,False,-0.04129422046741915,max_epochs,500,501,501,501,3.659191156271845,0.007303774763017655,max_epochs,500,501,501,501,3.93390093697235,0.007852097678587525,0,0,0,same_count_not_identical_trajectory,-0.0484735576003823,-0.02587202842177605,-0.04249999999999998,True,True
BMM_vs_elementwise,lfr_n1000_o40_m20_s11,1000,75,nocd_pairdot_elementwise500,nocd_pairdot_bmm500,COMPLETED,COMPLETED,SCORED,SCORED,6.1229975419119,6.23944737482816,True,False,-0.019018435352808893,max_epochs,500,501,501,501,3.7062948159873486,0.007397794043886924,max_epochs,500,501,501,501,3.8583675008267164,0.007701332336979474,0,0,0,same_count_not_identical_trajectory,0.0001986219361779229,3.3258225174970235e-06,0.0024999999999999467,False,False
CSR_vs_elementwise,lfr_n1000_o40_m20_s11,1000,75,nocd_pairdot_elementwise500,nocd_pairdot_csr500,COMPLETED,COMPLETED,SCORED,SCORED,6.1229975419119,6.690771291963756,True,False,-0.09272807087793944,max_epochs,500,501,501,501,3.7062948159873486,0.007397794043886924,max_epochs,500,501,501,501,3.9426777036860585,0.007869616175022073,0,0,0,same_count_not_identical_trajectory,-0.0010933466386424673,-0.0014267778599995617,-0.0025000000000000577,False,True
BMM_vs_elementwise,lfr_n1000_o40_m20_s12,1000,73,nocd_pairdot_elementwise500,nocd_pairdot_bmm500,COMPLETED,COMPLETED,SCORED,SCORED,6.410395957995206,6.406466666609049,True,False,0.0006129561125247651,max_epochs,500,501,501,501,3.683270666282624,0.007351837657250747,max_epochs,500,501,501,501,3.780999989248812,0.007546906166165294,0,0,0,same_count_not_identical_trajectory,0.051037987028086484,0.03094423625414744,0.03249999999999997,False,False
CSR_vs_elementwise,lfr_n1000_o40_m20_s12,1000,73,nocd_pairdot_elementwise500,nocd_pairdot_csr500,COMPLETED,COMPLETED,SCORED,SCORED,6.410395957995206,6.184599332977086,True,False,0.035223506706555385,max_epochs,500,501,501,501,3.683270666282624,0.007351837657250747,max_epochs,500,501,501,501,3.8372637443244457,0.007659209070507876,0,0,0,same_count_not_identical_trajectory,-0.0002782297362803332,0.0006315619736984024,-0.0050000000000000044,False,True
BMM_vs_elementwise,lfr_n1000_o40_m20_s12,1000,74,nocd_pairdot_elementwise500,nocd_pairdot_bmm500,COMPLETED,COMPLETED,SCORED,SCORED,6.00641241716221,6.283334208186716,True,False,-0.04610435844086447,max_epochs,500,501,501,501,3.617799686267972,0.007221157058419106,max_epochs,500,501,501,501,3.830870705191046,0.007646448513355381,0,0,0,same_count_not_identical_trajectory,-0.0009552906031581321,0.008280788542777695,-0.0050000000000000044,False,True
CSR_vs_elementwise,lfr_n1000_o40_m20_s12,1000,74,nocd_pairdot_elementwise500,nocd_pairdot_csr500,COMPLETED,COMPLETED,SCORED,SCORED,6.00641241716221,6.255755375139415,True,False,-0.041512793438018614,max_epochs,500,501,501,501,3.617799686267972,0.007221157058419106,max_epochs,500,501,501,501,3.8824923001229763,0.007749485628987977,0,0,0,same_count_not_identical_trajectory,0.01860650316543122,0.009331133009762294,-0.0050000000000000044,False,True
BMM_vs_elementwise,lfr_n1000_o40_m20_s12,1000,75,nocd_pairdot_elementwise500,nocd_pairdot_bmm500,COMPLETED,COMPLETED,SCORED,SCORED,6.187222541309893,6.21087845787406,True,False,-0.003823349880536009,max_epochs,500,501,501,501,3.77584520354867,0.007536617172751836,max_epochs,500,501,501,501,3.838949608616531,0.007662574069094872,0,0,0,same_count_not_identical_trajectory,-0.0015989552952517805,0.010852795805648907,-0.007499999999999951,False,True
CSR_vs_elementwise,lfr_n1000_o40_m20_s12,1000,75,nocd_pairdot_elementwise500,nocd_pairdot_csr500,COMPLETED,COMPLETED,SCORED,SCORED,6.187222541309893,6.240805957932025,True,False,-0.008660334465808273,max_epochs,500,501,501,501,3.77584520354867,0.007536617172751836,max_epochs,500,501,501,501,3.8879591496661305,0.007760397504323614,0,0,0,same_count_not_identical_trajectory,0.018515698815194104,0.017609841827768036,0.007499999999999951,False,False
BMM_vs_elementwise,lfr_n1000_o40_m50_s11,1000,73,nocd_pairdot_elementwise500,nocd_pairdot_bmm500,COMPLETED,COMPLETED,SCORED,SCORED,5.760213459376246,6.024424416013062,True,False,-0.04586825792136984,training_loss_patience,475,475,475,475,3.4304942688904703,0.007222093197664148,training_loss_patience,475,475,475,475,3.6948896064423025,0.007778714960931163,0,0,0,same_count_not_identical_trajectory,-0.006034137066883161,-0.003641965753003795,0.0,False,False
CSR_vs_elementwise,lfr_n1000_o40_m50_s11,1000,73,nocd_pairdot_elementwise500,nocd_pairdot_csr500,COMPLETED,COMPLETED,SCORED,SCORED,5.760213459376246,5.944973499979824,True,False,-0.03207520726559765,training_loss_patience,475,475,475,475,3.4304942688904703,0.007222093197664148,training_loss_patience,475,475,475,475,3.641144614201039,0.0076655676088442926,0,0,0,same_count_not_identical_trajectory,-0.0053382757016808835,-0.004751410358657671,0.0,False,False
BMM_vs_elementwise,lfr_n1000_o40_m50_s11,1000,74,nocd_pairdot_elementwise500,nocd_pairdot_bmm500,COMPLETED,COMPLETED,SCORED,SCORED,6.0606907503679395,6.289297458250076,True,False,-0.03771957971428552,max_epochs,500,501,501,501,3.6739142616279423,0.0073331621988581685,max_epochs,500,501,501,501,3.8858635728247464,0.007756214716217059,0,0,0,same_count_not_identical_trajectory,-0.0030362573677436,0.0017865872772246938,-0.0050000000000000044,False,True
CSR_vs_elementwise,lfr_n1000_o40_m50_s11,1000,74,nocd_pairdot_elementwise500,nocd_pairdot_csr500,COMPLETED,COMPLETED,SCORED,SCORED,6.0606907503679395,6.260793167166412,True,False,-0.033016437406301335,max_epochs,500,501,501,501,3.6739142616279423,0.0073331621988581685,max_epochs,500,501,501,501,3.897451138589531,0.0077793435899990646,0,0,0,same_count_not_identical_trajectory,-0.008068991528582536,-0.004084854901313273,-0.007499999999999951,False,True
BMM_vs_elementwise,lfr_n1000_o40_m50_s11,1000,75,nocd_pairdot_elementwise500,nocd_pairdot_bmm500,COMPLETED,COMPLETED,SCORED,SCORED,6.07149345939979,6.105485207866877,True,False,-0.005598581089544252,max_epochs,500,501,501,501,3.6668550251051784,0.007319071906397562,training_loss_patience,475,475,475,475,3.7608059393242,0.007917486188050948,-26,-26,-26,different_count,-0.0389079506831832,-0.034005024654163996,-0.020000000000000018,True,True
CSR_vs_elementwise,lfr_n1000_o40_m50_s11,1000,75,nocd_pairdot_elementwise500,nocd_pairdot_csr500,COMPLETED,COMPLETED,SCORED,SCORED,6.07149345939979,6.0244504157453775,True,False,0.007748183205497972,max_epochs,500,501,501,501,3.6668550251051784,0.007319071906397562,training_loss_patience,475,475,475,475,3.690860095899552,0.007770231780841162,-26,-26,-26,different_count,-0.022385856702737184,-0.022737465457235206,-0.030000000000000027,False,True
BMM_vs_elementwise,lfr_n1000_o40_m50_s12,1000,73,nocd_pairdot_elementwise500,nocd_pairdot_bmm500,COMPLETED,COMPLETED,SCORED,SCORED,5.835984957870096,6.150945999659598,True,False,-0.053968789169814846,training_loss_patience,475,475,475,475,3.499942721799016,0.007368300466945297,training_loss_patience,475,475,475,475,3.510712316725403,0.00739097329836927,0,0,0,same_count_not_identical_trajectory,0.0017024293439192872,0.0025415724662321004,-0.0025000000000000022,False,True
CSR_vs_elementwise,lfr_n1000_o40_m50_s12,1000,73,nocd_pairdot_elementwise500,nocd_pairdot_csr500,COMPLETED,COMPLETED,SCORED,SCORED,5.835984957870096,6.042937416117638,True,False,-0.03546144476751212,training_loss_patience,475,475,475,475,3.499942721799016,0.007368300466945297,training_loss_patience,475,475,475,475,3.661723826546222,0.007708892266413099,0,0,0,same_count_not_identical_trajectory,0.002760882778255813,0.0016848348957215764,-0.0025000000000000022,False,True
BMM_vs_elementwise,lfr_n1000_o40_m50_s12,1000,74,nocd_pairdot_elementwise500,nocd_pairdot_bmm500,COMPLETED,COMPLETED,SCORED,SCORED,5.64572895783931,6.118944374844432,True,False,-0.08381830239087984,training_loss_patience,450,450,450,450,3.3396922848187387,0.007421538410708309,training_loss_patience,450,450,450,450,3.4613003064878285,0.007691778458861841,0,0,0,same_count_not_identical_trajectory,-0.005231695200985986,-0.004344025559105402,-0.014999999999999958,False,True
CSR_vs_elementwise,lfr_n1000_o40_m50_s12,1000,74,nocd_pairdot_elementwise500,nocd_pairdot_csr500,COMPLETED,COMPLETED,SCORED,SCORED,5.64572895783931,6.198025417048484,True,False,-0.09782553560993912,training_loss_patience,450,450,450,450,3.3396922848187387,0.007421538410708309,training_loss_patience,450,450,450,450,3.516733903437853,0.007814964229861896,0,0,0,same_count_not_identical_trajectory,-0.02998296522103916,-0.024230335230866484,-0.02749999999999997,False,True
BMM_vs_elementwise,lfr_n1000_o40_m50_s12,1000,75,nocd_pairdot_elementwise500,nocd_pairdot_bmm500,COMPLETED,COMPLETED,SCORED,SCORED,6.123676000162959,6.322103374637663,True,False,-0.03240331044121603,max_epochs,500,501,501,501,3.7245844434946775,0.007434300286416522,max_epochs,500,501,501,501,3.903939865529537,0.007792295140777519,0,0,0,same_count_not_identical_trajectory,0.00023338315413945487,-0.0004190623727668985,0.0,False,False
CSR_vs_elementwise,lfr_n1000_o40_m50_s12,1000,75,nocd_pairdot_elementwise500,nocd_pairdot_csr500,COMPLETED,COMPLETED,SCORED,SCORED,6.123676000162959,6.279327208176255,True,False,-0.02541793654810509,max_epochs,500,501,501,501,3.7245844434946775,0.007434300286416522,max_epochs,500,501,501,501,3.881407142151147,0.00774731964501227,0,0,0,same_count_not_identical_trajectory,-0.03938760462501223,-0.02964392366982538,-0.0625,True,True
BMM_vs_elementwise,lfr_n5000_o00_m20_s11,5000,73,nocd_pairdot_elementwise500,nocd_pairdot_bmm500,COMPLETED,COMPLETED,SCORED,SCORED,24.14068033406511,25.10872987518087,True,False,-0.040100342149419044,max_epochs,500,501,501,501,20.07681831717491,0.04007348965503974,max_epochs,500,501,501,501,20.970314112957567,0.041856914397120894,0,0,0,same_count_not_identical_trajectory,0.0012380043098790816,0.0026058482539751404,,False,False
CSR_vs_elementwise,lfr_n5000_o00_m20_s11,5000,73,nocd_pairdot_elementwise500,nocd_pairdot_csr500,COMPLETED,COMPLETED,SCORED,SCORED,24.14068033406511,20.66001933440566,True,False,0.14418239053303983,max_epochs,500,501,501,501,20.07681831717491,0.04007348965503974,max_epochs,500,501,501,501,16.595828775782138,0.0331254067380881,0,0,0,same_count_not_identical_trajectory,0.0019102665449982625,0.004387302933858694,,False,False
BMM_vs_elementwise,lfr_n5000_o00_m20_s11,5000,74,nocd_pairdot_elementwise500,nocd_pairdot_bmm500,COMPLETED,COMPLETED,SCORED,SCORED,24.14047220814973,22.519421792123467,True,False,0.06715073350880862,max_epochs,500,501,501,501,20.014692658558488,0.03994948634442812,max_epochs,500,501,501,501,18.617729720193893,0.03716113716605567,0,0,0,same_count_not_identical_trajectory,0.017967287414823452,-0.0008114368516929371,,False,False
CSR_vs_elementwise,lfr_n5000_o00_m20_s11,5000,74,nocd_pairdot_elementwise500,nocd_pairdot_csr500,COMPLETED,COMPLETED,SCORED,SCORED,24.14047220814973,20.51551229087636,True,False,0.15016110231885194,max_epochs,500,501,501,501,20.014692658558488,0.03994948634442812,max_epochs,500,501,501,501,16.45530423987657,0.0328449186424682,0,0,0,same_count_not_identical_trajectory,-0.009170572910856045,-0.011397285149504222,,False,False
BMM_vs_elementwise,lfr_n5000_o00_m20_s11,5000,75,nocd_pairdot_elementwise500,nocd_pairdot_bmm500,COMPLETED,COMPLETED,SCORED,SCORED,24.398341459222138,25.413884374778718,True,False,-0.041623440562707614,max_epochs,500,501,501,501,20.28904533246532,0.04049709647198667,max_epochs,500,501,501,501,21.241037488915026,0.04239728041699606,0,0,0,same_count_not_identical_trajectory,0.002571512049562852,0.005549127529648867,,False,False
CSR_vs_elementwise,lfr_n5000_o00_m20_s11,5000,75,nocd_pairdot_elementwise500,nocd_pairdot_csr500,COMPLETED,COMPLETED,SCORED,SCORED,24.398341459222138,21.186788332648575,True,False,0.13162997705975843,max_epochs,500,501,501,501,20.28904533246532,0.04049709647198667,max_epochs,500,501,501,501,17.002767969854176,0.03393766061847141,0,0,0,same_count_not_identical_trajectory,-0.0030891881287243295,0.006737170238541368,,False,False
BMM_vs_elementwise,lfr_n5000_o00_m20_s12,5000,73,nocd_pairdot_elementwise500,nocd_pairdot_bmm500,COMPLETED,COMPLETED,SCORED,SCORED,24.516227917280048,25.96037312503904,True,False,-0.0589056853538672,max_epochs,500,501,501,501,20.306510570459068,0.04053195722646521,max_epochs,500,501,501,501,21.659011249430478,0.04323155938010075,0,0,0,same_count_not_identical_trajectory,-0.0142995812982325,-0.01617459830675949,,False,False
CSR_vs_elementwise,lfr_n5000_o00_m20_s12,5000,73,nocd_pairdot_elementwise500,nocd_pairdot_csr500,COMPLETED,COMPLETED,SCORED,SCORED,24.516227917280048,20.07086725020781,True,False,0.18132319058508028,max_epochs,500,501,501,501,20.306510570459068,0.04053195722646521,max_epochs,500,501,501,501,15.92532218946144,0.031787070238445986,0,0,0,same_count_not_identical_trajectory,-0.012039741205225718,-0.0011214427330795695,,False,False
BMM_vs_elementwise,lfr_n5000_o00_m20_s12,5000,74,nocd_pairdot_elementwise500,nocd_pairdot_bmm500,COMPLETED,COMPLETED,SCORED,SCORED,25.078882208094,25.158155374694616,True,False,-0.003160952946101858,max_epochs,500,501,501,501,20.73985821334645,0.04139692258152984,max_epochs,500,501,501,501,20.95042706327513,0.0418172196871759,0,0,0,same_count_not_identical_trajectory,0.03490086599749864,0.020726076051627018,,False,False
CSR_vs_elementwise,lfr_n5000_o00_m20_s12,5000,74,nocd_pairdot_elementwise500,nocd_pairdot_csr500,COMPLETED,COMPLETED,SCORED,SCORED,25.078882208094,20.258326499722898,True,False,0.1922157322791408,max_epochs,500,501,501,501,20.73985821334645,0.04139692258152984,max_epochs,500,501,501,501,15.79257374536246,0.03152210328415661,0,0,0,same_count_not_identical_trajectory,-0.0018378343850579681,-0.004110120156201158,,False,False
BMM_vs_elementwise,lfr_n5000_o00_m20_s12,5000,75,nocd_pairdot_elementwise500,nocd_pairdot_bmm500,COMPLETED,COMPLETED,SCORED,SCORED,24.658949041273445,25.936151292175055,True,False,-0.05179467497839685,max_epochs,500,501,501,501,20.413655107840896,0.040745818578524745,max_epochs,500,501,501,501,21.65395957790315,0.04322147620339951,0,0,0,same_count_not_identical_trajectory,0.02715400735823631,0.012233688681500321,,False,False
CSR_vs_elementwise,lfr_n5000_o00_m20_s12,5000,75,nocd_pairdot_elementwise500,nocd_pairdot_csr500,COMPLETED,COMPLETED,SCORED,SCORED,24.658949041273445,19.97856070799753,True,False,0.1898048584893871,max_epochs,500,501,501,501,20.413655107840896,0.040745818578524745,max_epochs,500,501,501,501,15.873404528014362,0.03168344217168535,0,0,0,same_count_not_identical_trajectory,0.017718264714943255,-0.0037625712112541176,,False,False
BMM_vs_elementwise,lfr_n5000_o00_m50_s11,5000,73,nocd_pairdot_elementwise500,nocd_pairdot_bmm500,COMPLETED,COMPLETED,SCORED,SCORED,23.41206270782277,24.284052208065987,True,False,-0.037245308588373716,max_epochs,500,501,501,501,19.4268973977305,0.03877624231083932,max_epochs,500,501,501,501,20.31395053770393,0.04054680746048689,0,0,0,same_count_not_identical_trajectory,-0.0010698732219920903,0.004174262795942518,,False,False
CSR_vs_elementwise,lfr_n5000_o00_m50_s11,5000,73,nocd_pairdot_elementwise500,nocd_pairdot_csr500,COMPLETED,COMPLETED,SCORED,SCORED,23.41206270782277,20.854688833002,True,False,0.10923317209321604,max_epochs,500,501,501,501,19.4268973977305,0.03877624231083932,max_epochs,500,501,501,501,16.566518714651465,0.033066903622058816,0,0,0,same_count_not_identical_trajectory,0.0027472591579918437,0.0064877245533178085,,False,False
BMM_vs_elementwise,lfr_n5000_o00_m50_s11,5000,74,nocd_pairdot_elementwise500,nocd_pairdot_bmm500,COMPLETED,COMPLETED,SCORED,SCORED,24.26574350008741,25.026448833290488,True,False,-0.03134893984189424,max_epochs,500,501,501,501,20.02527165878564,0.03997060211334459,max_epochs,500,501,501,501,20.680118210148066,0.04127768105817977,0,0,0,same_count_not_identical_trajectory,-0.013515205032432531,-0.005714742312545651,,False,False
CSR_vs_elementwise,lfr_n5000_o00_m50_s11,5000,74,nocd_pairdot_elementwise500,nocd_pairdot_csr500,COMPLETED,COMPLETED,SCORED,SCORED,24.26574350008741,20.532315084245056,True,False,0.15385592515757474,max_epochs,500,501,501,501,20.02527165878564,0.03997060211334459,max_epochs,500,501,501,501,16.346481119748205,0.03262770682584472,0,0,0,same_count_not_identical_trajectory,-0.005285035633988411,0.00021521458263118465,,False,False
BMM_vs_elementwise,lfr_n5000_o00_m50_s11,5000,75,nocd_pairdot_elementwise500,nocd_pairdot_bmm500,COMPLETED,COMPLETED,SCORED,SCORED,23.753538166638464,24.78440300002694,True,False,-0.043398369798917535,max_epochs,500,501,501,501,19.713899322319776,0.03934910044375205,max_epochs,500,501,501,501,20.468073000200093,0.04085443712614789,0,0,0,same_count_not_identical_trajectory,-0.0013774031041807189,-0.004524527832041603,,False,False
CSR_vs_elementwise,lfr_n5000_o00_m50_s11,5000,75,nocd_pairdot_elementwise500,nocd_pairdot_csr500,COMPLETED,COMPLETED,SCORED,SCORED,23.753538166638464,20.96864308277145,True,False,0.11724127430322617,max_epochs,500,501,501,501,19.713899322319776,0.03934910044375205,max_epochs,500,501,501,501,16.957548405509442,0.033847402007004875,0,0,0,same_count_not_identical_trajectory,0.0003100316507848033,-0.005032856053522661,,False,False
BMM_vs_elementwise,lfr_n5000_o00_m50_s12,5000,73,nocd_pairdot_elementwise500,nocd_pairdot_bmm500,COMPLETED,COMPLETED,SCORED,SCORED,24.668669458013028,25.911184917204082,True,False,-0.05036815874102407,max_epochs,500,501,501,501,20.553368856199086,0.04102468833572672,max_epochs,500,501,501,501,21.42945091612637,0.04277335512200872,0,0,0,same_count_not_identical_trajectory,0.000232885626801127,-0.004322674154410677,,False,False
CSR_vs_elementwise,lfr_n5000_o00_m50_s12,5000,73,nocd_pairdot_elementwise500,nocd_pairdot_csr500,COMPLETED,COMPLETED,SCORED,SCORED,24.668669458013028,19.506282625254244,True,False,0.20926896124435712,max_epochs,500,501,501,501,20.553368856199086,0.04102468833572672,max_epochs,500,501,501,501,15.611904395278543,0.031161485818919248,0,0,0,same_count_not_identical_trajectory,0.0008420106232069346,0.0010240151485813032,,False,False
BMM_vs_elementwise,lfr_n5000_o00_m50_s12,5000,74,nocd_pairdot_elementwise500,nocd_pairdot_bmm500,COMPLETED,COMPLETED,SCORED,SCORED,25.19126766687259,26.075138042215258,True,False,-0.03508637941650661,max_epochs,500,501,501,501,20.969102232716978,0.041854495474484985,max_epochs,500,501,501,501,21.461332199163735,0.04283699041749248,0,0,0,same_count_not_identical_trajectory,0.015447478619073474,0.023128696356395695,,False,False
CSR_vs_elementwise,lfr_n5000_o00_m50_s12,5000,74,nocd_pairdot_elementwise500,nocd_pairdot_csr500,COMPLETED,COMPLETED,SCORED,SCORED,25.19126766687259,19.787215916905552,True,False,0.21452083402192412,max_epochs,500,501,501,501,20.969102232716978,0.041854495474484985,max_epochs,500,501,501,501,15.791932495776564,0.0315208233448634,0,0,0,same_count_not_identical_trajectory,0.0030865228304434167,0.0033703578147791236,,False,False
BMM_vs_elementwise,lfr_n5000_o00_m50_s12,5000,75,nocd_pairdot_elementwise500,nocd_pairdot_bmm500,COMPLETED,COMPLETED,SCORED,SCORED,24.434830124955624,25.984079665970057,True,False,-0.06340332767168144,max_epochs,500,501,501,501,20.316668721847236,0.040552232977738994,max_epochs,500,501,501,501,21.762136528734118,0.04343739826094634,0,0,0,same_count_not_identical_trajectory,0.0061192499286546465,0.0070147889547188536,,False,False
CSR_vs_elementwise,lfr_n5000_o00_m50_s12,5000,75,nocd_pairdot_elementwise500,nocd_pairdot_csr500,COMPLETED,COMPLETED,SCORED,SCORED,24.434830124955624,19.648171083070338,True,False,0.19589491792687386,max_epochs,500,501,501,501,20.316668721847236,0.040552232977738994,max_epochs,500,501,501,501,15.740948194637895,0.03141905827273033,0,0,0,same_count_not_identical_trajectory,-0.006331031621732097,0.0012877321032032096,,False,False
BMM_vs_elementwise,lfr_n5000_o20_m20_s11,5000,73,nocd_pairdot_elementwise500,nocd_pairdot_bmm500,COMPLETED,COMPLETED,SCORED,SCORED,26.170098583213985,26.957484040874988,True,False,-0.03008721786650237,max_epochs,500,501,501,501,21.997653165832162,0.04390749134896639,max_epochs,500,501,501,501,22.80172640271485,0.045512427949530636,0,0,0,same_count_not_identical_trajectory,-0.009654185219079958,-0.003846688482495919,-0.03199999999999997,False,True
CSR_vs_elementwise,lfr_n5000_o20_m20_s11,5000,73,nocd_pairdot_elementwise500,nocd_pairdot_csr500,COMPLETED,COMPLETED,SCORED,SCORED,26.170098583213985,21.3546718750149,True,False,0.18400491281633125,max_epochs,500,501,501,501,21.997653165832162,0.04390749134896639,max_epochs,500,501,501,501,17.23867357475683,0.03440853008933499,0,0,0,same_count_not_identical_trajectory,-0.005169237407798566,0.0037769575638638697,-0.013000000000000012,False,True
BMM_vs_elementwise,lfr_n5000_o20_m20_s11,5000,74,nocd_pairdot_elementwise500,nocd_pairdot_bmm500,COMPLETED,COMPLETED,SCORED,SCORED,25.870530958287418,27.409588041715324,True,False,-0.05949074203035942,max_epochs,500,501,501,501,21.66817403025925,0.04324984836379092,max_epochs,500,501,501,501,23.13917570048943,0.046185979442094675,0,0,0,same_count_not_identical_trajectory,0.007348473781429055,0.010047966457699176,-0.006000000000000005,False,True
CSR_vs_elementwise,lfr_n5000_o20_m20_s11,5000,74,nocd_pairdot_elementwise500,nocd_pairdot_csr500,COMPLETED,COMPLETED,SCORED,SCORED,25.870530958287418,21.420206291601062,True,False,0.17202293504767552,max_epochs,500,501,501,501,21.66817403025925,0.04324984836379092,max_epochs,500,501,501,501,17.216508637182415,0.03436428869697089,0,0,0,same_count_not_identical_trajectory,-0.0008108142484514747,0.007664965101106591,0.010999999999999954,False,False
BMM_vs_elementwise,lfr_n5000_o20_m20_s11,5000,75,nocd_pairdot_elementwise500,nocd_pairdot_bmm500,COMPLETED,COMPLETED,SCORED,SCORED,27.03147679194808,27.0907001667656,True,False,-0.0021909041549355024,max_epochs,500,501,501,501,22.454675491899252,0.04481971156067715,max_epochs,500,501,501,501,22.840435998048633,0.04558969261087552,0,0,0,same_count_not_identical_trajectory,-0.018865013109842066,-0.015338266205120077,-0.0010000000000000009,False,True
CSR_vs_elementwise,lfr_n5000_o20_m20_s11,5000,75,nocd_pairdot_elementwise500,nocd_pairdot_csr500,COMPLETED,COMPLETED,SCORED,SCORED,27.03147679194808,21.47693629236892,True,False,0.20548416730356756,max_epochs,500,501,501,501,22.454675491899252,0.04481971156067715,max_epochs,500,501,501,501,17.239403939805925,0.03440998790380424,0,0,0,same_count_not_identical_trajectory,-0.02666454166907517,-0.016214383894883833,-0.0040000000000000036,False,True
BMM_vs_elementwise,lfr_n5000_o20_m20_s12,5000,73,nocd_pairdot_elementwise500,nocd_pairdot_bmm500,COMPLETED,COMPLETED,SCORED,SCORED,25.555246332660317,26.20137537503615,True,False,-0.025283616286259747,max_epochs,500,501,501,501,21.42613823665306,0.042766742987331456,max_epochs,500,501,501,501,22.14095967914909,0.04419353229371076,0,0,0,same_count_not_identical_trajectory,-0.004409132964677265,0.00135979182559276,-0.026000000000000023,False,True
CSR_vs_elementwise,lfr_n5000_o20_m20_s12,5000,73,nocd_pairdot_elementwise500,nocd_pairdot_csr500,COMPLETED,COMPLETED,SCORED,SCORED,25.555246332660317,21.763590042013675,True,False,0.14837095449167326,max_epochs,500,501,501,501,21.42613823665306,0.042766742987331456,max_epochs,500,501,501,501,17.225624992512167,0.03438248501499434,0,0,0,same_count_not_identical_trajectory,0.0053456901070894625,0.003917088600413565,-0.018000000000000016,False,True
BMM_vs_elementwise,lfr_n5000_o20_m20_s12,5000,74,nocd_pairdot_elementwise500,nocd_pairdot_bmm500,COMPLETED,COMPLETED,SCORED,SCORED,25.59680345794186,26.73169624991715,True,False,-0.04433728585837038,max_epochs,500,501,501,501,21.42957502696663,0.04277360284823679,max_epochs,500,501,501,501,22.551416873000562,0.04501280812974164,0,0,0,same_count_not_identical_trajectory,-0.0218228773125681,-0.0031384729507427656,-0.02300000000000002,False,True
CSR_vs_elementwise,lfr_n5000_o20_m20_s12,5000,74,nocd_pairdot_elementwise500,nocd_pairdot_csr500,COMPLETED,COMPLETED,SCORED,SCORED,25.59680345794186,21.762451665941626,True,False,0.1497980713998317,max_epochs,500,501,501,501,21.42957502696663,0.04277360284823679,max_epochs,500,501,501,501,17.119129437953234,0.03416991903783081,0,0,0,same_count_not_identical_trajectory,0.007286560605161696,0.005837006477220519,0.020000000000000018,False,False
BMM_vs_elementwise,lfr_n5000_o20_m20_s12,5000,75,nocd_pairdot_elementwise500,nocd_pairdot_bmm500,COMPLETED,COMPLETED,SCORED,SCORED,25.74351774994284,26.448894458822906,True,False,-0.027400167907574824,max_epochs,500,501,501,501,21.59535423386842,0.04310449946879924,max_epochs,500,501,501,501,22.283606321085244,0.044478256129910666,0,0,0,same_count_not_identical_trajectory,-0.004424742445939656,0.004416439312167786,0.035999999999999976,False,False
CSR_vs_elementwise,lfr_n5000_o20_m20_s12,5000,75,nocd_pairdot_elementwise500,nocd_pairdot_csr500,COMPLETED,COMPLETED,SCORED,SCORED,25.74351774994284,21.94013312505558,True,False,0.14774144939440936,max_epochs,500,501,501,501,21.59535423386842,0.04310449946879924,max_epochs,500,501,501,501,17.4513626024127,0.034833059086652095,0,0,0,same_count_not_identical_trajectory,-0.016958546270842756,-0.0110037596977417,0.0,False,False
BMM_vs_elementwise,lfr_n5000_o20_m50_s11,5000,73,nocd_pairdot_elementwise500,nocd_pairdot_bmm500,COMPLETED,COMPLETED,SCORED,SCORED,26.314951249863952,26.493079042062163,True,False,-0.006769071715423847,max_epochs,500,501,501,501,22.21639411849901,0.044344100036924176,max_epochs,500,501,501,501,22.41572127956897,0.044741958641854235,0,0,0,same_count_not_identical_trajectory,0.002427736965865679,0.007074117981383632,0.0020000000000000018,False,False
CSR_vs_elementwise,lfr_n5000_o20_m50_s11,5000,73,nocd_pairdot_elementwise500,nocd_pairdot_csr500,COMPLETED,COMPLETED,SCORED,SCORED,26.314951249863952,21.905008791014552,True,False,0.16758315137947288,max_epochs,500,501,501,501,22.21639411849901,0.044344100036924176,max_epochs,500,501,501,501,17.520491315051913,0.034971040549005815,0,0,0,same_count_not_identical_trajectory,-0.006191159221775433,-0.008454762647254532,-0.008000000000000007,False,True
BMM_vs_elementwise,lfr_n5000_o20_m50_s11,5000,74,nocd_pairdot_elementwise500,nocd_pairdot_bmm500,COMPLETED,COMPLETED,SCORED,SCORED,25.81799104111269,27.19302766630426,True,False,-0.05325885437801703,max_epochs,500,501,501,501,21.77101728739217,0.04345512432613208,max_epochs,500,501,501,501,23.138952441047877,0.04618553381446682,0,0,0,same_count_not_identical_trajectory,-0.0006364569864836245,0.0036650479184059948,0.0010000000000000009,False,False
CSR_vs_elementwise,lfr_n5000_o20_m50_s11,5000,74,nocd_pairdot_elementwise500,nocd_pairdot_csr500,COMPLETED,COMPLETED,SCORED,SCORED,25.81799104111269,21.493300625123084,True,False,0.16750685245428076,max_epochs,500,501,501,501,21.77101728739217,0.04345512432613208,max_epochs,500,501,501,501,17.32879182929173,0.03458840684489368,0,0,0,same_count_not_identical_trajectory,-0.008560933111626257,-0.010543052275529041,-0.00399999999999999,False,True
BMM_vs_elementwise,lfr_n5000_o20_m50_s11,5000,75,nocd_pairdot_elementwise500,nocd_pairdot_bmm500,COMPLETED,COMPLETED,SCORED,SCORED,26.17331675020978,27.06954333325848,True,False,-0.034241995067037845,max_epochs,500,501,501,501,22.062551657669246,0.044037029256824844,max_epochs,500,501,501,501,23.014525497332215,0.045937176641381666,0,0,0,same_count_not_identical_trajectory,0.0027255681044009994,-0.0016099308350913666,0.01100000000000001,False,False
CSR_vs_elementwise,lfr_n5000_o20_m50_s11,5000,75,nocd_pairdot_elementwise500,nocd_pairdot_csr500,COMPLETED,COMPLETED,SCORED,SCORED,26.17331675020978,22.052359624765813,True,False,0.15744879278286106,max_epochs,500,501,501,501,22.062551657669246,0.044037029256824844,max_epochs,500,501,501,501,17.63382473634556,0.03519725496276559,0,0,0,same_count_not_identical_trajectory,-0.0017483634285515026,0.0055170264840018746,-0.0020000000000000018,False,True
BMM_vs_elementwise,lfr_n5000_o20_m50_s12,5000,73,nocd_pairdot_elementwise500,nocd_pairdot_bmm500,COMPLETED,COMPLETED,SCORED,SCORED,25.89581866702065,26.706215541344136,True,False,-0.031294506836949676,max_epochs,500,501,501,501,21.828260941896588,0.04356938311755806,max_epochs,500,501,501,501,22.652436923701316,0.04521444495748766,0,0,0,same_count_not_identical_trajectory,-0.006461785528152353,-0.006813518990501366,-0.014000000000000012,False,True
CSR_vs_elementwise,lfr_n5000_o20_m50_s12,5000,73,nocd_pairdot_elementwise500,nocd_pairdot_csr500,COMPLETED,COMPLETED,SCORED,SCORED,25.89581866702065,20.5708218337968,True,False,0.20563153077703022,max_epochs,500,501,501,501,21.828260941896588,0.04356938311755806,max_epochs,500,501,501,501,16.564722284208983,0.03306331793255286,0,0,0,same_count_not_identical_trajectory,-0.012344407229162802,-0.007625886890075706,-0.007000000000000006,False,True
BMM_vs_elementwise,lfr_n5000_o20_m50_s12,5000,74,nocd_pairdot_elementwise500,nocd_pairdot_bmm500,COMPLETED,COMPLETED,SCORED,SCORED,25.592418833170086,26.75987929198891,True,False,-0.04561743328870849,max_epochs,500,501,501,501,21.55067303357646,0.04301531543628036,max_epochs,500,501,501,501,22.619794371072203,0.04514929016182077,0,0,0,same_count_not_identical_trajectory,-0.007163650797457843,-0.003450296486699811,0.01200000000000001,False,False
CSR_vs_elementwise,lfr_n5000_o20_m50_s12,5000,74,nocd_pairdot_elementwise500,nocd_pairdot_csr500,COMPLETED,COMPLETED,SCORED,SCORED,25.592418833170086,21.441471667028964,True,False,0.16219440581994227,max_epochs,500,501,501,501,21.55067303357646,0.04301531543628036,max_epochs,500,501,501,501,17.292326075956225,0.03451562091009227,0,0,0,same_count_not_identical_trajectory,-0.010418558743951867,-0.007677138575850895,0.0010000000000000009,False,False
BMM_vs_elementwise,lfr_n5000_o20_m50_s12,5000,75,nocd_pairdot_elementwise500,nocd_pairdot_bmm500,COMPLETED,COMPLETED,SCORED,SCORED,25.994744250085205,27.099191667046398,True,False,-0.04248733537578753,max_epochs,500,501,501,501,21.79093806631863,0.043494886359917426,max_epochs,500,501,501,501,23.000777632929385,0.045909735794270226,0,0,0,same_count_not_identical_trajectory,0.003910928108896317,0.001967868410239826,0.0050000000000000044,False,False
CSR_vs_elementwise,lfr_n5000_o20_m50_s12,5000,75,nocd_pairdot_elementwise500,nocd_pairdot_csr500,COMPLETED,COMPLETED,SCORED,SCORED,25.994744250085205,21.245951917022467,True,False,0.1826827872348532,max_epochs,500,501,501,501,21.79093806631863,0.043494886359917426,max_epochs,500,501,501,501,17.12395125068724,0.03417954341454539,0,0,0,same_count_not_identical_trajectory,-0.006264012655261275,-0.002507277130563701,0.008000000000000007,False,False
BMM_vs_elementwise,lfr_n5000_o40_m20_s11,5000,73,nocd_pairdot_elementwise500,nocd_pairdot_bmm500,COMPLETED,COMPLETED,SCORED,SCORED,28.355056500062346,29.632261957973242,True,False,-0.045043304988938715,max_epochs,500,501,501,501,24.09014895791188,0.04808412965651074,max_epochs,500,501,501,501,25.332454707007855,0.05056378185031508,0,0,0,same_count_not_identical_trajectory,-0.0106499861273463,-0.004384346614459855,-0.020999999999999963,False,True
CSR_vs_elementwise,lfr_n5000_o40_m20_s11,5000,73,nocd_pairdot_elementwise500,nocd_pairdot_csr500,COMPLETED,COMPLETED,SCORED,SCORED,28.355056500062346,22.903168791439384,True,False,0.1922721511279999,max_epochs,500,501,501,501,24.09014895791188,0.04808412965651074,max_epochs,500,501,501,501,18.32681111153215,0.03658046130046338,0,0,0,same_count_not_identical_trajectory,-0.005555507765315826,-0.008037992120950965,-0.025499999999999967,False,True
BMM_vs_elementwise,lfr_n5000_o40_m20_s11,5000,74,nocd_pairdot_elementwise500,nocd_pairdot_bmm500,COMPLETED,COMPLETED,SCORED,SCORED,28.033314584288746,29.571420417167246,True,False,-0.05486706997325719,max_epochs,500,501,501,501,23.811276719905436,0.047527498442925024,max_epochs,500,501,501,501,25.04074370022863,0.04998152435175376,0,0,0,same_count_not_identical_trajectory,0.023748532853225535,0.009850206491469338,0.008500000000000008,False,False
CSR_vs_elementwise,lfr_n5000_o40_m20_s11,5000,74,nocd_pairdot_elementwise500,nocd_pairdot_csr500,COMPLETED,COMPLETED,SCORED,SCORED,28.033314584288746,22.596195875201374,True,False,0.19395204561841584,max_epochs,500,501,501,501,23.811276719905436,0.047527498442925024,max_epochs,500,501,501,501,18.34373944764957,0.03661425039451011,0,0,0,same_count_not_identical_trajectory,0.019863181209881786,0.007161833362232639,-0.0005000000000000004,False,True
BMM_vs_elementwise,lfr_n5000_o40_m20_s11,5000,75,nocd_pairdot_elementwise500,nocd_pairdot_bmm500,COMPLETED,COMPLETED,SCORED,SCORED,28.755824541673064,30.176624749787152,True,False,-0.04940912774227901,max_epochs,500,501,501,501,24.356123700272292,0.04861501736581296,max_epochs,500,501,501,501,25.854544864501804,0.05160587797305749,0,0,0,same_count_not_identical_trajectory,0.003591016281006998,-0.0002094275648491517,-0.017999999999999988,False,True
CSR_vs_elementwise,lfr_n5000_o40_m20_s11,5000,75,nocd_pairdot_elementwise500,nocd_pairdot_csr500,COMPLETED,COMPLETED,SCORED,SCORED,28.755824541673064,24.02731587504968,True,False,0.16443655301105375,max_epochs,500,501,501,501,24.356123700272292,0.04861501736581296,max_epochs,500,501,501,501,19.575152029283345,0.039072159739088515,0,0,0,same_count_not_identical_trajectory,0.0022379556143726775,0.005613160503461334,-0.0010000000000000009,False,True
BMM_vs_elementwise,lfr_n5000_o40_m20_s12,5000,73,nocd_pairdot_elementwise500,nocd_pairdot_bmm500,COMPLETED,COMPLETED,SCORED,SCORED,28.12703441688791,29.14286783291027,True,False,-0.03611590902069772,max_epochs,500,501,501,501,23.881054155528545,0.047666774761534025,max_epochs,500,501,501,501,24.934982057660818,0.049770423268784066,0,0,0,same_count_not_identical_trajectory,0.004887472617914168,0.0005196455229353192,0.009000000000000008,False,False
CSR_vs_elementwise,lfr_n5000_o40_m20_s12,5000,73,nocd_pairdot_elementwise500,nocd_pairdot_csr500,COMPLETED,COMPLETED,SCORED,SCORED,28.12703441688791,22.622706667054445,True,False,0.1956952755221354,max_epochs,500,501,501,501,23.881054155528545,0.047666774761534025,max_epochs,500,501,501,501,18.380695902742445,0.036688015773937016,0,0,0,same_count_not_identical_trajectory,0.00022592153497508205,-0.000758258736371975,-0.0025000000000000022,False,True
BMM_vs_elementwise,lfr_n5000_o40_m20_s12,5000,74,nocd_pairdot_elementwise500,nocd_pairdot_bmm500,COMPLETED,COMPLETED,SCORED,SCORED,27.47907108394429,29.366416375152767,True,False,-0.06868300916879355,max_epochs,500,501,501,501,23.165108821820468,0.04623774215932229,max_epochs,500,501,501,501,25.037392193917185,0.04997483471839757,0,0,0,same_count_not_identical_trajectory,-0.004222172710516725,-0.0017442564036271313,0.023999999999999994,False,False
CSR_vs_elementwise,lfr_n5000_o40_m20_s12,5000,74,nocd_pairdot_elementwise500,nocd_pairdot_csr500,COMPLETED,COMPLETED,SCORED,SCORED,27.47907108394429,22.781866500154138,True,False,0.17093753167423031,max_epochs,500,501,501,501,23.165108821820468,0.04623774215932229,max_epochs,500,501,501,501,18.5077371946536,0.036941591206893415,0,0,0,same_count_not_identical_trajectory,-0.004575038367029882,-0.0011379906856071598,0.0030000000000000027,False,False
BMM_vs_elementwise,lfr_n5000_o40_m20_s12,5000,75,nocd_pairdot_elementwise500,nocd_pairdot_bmm500,COMPLETED,COMPLETED,SCORED,SCORED,28.639005500357598,29.073824166785926,True,False,-0.015182743214421368,max_epochs,500,501,501,501,24.29614796070382,0.048495305310786066,max_epochs,500,501,501,501,24.839017322286963,0.049578876890792344,0,0,0,same_count_not_identical_trajectory,0.007633351462211724,0.010983955396720979,0.018000000000000016,False,False
CSR_vs_elementwise,lfr_n5000_o40_m20_s12,5000,75,nocd_pairdot_elementwise500,nocd_pairdot_csr500,COMPLETED,COMPLETED,SCORED,SCORED,28.639005500357598,22.67568479059264,True,False,0.20822373562135377,max_epochs,500,501,501,501,24.29614796070382,0.048495305310786066,max_epochs,500,501,501,501,18.381439122371376,0.03668949924625025,0,0,0,same_count_not_identical_trajectory,0.0028004576474041643,0.0036450988053121636,0.0005000000000000004,False,False
BMM_vs_elementwise,lfr_n5000_o40_m50_s11,5000,73,nocd_pairdot_elementwise500,nocd_pairdot_bmm500,COMPLETED,COMPLETED,SCORED,SCORED,27.945540708955377,29.061441916041076,True,False,-0.03993127986706302,max_epochs,500,501,501,501,23.75470482930541,0.04741458049761559,max_epochs,500,501,501,501,24.909699022769928,0.049719958129281296,0,0,0,same_count_not_identical_trajectory,-0.00012642498302689598,-0.0002685516745725147,-0.0025000000000000022,False,True
CSR_vs_elementwise,lfr_n5000_o40_m50_s11,5000,73,nocd_pairdot_elementwise500,nocd_pairdot_csr500,COMPLETED,COMPLETED,SCORED,SCORED,27.945540708955377,22.76089037489146,True,False,0.18552692853792063,max_epochs,500,501,501,501,23.75470482930541,0.04741458049761559,max_epochs,500,501,501,501,18.587304271757603,0.03710040772805909,0,0,0,same_count_not_identical_trajectory,-0.0038310541560141187,4.455910779449512e-05,-0.0010000000000000009,False,True
BMM_vs_elementwise,lfr_n5000_o40_m50_s11,5000,74,nocd_pairdot_elementwise500,nocd_pairdot_bmm500,COMPLETED,COMPLETED,SCORED,SCORED,28.6701379166916,29.863051417283714,True,False,-0.04160822330392788,max_epochs,500,501,501,501,24.382624320685863,0.04866791281574025,max_epochs,500,501,501,501,25.526897153351456,0.050951890525651605,0,0,0,same_count_not_identical_trajectory,0.0029053993100193465,0.0090920676082627,0.0,False,False
CSR_vs_elementwise,lfr_n5000_o40_m50_s11,5000,74,nocd_pairdot_elementwise500,nocd_pairdot_csr500,COMPLETED,COMPLETED,SCORED,SCORED,28.6701379166916,22.67020154139027,True,False,0.20927476500935138,max_epochs,500,501,501,501,24.382624320685863,0.04866791281574025,max_epochs,500,501,501,501,18.37350831227377,0.03667366928597559,0,0,0,same_count_not_identical_trajectory,-0.0025089951533800725,0.004469426563306567,0.005999999999999998,False,False
BMM_vs_elementwise,lfr_n5000_o40_m50_s11,5000,75,nocd_pairdot_elementwise500,nocd_pairdot_bmm500,COMPLETED,COMPLETED,SCORED,SCORED,28.068024458829314,29.149345625191927,True,False,-0.03852501867200209,max_epochs,500,501,501,501,23.899087660945952,0.04770276978232725,max_epochs,500,501,501,501,25.026474732905626,0.049953043379053146,0,0,0,same_count_not_identical_trajectory,-0.004761683596504307,-0.003810786969402291,-0.0005000000000000004,False,True
CSR_vs_elementwise,lfr_n5000_o40_m50_s11,5000,75,nocd_pairdot_elementwise500,nocd_pairdot_csr500,COMPLETED,COMPLETED,SCORED,SCORED,28.068024458829314,23.39806591719389,True,False,0.16638002252297468,max_epochs,500,501,501,501,23.899087660945952,0.04770276978232725,max_epochs,500,501,501,501,19.13588887313381,0.03819538697232297,0,0,0,same_count_not_identical_trajectory,-0.009771805154975916,-0.011345987215927056,-0.004499999999999997,False,True
BMM_vs_elementwise,lfr_n5000_o40_m50_s12,5000,73,nocd_pairdot_elementwise500,nocd_pairdot_bmm500,COMPLETED,COMPLETED,SCORED,SCORED,28.321569541003555,29.377824084367603,True,False,-0.037295056752939315,max_epochs,500,501,501,501,24.011170528829098,0.0479264880814952,max_epochs,500,501,501,501,25.07311420654878,0.050046136140815926,0,0,0,same_count_not_identical_trajectory,-0.0008395113381271524,0.003587837352443446,0.0015000000000000013,False,False
CSR_vs_elementwise,lfr_n5000_o40_m50_s12,5000,73,nocd_pairdot_elementwise500,nocd_pairdot_csr500,COMPLETED,COMPLETED,SCORED,SCORED,28.321569541003555,22.575445749796927,True,False,0.2028886069639423,max_epochs,500,501,501,501,24.011170528829098,0.0479264880814952,max_epochs,500,501,501,501,18.40131857432425,0.036729178791066366,0,0,0,same_count_not_identical_trajectory,-0.0007244502048460166,-0.0011180083014734055,-0.0029999999999999957,False,True
BMM_vs_elementwise,lfr_n5000_o40_m50_s12,5000,74,nocd_pairdot_elementwise500,nocd_pairdot_bmm500,COMPLETED,COMPLETED,SCORED,SCORED,27.785452249925584,29.120269999839365,True,False,-0.048040166411808416,max_epochs,500,501,501,501,23.551409419160336,0.047008801235848975,max_epochs,500,501,501,501,24.757801694329828,0.049416769848961734,0,0,0,same_count_not_identical_trajectory,-0.0003813373155557298,-0.0011930109064908212,-0.0040000000000000036,False,True
CSR_vs_elementwise,lfr_n5000_o40_m50_s12,5000,74,nocd_pairdot_elementwise500,nocd_pairdot_csr500,COMPLETED,COMPLETED,SCORED,SCORED,27.785452249925584,22.592017584014684,True,False,0.18691200773688355,max_epochs,500,501,501,501,23.551409419160336,0.047008801235848975,max_epochs,500,501,501,501,18.366504575591534,0.03665968977163979,0,0,0,same_count_not_identical_trajectory,-0.003632076126631356,-0.0021963667265616493,-0.01100000000000001,False,True
BMM_vs_elementwise,lfr_n5000_o40_m50_s12,5000,75,nocd_pairdot_elementwise500,nocd_pairdot_bmm500,COMPLETED,COMPLETED,SCORED,SCORED,28.495178957935423,29.807087374851108,True,False,-0.04603966231804768,max_epochs,500,501,501,501,23.966251124162227,0.04783682859114217,max_epochs,500,501,501,501,25.248597027733922,0.05039640125296192,0,0,0,same_count_not_identical_trajectory,-0.0035628487170765444,-0.0032678914591318664,0.0030000000000000027,False,False
CSR_vs_elementwise,lfr_n5000_o40_m50_s12,5000,75,nocd_pairdot_elementwise500,nocd_pairdot_csr500,COMPLETED,COMPLETED,SCORED,SCORED,28.495178957935423,22.758012999780476,True,False,0.2013381269380392,max_epochs,500,501,501,501,23.966251124162227,0.04783682859114217,max_epochs,500,501,501,501,18.558577777352184,0.037043069415872626,0,0,0,same_count_not_identical_trajectory,-0.0023066310809571056,-0.0023859968187446845,0.004500000000000004,False,False
